"male","age","ed","agem","edm","agef","edf"
2,5,1,23,5,29,7
2,74,0,NA,NA,NA,NA
2,29,0,NA,NA,NA,NA
2,18,0,NA,NA,NA,NA
1,0,0,19,7,24,8
2,36,0,NA,NA,NA,NA
1,57,1,NA,NA,NA,NA
1,24,8,42,0,NA,NA
1,9,1,24,1,33,8
1,3,0,25,0,29,3
2,15,3,44,0,NA,NA
1,13,NA,NA,NA,NA,NA
1,27,8,NA,NA,NA,NA
2,14,2,29,0,31,6
1,6,0,39,0,43,0
1,33,8,NA,NA,NA,NA
2,37,6,NA,NA,NA,NA
1,41,4,NA,NA,NA,NA
1,5,0,27,2,33,8
2,33,0,59,0,62,6
1,15,5,36,0,NA,NA
2,5,NA,NA,NA,NA,NA
1,14,2,37,0,NA,NA
2,26,4,NA,NA,NA,NA
2,25,0,NA,NA,NA,NA
1,7,1,45,0,52,3
1,65,7,NA,NA,NA,NA
1,8,2,41,0,NA,NA
1,33,7,NA,NA,NA,NA
1,15,2,37,0,NA,NA
2,34,7,NA,NA,NA,NA
1,62,4,NA,NA,NA,NA
1,39,9,NA,NA,NA,NA
1,9,3,28,6,29,4
2,32,0,NA,NA,NA,NA
2,5,1,23,4,NA,NA
1,26,5,NA,NA,NA,NA
1,39,8,NA,NA,NA,NA
1,1,0,26,0,29,0
1,34,12,NA,NA,NA,NA
2,25,7,NA,NA,NA,NA
1,22,2,NA,NA,NA,NA
2,0,NA,33,0,38,0
2,12,1,36,5,NA,NA
2,17,5,35,3,NA,NA
1,6,0,28,0,32,7
2,25,0,NA,NA,NA,NA
2,4,0,32,6,NA,NA
2,41,0,67,0,NA,NA
2,4,0,24,10,29,13
2,36,4,67,0,NA,NA
1,33,8,NA,NA,NA,NA
1,16,7,34,5,51,8
2,11,1,47,2,52,0
2,14,7,44,0,47,9
2,12,5,39,5,NA,NA
1,6,2,29,8,NA,NA
1,7,NA,NA,NA,NA,NA
1,15,4,37,2,48,5
2,0,0,33,5,39,8
2,4,0,49,0,53,8
1,29,0,NA,NA,NA,NA
2,20,0,NA,NA,NA,NA
2,24,7,NA,NA,NA,NA
1,23,8,55,0,NA,NA
1,51,2,NA,NA,NA,NA
2,17,5,NA,NA,NA,NA
1,1,NA,18,8,49,8
2,21,4,NA,NA,NA,NA
1,2,0,25,6,29,7
2,1,0,30,4,NA,NA
2,55,1,NA,NA,NA,NA
2,47,0,NA,NA,NA,NA
2,18,4,49,1,79,0
1,11,2,52,2,48,8
2,3,NA,24,0,26,4
1,14,NA,NA,NA,NA,NA
2,32,0,NA,NA,NA,NA
2,54,0,NA,NA,NA,NA
1,10,4,26,6,32,4
2,24,1,42,0,42,NA
1,8,2,37,0,38,8
2,14,7,48,0,52,3
2,23,3,NA,NA,NA,NA
2,22,0,59,0,NA,NA
1,22,8,NA,NA,NA,NA
1,5,0,24,5,31,6
1,4,0,34,0,40,5
1,48,4,NA,NA,NA,NA
2,11,2,45,0,55,5
2,13,2,29,0,34,0
1,20,12,44,0,47,9
2,0,0,21,5,23,2
1,38,12,NA,NA,NA,NA
1,22,14,56,6,NA,NA
2,33,0,NA,NA,NA,NA
1,23,7,59,0,NA,NA
1,2,0,49,0,NA,NA
2,1,0,27,4,31,3
1,10,1,30,0,34,8
1,61,6,NA,NA,NA,NA
2,47,2,NA,NA,NA,NA
1,19,3,54,1,75,6
1,37,0,NA,NA,NA,NA
1,16,8,30,0,32,0
1,31,7,NA,NA,NA,NA
2,41,0,NA,NA,NA,NA
2,17,0,NA,NA,NA,NA
2,57,0,NA,NA,NA,NA
2,31,0,NA,NA,NA,NA
2,3,0,23,4,29,3
1,27,10,NA,NA,NA,NA
1,37,8,NA,NA,NA,NA
1,8,1,29,0,34,8
2,1,0,22,0,30,6
2,0,0,24,0,30,3
2,27,7,57,0,NA,NA
1,10,NA,NA,NA,NA,NA
1,45,7,NA,NA,NA,NA
2,31,0,NA,NA,NA,NA
1,18,0,32,0,33,4
1,4,0,24,0,NA,NA
2,5,0,37,0,40,7
2,24,0,NA,NA,NA,NA
2,46,0,NA,NA,NA,NA
1,8,1,54,1,75,6
2,20,4,NA,NA,NA,NA
2,9,0,27,0,36,3
2,44,5,NA,NA,NA,NA
2,14,8,44,0,57,4
2,24,3,47,0,NA,NA
2,3,0,38,0,49,4
2,37,0,NA,NA,NA,NA
1,2,0,23,6,27,0
1,7,0,31,0,39,8
2,45,0,NA,NA,NA,NA
1,61,6,NA,NA,NA,NA
2,0,0,37,0,40,5
1,15,3,47,0,NA,NA
1,40,8,NA,NA,NA,NA
2,1,0,20,4,28,8
1,17,0,44,0,49,0
2,23,0,NA,NA,NA,NA
2,38,0,NA,NA,NA,NA
2,32,0,-2,0,NA,NA
1,35,6,NA,NA,NA,NA
1,0,0,23,0,31,0
2,28,0,NA,NA,NA,NA
2,4,0,33,0,33,12
2,24,7,NA,NA,NA,NA
2,4,1,55,0,NA,NA
1,21,3,NA,NA,NA,NA
2,1,0,35,5,36,3
1,15,1,36,0,40,8
1,27,0,NA,NA,NA,NA
2,10,1,32,0,NA,NA
2,0,0,45,1,48,4
1,52,0,NA,NA,NA,NA
2,39,0,NA,NA,NA,NA
2,26,0,NA,NA,NA,NA
2,25,2,NA,NA,NA,NA
2,24,0,NA,NA,NA,NA
1,25,8,NA,NA,NA,NA
2,6,0,35,0,37,0
2,41,0,NA,NA,NA,NA
1,32,4,NA,NA,NA,NA
2,34,0,NA,NA,NA,NA
1,21,8,54,1,75,6
2,23,3,NA,NA,NA,NA
1,0,0,19,4,22,0
1,7,1,28,10,32,8
1,5,0,21,0,NA,NA
2,2,0,33,0,41,8
1,1,0,22,0,25,5
2,25,3,47,0,NA,NA
2,2,0,25,8,28,14
1,34,8,NA,NA,NA,NA
2,3,0,32,0,39,0
1,27,5,NA,NA,NA,NA
2,16,3,47,0,NA,NA
2,34,4,NA,NA,NA,NA
2,21,6,NA,NA,NA,NA
2,2,0,31,3,32,9
1,9,4,32,0,NA,NA
2,14,6,41,0,NA,NA
1,16,4,39,0,NA,NA
1,47,7,NA,NA,NA,NA
1,9,2,24,2,NA,NA
1,18,11,35,0,37,12
2,22,0,37,0,NA,NA
2,17,3,53,2,NA,NA
1,5,0,27,0,36,3
1,23,16,51,7,57,8
1,15,10,44,9,NA,NA
1,63,0,NA,NA,NA,NA
2,6,0,46,4,53,6
2,55,0,NA,NA,NA,NA
1,0,0,30,0,34,8
2,27,5,NA,NA,NA,NA
2,25,2,NA,NA,NA,NA
2,57,0,NA,NA,NA,NA
2,30,4,NA,NA,NA,NA
2,51,0,NA,NA,NA,NA
1,52,0,NA,NA,NA,NA
2,32,3,NA,NA,NA,NA
2,1,0,26,7,NA,NA
1,30,7,NA,NA,NA,NA
1,27,0,NA,NA,NA,NA
2,18,NA,NA,NA,NA,NA
2,4,1,22,3,35,2
2,15,5,31,0,39,8
2,39,0,NA,NA,NA,NA
1,13,3,37,2,48,5
1,12,2,31,3,33,8
1,38,6,NA,NA,NA,NA
1,48,8,NA,NA,NA,NA
2,7,0,29,0,33,8
1,30,7,NA,NA,NA,NA
1,23,3,41,0,42,5
1,13,5,35,2,41,4
1,24,8,57,0,NA,NA
2,1,0,22,0,29,0
1,33,8,59,0,60,NA
2,8,1,26,5,NA,NA
1,22,7,NA,NA,NA,NA
1,47,0,NA,NA,NA,NA
2,48,3,NA,NA,NA,NA
2,32,6,NA,NA,NA,NA
1,9,2,34,16,NA,NA
2,4,0,24,9,27,0
2,0,0,21,5,34,0
1,30,0,NA,NA,NA,NA
1,27,0,NA,NA,NA,NA
2,11,5,26,0,NA,NA
1,7,0,31,6,39,9
1,7,2,27,6,31,8
2,11,2,34,0,41,0
2,10,3,32,0,35,8
1,23,2,59,0,62,6
2,15,7,31,8,NA,NA
2,6,NA,NA,NA,NA,NA
1,25,1,NA,NA,NA,NA
1,65,4,NA,NA,NA,NA
2,31,9,NA,NA,NA,NA
1,23,0,46,0,50,5
2,12,3,30,0,34,7
2,11,3,37,0,38,8
2,8,0,49,0,53,8
2,11,2,47,6,48,14
1,7,NA,NA,NA,NA,NA
1,37,0,NA,NA,NA,NA
2,8,2,58,0,NA,NA
2,16,3,46,0,52,6
1,9,1,28,0,NA,NA
1,9,1,35,0,37,0
1,2,0,32,2,48,4
1,37,0,NA,NA,NA,NA
2,55,0,NA,NA,NA,NA
2,35,8,74,4,NA,NA
2,5,0,27,1,NA,NA
2,9,2,41,0,42,5
2,1,0,23,0,27,7
1,28,0,NA,NA,NA,NA
2,49,4,NA,NA,NA,NA
2,35,0,NA,NA,NA,NA
2,26,5,NA,NA,NA,NA
1,4,0,34,0,35,0
1,16,3,41,0,49,4
2,2,0,22,1,NA,NA
2,44,0,74,0,NA,NA
2,21,1,NA,NA,NA,NA
1,10,4,27,2,NA,NA
2,5,NA,NA,NA,NA,NA
1,30,8,NA,NA,NA,NA
2,4,0,28,4,35,9
2,32,0,NA,NA,NA,NA
2,24,5,NA,NA,NA,NA
1,28,14,NA,NA,NA,NA
1,9,1,33,8,37,8
1,10,1,36,2,39,8
2,1,0,21,0,NA,NA
1,25,8,NA,NA,NA,NA
1,27,14,59,3,NA,NA
2,55,0,NA,NA,NA,NA
1,2,NA,NA,NA,NA,NA
2,9,1,24,0,30,8
1,49,0,NA,NA,NA,NA
1,46,0,NA,NA,NA,NA
1,4,0,29,4,32,8
1,5,0,26,3,30,2
1,27,6,NA,NA,NA,NA
2,9,1,47,6,48,14
1,9,2,38,0,NA,NA
2,2,0,38,0,65,0
2,21,4,NA,NA,NA,NA
2,41,0,NA,NA,NA,NA
1,18,NA,NA,NA,NA,NA
2,57,1,NA,NA,NA,NA
2,43,0,NA,NA,NA,NA
2,21,6,NA,NA,NA,NA
2,27,0,59,0,69,0
1,7,1,23,0,NA,NA
2,47,4,NA,NA,NA,NA
1,4,0,39,0,45,8
2,34,0,NA,NA,NA,NA
1,30,8,NA,NA,NA,NA
2,6,0,24,0,NA,NA
2,6,0,28,3,36,7
2,20,6,NA,NA,NA,NA
1,26,8,NA,NA,NA,NA
2,10,2,31,2,47,3
2,12,3,38,0,NA,NA
2,31,0,NA,NA,NA,NA
1,1,0,34,0,37,5
1,5,0,27,0,30,8
2,14,5,49,0,51,2
1,11,2,37,4,40,7
1,13,0,33,0,NA,NA
1,6,0,29,0,34,0
2,67,0,NA,NA,NA,NA
1,1,NA,22,0,27,0
2,3,0,27,0,28,0
2,30,0,NA,NA,NA,NA
1,39,8,NA,NA,NA,NA
2,22,1,NA,NA,NA,NA
1,16,2,52,0,NA,NA
2,6,0,40,0,NA,NA
1,43,2,62,0,NA,NA
2,7,NA,NA,NA,NA,NA
1,65,0,NA,NA,NA,NA
1,1,0,17,1,23,0
2,12,2,33,0,NA,NA
2,1,0,45,3,48,3
1,14,6,35,6,39,8
2,58,2,NA,NA,NA,NA
1,49,8,74,0,NA,NA
2,9,1,29,2,33,7
2,5,0,32,0,35,8
2,11,3,31,3,NA,NA
1,3,0,23,5,29,0
2,18,3,NA,NA,NA,NA
2,21,12,NA,NA,NA,NA
2,25,8,NA,NA,NA,NA
2,59,0,NA,NA,NA,NA
2,33,0,NA,NA,NA,NA
2,3,0,37,0,40,6
1,22,2,59,0,62,6
1,30,5,NA,NA,NA,NA
1,16,6,38,4,62,3
1,7,1,38,4,NA,NA
1,38,0,NA,NA,NA,NA
2,5,NA,40,0,42,NA
2,3,0,24,0,NA,NA
1,-2,NA,NA,NA,NA,NA
1,1,1,32,7,37,8
1,4,0,23,2,29,8
1,16,3,39,0,43,0
1,2,1,30,0,44,7
1,11,0,46,4,53,6
2,11,3,32,7,37,8
1,28,9,NA,NA,NA,NA
2,22,5,NA,NA,NA,NA
2,4,0,31,7,NA,NA
1,23,0,53,0,56,8
1,30,0,NA,NA,NA,NA
1,12,1,35,0,39,8
1,34,0,NA,NA,NA,NA
1,4,0,34,2,37,0
2,26,0,NA,NA,NA,NA
2,21,7,NA,NA,NA,NA
2,15,2,37,0,39,0
2,14,3,38,0,NA,NA
1,5,0,37,2,48,5
1,35,6,NA,NA,NA,NA
1,37,8,NA,NA,NA,NA
2,61,0,NA,NA,NA,NA
2,47,4,NA,NA,NA,NA
2,29,0,NA,NA,NA,NA
1,11,4,40,0,61,8
2,41,8,NA,NA,NA,NA
1,13,4,40,6,49,3
2,8,1,40,0,NA,NA
1,27,14,NA,NA,NA,NA
1,5,0,34,4,39,6
2,45,5,NA,NA,NA,NA
2,14,5,42,0,NA,NA
2,20,3,NA,NA,NA,NA
1,8,1,31,0,32,0
2,47,0,NA,NA,NA,NA
1,16,0,51,0,60,0
2,10,3,37,0,NA,NA
2,27,1,NA,NA,NA,NA
2,0,0,20,4,25,2
1,16,3,40,6,49,3
2,4,0,26,0,37,4
1,15,6,37,4,39,3
1,65,0,NA,NA,NA,NA
2,12,NA,NA,NA,NA,NA
2,45,0,NA,NA,NA,NA
1,4,0,23,0,31,0
1,20,5,48,3,NA,NA
1,11,3,31,6,41,6
2,26,NA,NA,NA,NA,NA
1,25,NA,NA,NA,NA,NA
2,23,8,NA,NA,NA,NA
1,28,7,47,0,NA,NA
1,31,8,NA,NA,NA,NA
2,37,0,NA,NA,NA,NA
1,14,3,41,0,40,4
1,3,NA,NA,NA,NA,NA
2,20,12,49,0,51,5
1,16,1,45,3,55,4
1,57,6,NA,NA,NA,NA
1,36,0,NA,NA,NA,NA
2,19,2,NA,NA,NA,NA
2,47,0,NA,NA,NA,NA
2,24,0,55,0,NA,NA
1,52,3,NA,NA,NA,NA
1,27,8,NA,NA,NA,NA
2,54,0,NA,NA,NA,NA
1,13,4,34,0,40,5
2,5,0,22,0,25,5
1,15,0,36,0,NA,NA
1,25,0,59,0,69,0
2,15,1,45,0,47,5
1,5,0,28,6,NA,NA
2,7,2,23,6,26,3
1,40,5,NA,NA,NA,NA
1,0,0,39,0,45,8
2,5,0,29,8,NA,NA
1,17,7,35,3,NA,NA
2,3,0,24,5,31,6
2,17,NA,NA,NA,NA,NA
2,52,8,77,0,79,0
2,1,NA,NA,NA,NA,NA
1,30,12,NA,NA,NA,NA
2,33,0,NA,NA,NA,NA
1,20,12,31,8,NA,NA
2,11,0,36,0,40,8
1,0,0,34,6,28,12
2,3,0,22,1,28,0
2,13,8,27,0,30,7
2,38,0,NA,NA,NA,NA
2,28,4,NA,NA,NA,NA
1,17,7,44,5,50,7
1,20,7,59,0,NA,NA
2,5,0,45,0,NA,NA
1,6,0,29,0,33,0
1,8,2,35,8,38,6
1,27,8,NA,NA,NA,NA
2,33,0,NA,NA,NA,NA
2,26,5,NA,NA,NA,NA
2,7,2,29,0,NA,NA
2,79,0,NA,NA,NA,NA
2,21,5,45,0,NA,NA
2,20,0,NA,NA,NA,NA
2,14,4,42,4,47,7
2,8,0,28,0,33,7
2,33,2,67,2,NA,NA
2,35,0,NA,NA,NA,NA
2,34,2,NA,NA,NA,NA
1,8,0,36,8,39,7
1,59,0,NA,NA,NA,NA
1,17,4,40,0,NA,NA
1,49,8,NA,NA,NA,NA
2,11,1,33,0,NA,NA
1,5,0,34,3,38,6
1,9,2,29,0,NA,NA
1,39,10,NA,NA,NA,NA
1,23,NA,61,0,NA,NA
2,20,4,62,0,NA,NA
2,17,7,51,3,NA,NA
1,3,0,23,0,29,6
1,2,NA,25,3,30,7
1,7,0,29,2,33,7
2,12,4,31,0,41,8
1,17,8,33,0,37,6
2,36,0,NA,NA,NA,NA
2,29,6,74,4,NA,NA
1,9,0,33,0,41,8
2,0,0,24,0,28,0
2,9,0,25,0,41,12
1,2,0,28,7,32,11
1,12,3,32,2,48,4
2,3,0,41,0,49,4
2,2,0,31,8,44,8
1,15,8,49,4,55,8
2,8,2,35,8,39,12
2,29,0,NA,NA,NA,NA
1,4,0,37,8,43,9
2,57,0,NA,NA,NA,NA
2,0,0,19,0,25,0
2,19,4,41,0,43,0
2,1,0,31,2,47,3
1,18,9,48,7,55,9
2,0,0,37,0,47,6
1,23,6,NA,NA,NA,NA
2,10,2,33,0,41,8
2,51,0,NA,NA,NA,NA
1,55,0,NA,NA,NA,NA
2,12,NA,NA,NA,NA,NA
2,37,2,NA,NA,NA,NA
1,9,1,30,0,33,5
1,9,1,26,4,NA,NA
1,3,0,26,7,NA,NA
2,8,3,32,5,NA,NA
2,12,4,32,6,NA,NA
2,5,1,36,5,38,2
1,24,9,47,0,49,0
1,8,NA,NA,NA,NA,NA
1,29,8,NA,NA,NA,NA
1,31,6,NA,NA,NA,NA
1,27,7,57,1,67,0
1,30,0,NA,NA,NA,NA
1,9,2,34,5,51,8
1,0,0,23,7,27,6
1,3,0,19,0,26,2
2,9,0,32,7,37,0
2,48,0,NA,NA,NA,NA
2,52,0,NA,NA,NA,NA
2,17,NA,NA,NA,NA,NA
2,17,2,49,0,NA,NA
1,13,3,40,0,63,6
1,18,6,55,0,NA,NA
2,11,0,32,0,NA,NA
2,10,1,30,3,39,4
1,12,5,35,0,37,12
2,4,0,24,5,30,6
2,45,0,NA,NA,NA,NA
2,13,NA,NA,NA,NA,NA
1,32,0,NA,NA,NA,NA
1,2,0,23,0,31,0
1,1,0,21,1,29,0
1,59,0,NA,NA,NA,NA
2,11,6,40,5,43,8
1,39,8,NA,NA,NA,NA
1,67,6,NA,NA,NA,NA
1,2,0,20,4,25,2
2,68,0,NA,NA,NA,NA
1,14,4,34,2,37,0
1,1,0,18,3,29,8
2,19,4,53,0,63,5
2,5,0,27,5,33,7
1,11,3,36,3,NA,NA
1,25,0,NA,NA,NA,NA
1,3,0,20,4,23,8
2,35,6,NA,NA,NA,NA
1,15,5,48,5,56,3
1,12,0,39,0,NA,NA
1,57,0,NA,NA,NA,NA
2,34,3,NA,NA,NA,NA
1,4,0,23,7,29,4
1,2,0,53,0,NA,NA
2,61,0,NA,NA,NA,NA
2,23,2,NA,NA,NA,NA
2,37,1,NA,NA,NA,NA
1,27,5,NA,NA,NA,NA
2,17,4,37,0,39,0
2,45,2,NA,NA,NA,NA
2,48,0,NA,NA,NA,NA
1,18,7,-2,4,NA,NA
2,23,4,NA,NA,NA,NA
1,21,7,39,3,40,0
2,14,3,45,2,NA,NA
2,0,0,25,0,34,5
1,20,12,34,8,38,8
1,0,0,21,6,28,7
2,5,0,25,0,NA,NA
1,1,0,31,6,39,9
2,56,6,NA,NA,NA,NA
1,5,0,33,0,36,8
2,30,0,NA,NA,NA,NA
2,32,0,NA,NA,NA,NA
1,48,8,NA,NA,NA,NA
2,11,2,37,2,48,5
2,39,8,77,0,79,0
1,12,1,35,0,39,8
1,9,2,35,0,37,8
2,40,0,NA,NA,NA,NA
2,79,0,NA,NA,NA,NA
2,4,0,42,4,47,7
2,32,0,NA,NA,NA,NA
2,50,0,NA,NA,NA,NA
1,48,0,NA,NA,NA,NA
2,41,0,NA,NA,NA,NA
2,21,7,NA,NA,NA,NA
2,8,2,45,3,48,3
1,35,7,NA,NA,NA,NA
2,3,NA,NA,NA,NA,NA
1,11,0,31,8,NA,NA
2,7,0,35,0,37,12
1,3,0,26,0,NA,NA
2,11,3,47,6,52,6
2,11,2,25,0,36,7
2,7,0,24,0,NA,NA
1,17,6,34,3,38,6
1,23,2,49,0,NA,NA
2,4,NA,NA,NA,NA,NA
2,35,0,NA,NA,NA,NA
2,54,0,NA,NA,NA,NA
1,15,0,38,0,45,8
1,9,0,30,0,35,5
2,4,0,28,0,30,7
2,3,0,29,0,NA,NA
2,13,3,35,0,38,8
2,27,4,NA,NA,NA,NA
1,0,0,34,1,43,1
2,26,0,53,0,NA,NA
1,24,0,61,0,NA,NA
2,25,0,NA,NA,NA,NA
1,5,0,44,0,NA,NA
2,12,0,45,0,48,0
1,45,0,NA,NA,NA,NA
1,10,0,31,0,43,8
2,21,0,NA,NA,NA,NA
2,27,6,NA,NA,NA,NA
1,47,6,NA,NA,NA,NA
2,34,0,NA,NA,NA,NA
1,26,5,NA,NA,NA,NA
2,12,2,36,2,39,8
2,12,2,30,0,37,0
1,2,0,32,5,NA,NA
1,21,6,45,0,NA,NA
2,8,1,35,0,39,8
2,16,7,41,0,NA,NA
2,18,0,40,0,48,8
2,41,6,NA,NA,NA,NA
2,2,0,33,8,37,8
2,35,0,NA,NA,NA,NA
1,17,1,55,0,NA,NA
2,1,0,24,3,30,8
2,1,0,21,4,25,7
1,18,NA,NA,NA,NA,NA
2,23,0,NA,NA,NA,NA
2,21,6,NA,NA,NA,NA
2,9,0,33,12,NA,NA
1,4,0,25,7,29,8
1,30,6,NA,NA,NA,NA
1,10,3,29,5,33,8
1,5,0,24,5,30,6
2,7,1,29,0,38,7
2,53,0,NA,NA,NA,NA
2,35,0,NA,NA,NA,NA
2,51,3,NA,NA,NA,NA
2,5,0,23,8,27,8
1,13,4,39,4,NA,NA
1,4,0,35,0,37,0
1,39,7,NA,NA,NA,NA
2,29,2,NA,NA,NA,NA
2,20,0,40,0,42,NA
1,26,4,NA,NA,NA,NA
2,17,0,37,0,NA,NA
2,1,0,24,0,28,5
2,11,2,36,8,39,7
2,26,4,NA,NA,NA,NA
2,13,3,34,0,37,6
2,43,0,59,0,60,NA
1,30,7,NA,NA,NA,NA
1,8,NA,24,0,26,4
1,20,4,59,3,NA,NA
1,5,0,26,4,NA,NA
1,29,0,NA,NA,NA,NA
2,13,NA,NA,NA,NA,NA
1,21,4,49,5,NA,NA
1,28,6,61,0,NA,NA
1,19,7,35,0,NA,NA
1,13,NA,NA,NA,NA,NA
2,30,0,NA,NA,NA,NA
1,14,0,36,0,NA,NA
2,9,1,53,2,62,0
2,29,0,NA,NA,NA,NA
1,30,7,NA,NA,NA,NA
2,12,4,27,5,33,8
2,53,4,NA,NA,NA,NA
2,34,0,NA,NA,NA,NA
2,10,2,29,4,33,12
1,34,4,NA,NA,NA,NA
1,4,0,25,8,NA,NA
1,16,NA,NA,NA,NA,NA
2,0,0,27,6,31,0
2,16,0,40,0,48,8
2,27,3,NA,NA,NA,NA
2,49,4,NA,NA,NA,NA
1,26,7,NA,NA,NA,NA
1,21,4,40,8,47,8
1,27,11,NA,NA,NA,NA
2,9,1,30,2,39,7
2,8,0,31,0,36,0
2,21,0,NA,NA,NA,NA
1,6,1,25,7,NA,NA
2,66,0,NA,NA,NA,NA
2,66,0,NA,NA,NA,NA
1,10,1,32,0,NA,NA
2,0,0,20,6,NA,NA
1,0,0,21,0,NA,NA
1,28,4,NA,NA,NA,NA
2,39,0,NA,NA,NA,NA
1,21,1,53,3,57,5
1,5,0,28,10,32,8
2,2,0,24,0,28,0
2,18,8,63,3,73,8
1,25,0,NA,NA,NA,NA
2,0,0,22,2,27,4
2,1,0,29,0,NA,NA
2,10,3,33,0,NA,NA
1,6,0,29,0,34,8
1,1,0,31,0,34,8
2,7,0,25,0,30,6
2,15,4,43,0,50,5
2,1,0,36,0,NA,NA
2,13,4,30,0,34,8
1,29,7,NA,NA,NA,NA
1,22,4,53,2,62,0
1,9,2,28,10,32,8
2,1,0,23,2,NA,NA
2,18,4,44,7,46,11
1,49,0,NA,NA,NA,NA
2,20,6,NA,NA,NA,NA
1,67,5,NA,NA,NA,NA
1,8,0,45,0,48,0
2,24,0,NA,NA,NA,NA
2,39,0,NA,NA,NA,NA
1,12,0,34,1,43,1
2,52,0,NA,NA,NA,NA
1,29,8,NA,NA,NA,NA
2,6,1,50,3,51,5
1,10,NA,33,6,39,0
1,18,4,50,3,NA,NA
2,55,0,NA,NA,NA,NA
1,28,8,NA,NA,NA,NA
2,43,9,NA,NA,NA,NA
2,5,0,25,2,28,6
2,49,1,NA,NA,NA,NA
1,36,3,NA,NA,NA,NA
1,15,6,33,0,41,8
2,7,1,33,8,37,8
2,5,0,30,0,33,5
1,38,6,NA,NA,NA,NA
2,87,4,NA,NA,NA,NA
2,26,7,NA,NA,NA,NA
1,14,2,58,0,63,4
1,10,0,25,5,30,6
2,29,3,NA,NA,NA,NA
2,2,0,22,3,39,10
1,14,NA,33,0,38,0
2,31,8,NA,NA,NA,NA
1,3,0,25,0,36,7
2,37,0,77,0,79,0
2,36,5,NA,NA,NA,NA
2,3,0,24,0,NA,NA
2,59,3,NA,NA,NA,NA
1,15,5,41,0,45,8
1,19,0,35,0,NA,NA
1,12,0,33,0,36,0
2,67,0,NA,NA,NA,NA
2,11,4,28,7,32,11
2,42,2,NA,NA,NA,NA
1,33,4,NA,NA,NA,NA
1,30,0,NA,NA,NA,NA
1,8,1,35,0,38,8
1,3,0,32,0,NA,NA
1,17,7,34,4,39,6
1,29,NA,NA,NA,NA,NA
1,33,8,NA,NA,NA,NA
2,31,0,NA,NA,NA,NA
2,35,0,NA,NA,NA,NA
2,4,0,30,0,37,0
1,15,NA,NA,NA,NA,NA
2,18,7,NA,NA,NA,NA
2,13,0,34,3,38,6
1,3,NA,NA,NA,NA,NA
1,19,4,49,0,NA,NA
2,8,2,27,0,NA,NA
1,18,NA,NA,NA,NA,NA
2,38,0,NA,NA,NA,NA
1,0,0,25,3,NA,NA
2,27,2,NA,NA,NA,NA
2,13,4,24,1,33,8
2,9,2,32,7,35,6
2,47,0,NA,NA,NA,NA
1,16,7,37,8,51,9
1,0,0,20,4,23,7
1,25,3,45,0,47,5
2,10,3,37,8,41,8
1,4,0,37,4,40,7
2,6,1,27,0,30,7
1,3,0,32,0,37,0
2,16,8,37,0,47,6
1,12,1,41,0,43,0
2,46,0,NA,NA,NA,NA
1,27,0,57,0,NA,NA
2,8,1,30,0,33,5
1,12,0,29,6,33,5
1,44,0,NA,NA,NA,NA
1,15,NA,NA,NA,NA,NA
2,10,0,35,8,38,12
2,61,0,NA,NA,NA,NA
1,8,2,27,5,33,8
2,9,1,32,2,37,6
1,31,8,NA,NA,NA,NA
2,13,3,35,0,NA,NA
2,11,3,32,6,NA,NA
1,23,6,45,0,NA,NA
2,21,0,37,0,NA,NA
1,12,1,31,0,36,0
2,21,0,47,2,NA,NA
1,10,0,41,0,40,4
1,22,8,41,6,50,8
1,27,5,NA,NA,NA,NA
1,20,7,38,0,NA,NA
1,10,3,31,9,NA,NA
1,15,5,37,0,NA,NA
1,7,0,27,1,NA,NA
1,3,0,21,4,27,8
1,19,0,51,0,NA,NA
2,32,7,NA,NA,NA,NA
1,10,0,37,0,NA,NA
1,22,6,52,0,NA,NA
2,4,0,31,5,37,6
1,20,5,40,0,NA,NA
2,15,0,50,3,NA,NA
2,21,5,NA,NA,NA,NA
2,24,1,NA,NA,NA,NA
1,14,NA,NA,NA,NA,NA
2,41,0,NA,NA,NA,NA
1,70,2,NA,NA,NA,NA
1,2,0,19,5,24,4
1,28,3,NA,NA,NA,NA
1,22,12,57,0,NA,NA
2,13,3,34,3,37,8
1,1,0,19,3,28,3
2,14,2,34,0,38,3
1,0,0,17,0,27,8
1,3,0,21,0,NA,NA
1,21,5,41,0,NA,NA
1,4,0,25,5,27,0
1,22,4,45,3,55,4
2,39,0,NA,NA,NA,NA
1,1,0,21,4,27,8
2,14,3,36,0,NA,NA
1,31,6,NA,NA,NA,NA
1,2,0,21,3,27,6
1,29,8,NA,NA,NA,NA
1,16,8,41,0,45,7
1,37,8,NA,NA,NA,NA
2,21,2,NA,NA,NA,NA
1,61,8,NA,NA,NA,NA
2,6,3,49,0,51,5
2,37,8,NA,NA,NA,NA
2,17,4,47,0,NA,NA
1,49,5,NA,NA,NA,NA
1,18,1,55,4,75,5
2,53,0,NA,NA,NA,NA
2,12,0,32,0,33,4
2,12,4,33,0,41,8
2,9,0,27,6,34,6
1,7,0,29,8,NA,NA
2,7,0,41,0,43,0
1,0,NA,36,5,40,3
2,2,0,32,11,33,14
2,3,0,25,4,30,8
1,60,5,NA,NA,NA,NA
2,5,0,25,0,32,0
2,15,4,46,0,57,2
1,19,0,47,0,NA,NA
2,4,0,34,0,NA,NA
2,2,0,22,3,40,10
1,10,1,40,3,NA,NA
2,44,0,NA,NA,NA,NA
2,4,NA,28,0,NA,NA
2,28,14,NA,NA,NA,NA
2,19,3,NA,NA,NA,NA
2,49,0,NA,NA,NA,NA
1,22,7,43,4,NA,NA
1,29,7,NA,NA,NA,NA
2,0,0,45,2,NA,NA
2,23,0,NA,NA,NA,NA
2,16,8,57,2,60,0
1,28,8,NA,NA,NA,NA
1,7,2,30,7,30,7
2,23,2,58,0,NA,NA
2,27,0,NA,NA,NA,NA
1,32,8,62,0,NA,NA
2,3,0,25,0,NA,NA
2,8,1,43,4,50,5
2,3,0,30,6,30,6
1,57,8,NA,NA,NA,NA
1,9,0,41,0,45,7
2,31,0,NA,NA,NA,NA
2,0,0,21,8,27,6
2,15,3,55,0,NA,NA
2,37,0,NA,NA,NA,NA
2,52,2,NA,NA,NA,NA
1,8,0,49,0,NA,NA
2,60,0,NA,NA,NA,NA
2,4,0,27,6,33,10
2,19,4,NA,NA,NA,NA
2,33,0,NA,NA,NA,NA
1,4,0,51,0,58,12
2,17,7,32,0,NA,NA
2,7,2,47,4,50,8
1,51,0,NA,NA,NA,NA
2,48,2,NA,NA,NA,NA
1,23,8,51,0,NA,NA
1,0,0,22,8,25,3
2,20,3,NA,NA,NA,NA
2,44,0,NA,NA,NA,NA
1,40,4,NA,NA,NA,NA
1,28,7,NA,NA,NA,NA
2,42,0,NA,NA,NA,NA
1,15,NA,NA,NA,NA,NA
2,11,0,34,3,38,6
1,8,0,24,0,28,8
1,2,0,37,0,NA,NA
2,11,0,37,0,NA,NA
2,3,0,23,0,33,5
2,5,0,29,0,31,6
2,9,1,25,3,32,3
2,23,0,NA,NA,NA,NA
1,24,8,NA,NA,NA,NA
1,17,0,63,0,NA,NA
2,7,1,33,0,39,8
1,18,6,39,0,45,8
1,42,5,NA,NA,NA,NA
2,23,5,NA,NA,NA,NA
2,29,5,NA,NA,NA,NA
2,8,0,35,0,NA,NA
1,13,2,52,0,NA,NA
2,17,5,37,0,NA,NA
2,18,10,NA,NA,NA,NA
2,50,3,NA,NA,NA,NA
2,16,2,39,0,NA,NA
1,16,3,33,3,NA,NA
1,27,8,60,6,68,3
2,8,2,35,2,40,3
2,4,0,27,0,30,7
1,21,4,48,0,NA,NA
2,22,6,44,0,NA,NA
1,12,0,37,0,41,0
2,29,0,59,0,NA,NA
1,5,0,32,0,NA,NA
2,7,0,29,0,35,8
1,19,NA,NA,NA,NA,NA
2,55,0,NA,NA,NA,NA
1,2,0,20,6,NA,NA
1,75,6,NA,NA,NA,NA
2,51,4,NA,NA,NA,NA
1,3,0,21,0,22,4
1,1,0,23,3,27,7
1,27,12,NA,NA,NA,NA
1,5,0,33,0,NA,NA
1,15,6,59,0,NA,NA
2,0,0,30,4,NA,NA
2,21,0,36,0,NA,NA
1,4,0,45,0,NA,NA
2,20,4,39,0,41,4
1,83,5,NA,NA,NA,NA
2,13,3,30,2,39,7
2,0,0,27,6,NA,NA
2,5,0,27,4,29,8
2,39,0,NA,NA,NA,NA
2,-2,0,NA,NA,NA,NA
2,19,4,NA,NA,NA,NA
1,15,2,37,0,43,0
1,18,8,41,0,NA,NA
2,1,0,23,4,27,8
2,17,4,38,0,43,5
1,7,0,27,8,47,8
1,30,6,NA,NA,NA,NA
1,19,5,42,4,47,7
2,19,5,46,7,50,0
2,11,2,48,0,67,5
1,20,5,39,0,42,2
2,16,3,34,0,NA,NA
2,1,0,39,0,43,0
1,23,4,49,0,NA,NA
2,0,0,19,0,20,7
1,13,3,48,2,65,4
2,22,0,NA,NA,NA,NA
2,3,NA,24,0,29,4
1,13,0,47,0,NA,NA
2,8,1,36,0,NA,NA
1,7,1,31,4,52,8
2,11,5,45,3,48,3
2,0,0,23,0,33,7
1,27,0,NA,NA,NA,NA
2,19,8,48,5,56,3
2,4,0,33,5,39,8
1,3,0,25,0,32,0
1,22,3,47,0,NA,NA
2,21,0,NA,NA,NA,NA
1,3,0,27,1,NA,NA
2,5,0,22,5,32,0
2,5,0,31,7,NA,NA
1,8,1,29,0,32,8
1,11,3,36,0,50,5
1,13,2,57,0,59,0
2,11,5,27,4,NA,NA
2,40,6,NA,NA,NA,NA
2,25,3,53,2,62,0
1,63,5,NA,NA,NA,NA
2,25,0,37,0,NA,NA
2,1,0,30,10,NA,NA
2,49,4,NA,NA,NA,NA
1,36,6,NA,NA,NA,NA
1,27,6,NA,NA,NA,NA
1,38,2,NA,NA,NA,NA
2,1,0,24,0,27,NA
1,10,3,50,0,47,8
1,4,0,20,5,NA,NA
2,21,5,NA,NA,NA,NA
2,43,4,NA,NA,NA,NA
1,42,0,NA,NA,NA,NA
1,5,0,24,0,27,NA
2,35,5,NA,NA,NA,NA
2,10,1,48,5,56,3
2,17,0,36,0,NA,NA
1,9,1,31,0,NA,NA
2,37,8,60,0,NA,NA
1,11,2,32,0,NA,NA
1,21,8,47,0,NA,NA
1,26,13,NA,NA,NA,NA
2,7,0,25,0,30,7
1,2,0,21,4,26,5
2,59,0,NA,NA,NA,NA
2,10,1,43,0,48,NA
1,5,1,32,2,48,4
2,0,0,22,5,25,6
1,32,12,57,3,65,1
1,40,7,NA,NA,NA,NA
1,50,0,NA,NA,NA,NA
2,58,0,NA,NA,NA,NA
1,52,4,NA,NA,NA,NA
1,17,0,65,0,NA,NA
2,4,0,18,4,23,0
1,17,0,47,0,NA,NA
1,33,12,NA,NA,NA,NA
2,1,0,28,0,32,6
1,25,0,NA,NA,NA,NA
1,1,0,33,0,33,0
2,8,0,23,3,32,8
1,21,4,NA,NA,NA,NA
2,5,0,23,7,27,6
2,49,5,NA,NA,NA,NA
2,11,3,30,6,33,8
2,32,0,NA,NA,NA,NA
1,0,0,23,0,29,8
1,57,5,NA,NA,NA,NA
1,16,0,46,0,51,0
1,55,0,NA,NA,NA,NA
1,30,14,NA,NA,NA,NA
1,14,5,35,3,43,6
2,4,0,29,2,33,7
1,33,8,NA,NA,NA,NA
1,0,0,25,4,27,10
2,22,8,41,0,43,0
2,23,5,NA,NA,NA,NA
1,5,0,32,7,NA,NA
2,20,0,NA,NA,NA,NA
2,4,0,27,8,29,10
2,23,5,NA,NA,NA,NA
2,1,0,20,4,22,8
1,15,6,45,3,48,3
1,17,NA,55,4,57,5
2,5,0,31,5,36,8
1,27,0,46,2,52,0
2,12,NA,NA,NA,NA,NA
1,24,0,NA,NA,NA,NA
1,6,1,27,8,29,10
2,57,1,NA,NA,NA,NA
1,48,7,NA,NA,NA,NA
1,36,3,NA,NA,NA,NA
1,15,12,34,0,35,0
1,16,5,43,2,49,8
1,61,0,NA,NA,NA,NA
2,13,2,41,0,33,8
1,11,NA,33,0,38,0
2,17,7,36,3,NA,NA
2,1,0,28,0,32,7
2,57,1,NA,NA,NA,NA
2,22,7,NA,NA,NA,NA
2,1,0,32,7,37,0
1,17,5,59,0,NA,NA
1,1,0,23,0,29,6
2,13,4,32,0,NA,NA
1,27,8,52,0,55,0
2,35,4,NA,NA,NA,NA
1,6,1,40,5,43,8
2,64,0,NA,NA,NA,NA
2,29,0,NA,NA,NA,NA
2,1,0,-2,7,NA,NA
1,7,NA,NA,NA,NA,NA
2,26,0,NA,NA,NA,NA
1,10,2,32,2,48,4
1,11,4,31,0,NA,NA
1,41,8,NA,NA,NA,NA
2,49,6,76,0,83,5
1,3,0,23,0,26,0
2,35,2,NA,NA,NA,NA
1,29,3,NA,NA,NA,NA
1,7,2,35,5,NA,NA
2,2,0,29,0,33,8
2,35,8,NA,NA,NA,NA
1,7,0,45,1,48,4
2,27,0,NA,NA,NA,NA
1,37,6,NA,NA,NA,NA
2,55,0,NA,NA,NA,NA
2,31,0,NA,NA,NA,NA
1,37,0,NA,NA,NA,NA
2,17,0,35,0,NA,NA
1,20,0,43,0,48,NA
2,31,3,NA,NA,NA,NA
1,10,2,28,0,NA,NA
2,27,2,NA,NA,NA,NA
2,41,0,NA,NA,NA,NA
1,41,0,NA,NA,NA,NA
2,6,2,36,3,NA,NA
1,17,11,37,13,42,10
1,39,3,NA,NA,NA,NA
2,19,5,53,3,57,5
1,67,8,NA,NA,NA,NA
2,13,0,46,4,53,6
1,24,12,45,0,52,4
1,19,7,35,0,NA,NA
2,20,0,45,0,55,0
2,39,3,NA,NA,NA,NA
2,27,8,NA,NA,NA,NA
2,3,0,26,3,30,2
1,21,NA,63,0,NA,NA
1,26,6,NA,NA,NA,NA
1,18,8,45,5,NA,NA
1,21,3,NA,NA,NA,NA
1,25,0,NA,NA,NA,NA
2,9,4,33,8,35,12
1,61,8,NA,NA,NA,NA
2,30,0,NA,NA,NA,NA
1,18,0,54,0,61,0
1,2,0,30,0,34,8
1,3,0,21,5,NA,NA
2,0,0,22,0,NA,NA
2,34,8,NA,NA,NA,NA
2,3,0,25,4,29,8
2,31,0,NA,NA,NA,NA
2,16,0,-2,0,NA,NA
1,35,10,NA,NA,NA,NA
2,14,0,36,0,NA,NA
2,19,2,NA,NA,NA,NA
2,4,NA,NA,NA,NA,NA
1,10,2,31,0,NA,NA
2,3,0,32,6,NA,NA
2,20,4,NA,NA,NA,NA
1,16,0,42,0,NA,NA
1,57,0,NA,NA,NA,NA
2,3,0,22,3,40,10
1,7,2,27,0,30,8
1,1,0,39,0,NA,NA
1,17,4,45,2,NA,NA
2,6,NA,24,0,26,4
2,19,0,NA,NA,NA,NA
2,12,4,35,6,39,8
2,14,7,30,6,NA,NA
2,1,0,25,6,30,12
1,35,0,NA,NA,NA,NA
2,10,4,35,0,37,0
1,61,2,NA,NA,NA,NA
2,1,0,26,4,NA,NA
2,29,2,50,0,NA,NA
2,10,1,32,0,37,7
1,22,6,46,0,51,0
2,17,8,51,7,57,8
2,6,0,44,0,NA,NA
2,1,NA,39,0,41,4
2,25,8,NA,NA,NA,NA
2,11,1,41,0,NA,NA
1,25,NA,NA,NA,NA,NA
1,62,0,NA,NA,NA,NA
2,13,3,46,0,52,6
1,0,0,23,2,29,8
2,0,0,16,3,25,8
2,10,4,34,8,NA,NA
2,29,4,NA,NA,NA,NA
1,15,5,30,0,37,0
1,14,5,32,5,37,5
1,5,0,34,0,37,6
1,30,8,NA,NA,NA,NA
1,78,4,NA,NA,NA,NA
2,25,5,68,0,70,0
2,59,0,NA,NA,NA,NA
2,3,0,36,5,NA,NA
2,12,2,37,0,40,5
2,18,7,40,3,NA,NA
1,2,0,25,5,29,8
2,10,2,34,0,40,5
2,1,0,42,0,47,0
2,15,0,48,6,NA,NA
2,32,2,NA,NA,NA,NA
2,22,2,NA,NA,NA,NA
1,13,2,34,0,41,0
1,25,12,NA,NA,NA,NA
2,11,1,29,0,31,6
1,6,1,32,7,35,6
2,66,0,NA,NA,NA,NA
2,25,5,NA,NA,NA,NA
1,34,6,NA,NA,NA,NA
1,6,0,30,4,NA,NA
1,35,4,NA,NA,NA,NA
1,25,7,NA,NA,NA,NA
2,39,0,NA,NA,NA,NA
2,3,0,37,0,40,5
1,7,0,36,0,NA,NA
2,63,0,NA,NA,NA,NA
1,7,0,36,0,42,5
2,5,0,31,0,41,8
2,69,0,NA,NA,NA,NA
2,3,0,36,0,NA,12
2,14,3,37,1,41,0
1,37,8,NA,NA,NA,NA
2,16,8,38,2,62,13
2,12,3,46,0,51,0
1,19,2,45,0,47,5
2,14,2,38,5,NA,NA
1,16,6,40,0,NA,NA
2,58,3,NA,NA,NA,NA
1,25,14,NA,NA,NA,NA
1,23,0,NA,NA,NA,NA
2,1,0,26,4,33,8
1,31,8,NA,NA,NA,NA
2,10,0,45,0,48,0
1,3,0,27,6,NA,NA
1,11,2,40,6,49,3
2,26,0,NA,NA,NA,NA
1,20,10,47,0,48,7
1,15,3,39,0,42,2
1,22,5,67,0,78,0
2,3,NA,NA,NA,NA,NA
1,9,0,46,4,53,6
2,5,1,31,0,32,0
1,5,0,32,5,NA,NA
1,7,1,44,5,50,7
1,71,0,NA,NA,NA,NA
2,24,0,NA,NA,NA,NA
2,5,0,21,0,22,4
1,27,3,NA,NA,NA,NA
2,5,0,32,0,39,0
2,27,0,NA,NA,NA,NA
2,40,5,NA,NA,NA,NA
2,21,0,NA,NA,NA,NA
2,65,0,NA,NA,NA,NA
2,13,3,30,4,33,7
2,3,0,21,0,26,0
2,25,0,NA,NA,NA,NA
2,20,10,45,0,52,4
2,36,0,NA,NA,NA,NA
2,55,2,NA,NA,NA,NA
1,7,1,29,8,48,12
2,15,1,34,1,43,1
1,9,3,28,0,32,6
1,5,NA,21,12,NA,NA
1,26,9,47,0,49,0
1,19,8,34,3,38,6
2,17,0,45,0,NA,NA
1,16,0,63,0,67,0
2,2,0,27,0,30,7
1,33,7,55,0,62,5
1,5,0,31,6,41,6
2,6,0,33,0,36,6
2,61,0,NA,NA,NA,NA
2,24,12,NA,NA,NA,NA
2,22,5,NA,NA,NA,NA
2,1,0,33,7,37,8
1,25,3,NA,NA,NA,NA
1,14,1,45,1,NA,NA
1,37,6,NA,NA,NA,NA
1,27,8,NA,NA,NA,NA
1,44,0,NA,NA,NA,NA
1,29,12,NA,NA,NA,NA
1,20,3,NA,NA,NA,NA
2,24,3,NA,NA,NA,NA
1,21,3,63,4,88,0
2,17,0,32,0,NA,NA
1,37,8,NA,NA,NA,NA
2,4,0,34,3,37,8
2,2,0,18,3,22,5
2,7,0,23,0,29,8
1,5,1,19,4,29,12
1,11,2,38,0,NA,NA
1,15,6,40,0,61,8
1,49,8,NA,NA,NA,NA
2,27,1,54,4,NA,NA
1,8,3,32,7,NA,NA
1,39,0,NA,NA,NA,NA
1,0,0,44,0,48,0
2,13,1,36,0,40,8
2,1,0,26,2,29,0
2,10,5,47,0,NA,NA
1,10,NA,NA,NA,NA,NA
2,1,0,27,0,32,6
2,3,0,42,0,47,0
2,13,0,38,0,NA,NA
1,23,10,50,3,NA,NA
2,10,1,40,0,NA,NA
1,3,1,37,0,NA,NA
2,7,1,31,5,36,8
2,6,1,33,2,39,7
1,8,3,27,0,NA,NA
1,30,12,NA,NA,NA,NA
1,13,NA,NA,NA,NA,NA
2,1,0,23,5,27,0
1,0,0,17,0,37,3
1,12,1,33,0,36,6
2,1,0,30,2,37,8
2,47,2,64,0,NA,0
1,47,10,NA,NA,NA,NA
2,4,0,28,0,NA,NA
1,43,5,NA,NA,NA,NA
2,17,NA,NA,NA,NA,NA
1,44,8,NA,NA,NA,NA
2,32,0,NA,NA,NA,NA
1,15,5,37,8,39,2
2,25,2,NA,NA,NA,NA
1,5,0,29,8,29,8
2,-2,0,NA,NA,NA,NA
2,36,0,33,0,NA,NA
2,60,0,NA,NA,NA,NA
2,19,4,55,2,55,4
2,16,5,41,0,NA,NA
2,49,0,NA,NA,NA,NA
2,5,0,22,7,27,8
1,28,5,NA,NA,NA,NA
2,12,2,37,0,NA,NA
2,27,0,53,0,NA,NA
2,17,6,47,3,NA,NA
2,2,0,36,5,38,2
2,12,3,45,0,52,4
1,39,9,61,0,NA,NA
2,2,NA,NA,NA,NA,NA
1,13,0,35,0,NA,NA
1,2,0,35,0,NA,NA
1,8,0,37,0,44,0
2,15,4,32,7,35,6
1,13,1,37,0,NA,NA
2,23,5,NA,NA,NA,NA
2,7,1,23,0,34,0
1,7,0,26,4,33,8
2,19,11,39,5,NA,NA
2,8,1,24,0,NA,NA
2,14,0,46,2,52,0
1,42,2,NA,NA,NA,NA
1,70,0,NA,NA,NA,NA
1,20,8,43,4,NA,NA
2,2,NA,36,5,40,3
1,39,6,NA,NA,NA,NA
1,3,NA,21,12,NA,NA
1,11,2,39,0,NA,NA
2,24,8,NA,NA,NA,NA
1,18,7,43,2,49,8
2,1,0,31,5,37,6
2,5,0,31,8,NA,NA
2,1,0,24,9,27,0
2,53,3,NA,NA,NA,NA
1,4,0,22,0,NA,NA
1,2,0,24,7,23,5
2,19,0,36,0,NA,NA
2,21,4,NA,NA,NA,NA
2,54,4,NA,NA,NA,NA
2,0,0,25,0,36,7
1,7,1,45,2,NA,NA
1,25,0,65,0,NA,NA
2,49,0,68,0,NA,NA
2,2,0,22,5,27,0
2,16,2,44,7,46,11
2,6,0,34,0,37,5
1,59,0,NA,NA,NA,NA
1,34,6,53,0,NA,NA
2,25,6,NA,NA,NA,NA
1,27,0,40,0,NA,NA
2,22,2,NA,NA,NA,NA
2,3,0,22,5,25,6
2,13,4,75,3,NA,NA
1,31,5,51,0,NA,NA
1,25,6,NA,NA,NA,NA
1,18,NA,NA,NA,NA,NA
2,18,10,NA,NA,NA,NA
1,50,7,NA,NA,NA,NA
1,49,2,NA,NA,NA,NA
2,58,0,NA,NA,NA,NA
2,2,0,22,8,27,8
2,4,0,42,0,NA,NA
2,13,NA,NA,NA,NA,NA
1,28,0,NA,NA,NA,NA
1,10,1,37,2,NA,NA
2,38,0,NA,NA,NA,NA
2,4,0,25,5,28,4
2,10,3,32,7,38,2
2,3,0,30,10,NA,NA
2,2,NA,17,0,NA,NA
1,22,NA,NA,NA,NA,NA
2,37,0,NA,NA,NA,NA
1,11,4,33,8,35,12
1,25,4,59,0,NA,NA
2,15,0,48,0,NA,NA
2,67,0,NA,NA,NA,NA
2,15,8,45,0,48,0
1,17,4,55,0,59,0
2,51,7,NA,NA,NA,NA
1,39,0,NA,NA,NA,NA
1,17,3,51,1,NA,NA
2,42,0,NA,NA,NA,NA
2,11,2,37,0,40,6
2,1,0,29,2,33,7
2,21,0,44,0,49,0
1,5,0,25,3,29,8
2,12,NA,38,0,NA,NA
2,11,3,33,0,37,6
2,1,0,21,1,27,7
1,28,6,NA,NA,NA,NA
2,59,0,NA,NA,NA,NA
1,19,6,NA,NA,NA,NA
2,24,0,NA,NA,NA,NA
2,21,12,39,0,NA,NA
2,14,4,40,0,NA,NA
1,17,2,59,0,NA,NA
1,3,0,26,6,46,8
1,35,8,NA,NA,NA,NA
2,32,7,58,0,NA,NA
2,7,0,33,8,35,12
1,72,0,NA,NA,NA,NA
2,21,8,57,0,66,6
2,26,0,NA,NA,NA,NA
1,27,12,57,0,NA,NA
2,5,0,27,3,29,3
2,1,0,23,0,37,0
2,53,0,NA,NA,NA,NA
2,12,1,41,0,49,4
2,29,8,63,0,NA,NA
1,2,0,24,0,26,5
1,7,0,27,0,32,6
1,25,5,NA,NA,NA,NA
1,9,1,32,4,NA,NA
2,2,0,25,5,27,0
2,7,1,29,0,NA,NA
2,40,0,NA,NA,NA,NA
2,13,NA,NA,NA,NA,NA
2,6,0,31,2,47,3
2,37,3,NA,NA,NA,NA
2,45,2,NA,NA,NA,NA
2,57,0,NA,NA,NA,NA
2,25,0,NA,NA,NA,NA
1,1,0,22,1,28,0
2,9,1,31,3,NA,NA
2,27,4,NA,NA,NA,NA
1,3,0,24,6,29,3
2,37,4,NA,NA,NA,NA
2,58,0,NA,NA,NA,NA
1,37,5,NA,NA,NA,NA
2,1,0,23,7,28,10
1,31,7,NA,NA,NA,NA
1,38,0,NA,NA,NA,NA
1,22,7,42,0,44,0
2,82,0,NA,NA,NA,NA
2,34,0,NA,NA,NA,NA
2,5,NA,24,0,29,4
2,50,0,NA,NA,NA,NA
2,0,0,38,0,43,5
2,3,0,23,8,31,8
2,-2,1,NA,NA,NA,NA
1,52,8,NA,NA,NA,NA
2,5,0,24,0,30,8
1,27,6,NA,NA,NA,NA
1,57,5,NA,NA,NA,NA
2,21,5,45,2,49,0
1,10,2,34,0,40,8
2,29,0,55,0,NA,NA
1,14,NA,NA,NA,NA,NA
2,5,0,36,2,38,7
2,50,0,NA,NA,NA,NA
1,33,8,NA,NA,NA,NA
2,26,4,NA,NA,NA,NA
1,20,0,51,0,57,7
2,6,1,24,2,NA,NA
2,43,0,67,0,NA,NA
1,18,NA,NA,NA,NA,NA
2,22,6,50,0,NA,NA
1,37,14,NA,NA,NA,NA
1,41,8,NA,NA,NA,NA
1,13,7,38,4,NA,NA
2,23,7,NA,NA,NA,NA
1,18,6,48,3,NA,NA
2,11,3,37,0,45,0
1,18,9,48,0,52,3
2,33,6,NA,NA,NA,NA
2,9,0,22,0,31,4
2,40,3,NA,NA,NA,NA
2,10,3,35,0,37,12
1,18,6,43,0,NA,NA
1,49,8,NA,NA,NA,NA
2,9,1,45,0,52,3
2,76,0,NA,NA,NA,NA
1,58,12,NA,NA,NA,NA
2,45,0,NA,NA,NA,NA
1,36,8,NA,NA,NA,NA
2,57,0,NA,NA,NA,NA
1,4,0,29,0,34,8
1,25,7,NA,NA,NA,NA
1,7,1,22,3,40,10
2,13,NA,NA,NA,NA,NA
1,27,8,NA,NA,NA,NA
1,43,6,NA,NA,NA,NA
1,62,9,NA,NA,NA,NA
2,8,1,32,0,NA,NA
1,0,0,34,0,35,0
2,24,8,NA,NA,NA,NA
1,17,5,40,0,NA,NA
1,27,0,NA,NA,NA,NA
1,31,7,NA,NA,NA,NA
2,3,0,24,1,33,7
2,12,2,27,0,36,3
1,57,0,NA,NA,NA,NA
2,37,0,58,0,NA,NA
1,4,0,24,0,27,0
2,28,0,NA,NA,NA,NA
1,20,4,67,0,78,0
1,9,3,42,0,47,0
1,24,4,53,0,63,5
2,10,5,32,5,32,6
2,1,0,21,2,27,5
2,15,0,37,0,NA,NA
2,14,0,45,0,55,0
1,0,0,21,4,NA,NA
1,37,8,NA,NA,NA,NA
2,31,6,55,2,62,3
2,15,0,45,0,NA,NA
2,28,5,NA,NA,NA,NA
2,14,8,32,0,NA,NA
1,9,2,30,0,37,8
1,29,14,NA,NA,NA,NA
2,17,4,46,7,50,0
2,21,4,NA,NA,NA,NA
1,18,NA,40,0,42,NA
2,10,4,37,0,NA,NA
2,19,2,NA,NA,NA,NA
1,15,NA,NA,NA,NA,NA
1,16,4,46,4,53,6
1,1,0,31,0,36,6
2,0,0,18,0,27,3
1,55,3,NA,NA,NA,NA
1,2,0,37,0,55,2
1,26,0,NA,NA,NA,NA
1,30,6,NA,NA,NA,NA
2,5,0,38,4,62,3
2,3,0,58,4,NA,NA
2,10,0,33,0,42,0
1,5,0,22,4,26,6
2,1,NA,24,7,31,8
2,7,1,31,7,37,0
1,42,11,NA,NA,NA,NA
1,21,2,58,0,NA,NA
1,28,14,55,2,62,3
1,36,7,NA,NA,NA,NA
1,18,NA,NA,NA,NA,NA
1,7,0,27,6,34,6
2,6,0,34,0,41,0
1,2,0,39,0,NA,NA
1,5,1,43,0,NA,NA
2,40,0,NA,NA,NA,NA
2,5,0,25,5,30,6
1,15,6,38,1,42,0
2,25,0,NA,NA,NA,NA
2,57,0,NA,NA,NA,NA
1,9,1,30,0,34,7
1,11,4,32,0,35,8
1,12,3,31,7,37,0
1,6,0,25,0,NA,NA
2,5,1,38,0,49,4
1,25,14,NA,NA,NA,NA
2,22,3,58,0,NA,NA
2,0,0,25,0,34,8
2,37,0,54,0,NA,NA
2,27,0,NA,NA,NA,NA
2,9,1,31,0,NA,NA
2,35,0,NA,NA,NA,NA
2,57,2,NA,NA,NA,NA
1,14,6,33,6,37,7
2,14,0,31,0,43,8
1,4,0,32,0,35,8
2,16,NA,NA,NA,NA,NA
1,13,0,37,2,39,3
2,14,2,37,0,41,0
1,17,3,48,0,67,5
2,7,1,23,3,NA,NA
1,26,8,NA,NA,NA,NA
2,30,0,NA,NA,NA,NA
1,3,0,24,0,30,3
2,0,NA,29,4,31,8
1,59,0,NA,NA,NA,NA
1,30,8,NA,NA,NA,NA
1,29,3,NA,NA,NA,NA
1,14,3,42,0,NA,NA
2,1,0,24,10,29,13
1,10,2,46,0,51,0
2,49,8,NA,NA,NA,NA
1,26,8,NA,NA,NA,NA
2,76,0,NA,NA,NA,NA
2,16,0,51,0,NA,NA
2,10,3,24,0,28,8
2,21,4,NA,NA,NA,NA
2,3,0,20,2,22,2
2,14,NA,NA,NA,NA,NA
2,12,NA,36,5,NA,NA
2,24,0,NA,NA,NA,NA
1,37,0,NA,NA,NA,NA
1,7,1,29,0,NA,NA
2,34,0,52,0,NA,NA
2,7,1,31,6,NA,NA
1,12,3,33,3,NA,NA
1,33,8,NA,NA,NA,NA
1,1,0,21,0,26,0
2,6,0,32,0,37,0
2,9,3,31,5,36,8
1,15,0,44,0,49,0
1,9,1,38,4,NA,NA
1,34,5,NA,NA,NA,NA
1,15,5,57,1,NA,NA
2,40,0,NA,NA,NA,NA
1,33,4,NA,NA,NA,NA
1,55,5,NA,NA,NA,NA
2,47,3,NA,NA,NA,NA
2,3,NA,27,6,31,8
1,14,3,35,8,38,12
2,34,0,NA,NA,NA,NA
2,32,2,NA,NA,NA,NA
2,19,2,NA,NA,NA,NA
1,16,2,33,0,42,0
2,45,8,NA,NA,NA,NA
2,9,1,29,4,43,6
2,5,0,35,2,41,4
1,10,0,35,0,39,8
1,27,0,NA,NA,NA,NA
1,12,NA,40,0,42,NA
2,62,0,NA,NA,NA,NA
2,6,0,21,4,26,5
1,7,NA,28,3,33,6
2,17,0,47,0,NA,NA
1,5,2,30,10,NA,NA
1,33,7,NA,NA,NA,NA
2,24,0,NA,NA,NA,NA
1,1,0,25,0,NA,NA
2,10,0,27,0,28,3
2,5,0,21,1,29,0
1,37,4,NA,NA,NA,NA
2,39,0,68,0,NA,NA
1,0,0,20,4,30,12
2,9,2,43,2,49,8
1,37,8,NA,NA,NA,NA
2,8,3,37,0,NA,NA
1,15,4,45,5,NA,NA
1,3,0,23,4,34,4
2,21,3,NA,NA,NA,NA
1,9,2,40,5,43,8
1,6,0,39,0,42,2
2,19,6,57,0,66,6
1,18,7,47,0,49,0
2,18,4,41,0,NA,NA
1,3,0,24,3,NA,NA
1,33,7,NA,NA,NA,NA
1,33,6,NA,NA,NA,NA
1,4,0,29,6,34,12
2,22,4,44,0,NA,NA
2,2,0,47,0,NA,NA
2,14,3,33,7,37,8
1,1,0,19,4,23,0
2,3,0,31,0,36,6
1,17,0,40,0,NA,NA
1,37,8,NA,NA,NA,NA
1,7,1,32,11,33,14
2,13,3,38,0,NA,NA
1,11,3,45,5,NA,NA
2,33,0,NA,NA,NA,NA
2,7,1,25,4,30,8
2,48,0,NA,NA,NA,NA
1,13,3,39,0,43,0
2,14,NA,NA,NA,NA,NA
1,34,12,NA,NA,NA,NA
1,27,0,NA,NA,NA,NA
2,6,NA,NA,NA,NA,NA
2,27,0,NA,NA,NA,NA
2,11,6,41,4,NA,NA
2,7,2,33,7,37,8
2,29,0,47,0,NA,NA
1,46,8,NA,NA,NA,NA
1,7,0,37,0,NA,NA
2,-2,4,NA,NA,NA,NA
1,15,5,55,2,55,4
2,9,0,27,1,NA,NA
2,33,7,68,2,NA,NA
1,16,4,53,0,63,0
2,39,8,NA,NA,NA,NA
2,44,0,NA,NA,NA,NA
2,4,0,24,5,28,12
2,67,0,NA,NA,NA,NA
2,6,6,44,3,NA,NA
2,34,0,NA,NA,NA,NA
2,18,5,40,0,NA,NA
1,6,NA,NA,NA,NA,NA
2,1,0,32,0,35,8
2,7,0,34,3,38,6
1,15,NA,NA,NA,NA,NA
2,37,8,NA,NA,NA,NA
2,2,0,17,5,NA,NA
2,10,0,45,0,NA,NA
1,42,5,NA,NA,NA,NA
2,19,0,40,0,NA,NA
2,46,8,NA,NA,NA,NA
2,1,0,27,8,29,10
1,64,4,NA,NA,NA,NA
2,36,5,NA,NA,NA,NA
1,9,1,34,4,39,6
1,8,3,48,7,55,9
2,25,7,45,0,NA,NA
2,1,0,29,0,NA,NA
2,6,0,29,4,43,6
2,23,4,NA,NA,NA,NA
2,25,5,NA,NA,NA,NA
2,7,NA,NA,NA,NA,NA
1,7,1,30,0,35,5
2,26,4,NA,NA,NA,NA
1,15,3,49,8,57,6
1,33,14,NA,NA,NA,NA
1,14,0,-2,0,NA,NA
1,43,8,NA,NA,NA,NA
1,27,3,71,0,NA,NA
1,1,0,23,2,NA,NA
1,34,7,NA,NA,NA,NA
1,13,4,31,6,41,6
2,34,0,NA,NA,NA,NA
2,16,3,48,2,65,4
1,14,3,46,0,NA,NA
2,19,5,NA,NA,NA,NA
1,29,0,NA,NA,NA,NA
1,27,0,NA,NA,NA,NA
2,26,3,NA,NA,NA,NA
2,8,1,34,0,37,5
2,0,0,22,8,24,8
2,47,0,NA,NA,NA,NA
1,2,0,38,0,43,5
2,0,0,22,7,27,8
1,2,0,25,2,28,6
1,9,2,47,6,52,6
1,22,8,41,0,49,4
2,17,0,NA,NA,NA,NA
2,14,3,32,0,37,7
1,14,6,37,0,38,8
1,55,4,NA,NA,NA,NA
2,1,0,20,7,21,9
1,15,6,37,0,40,7
1,68,3,NA,NA,NA,NA
2,33,0,55,0,NA,NA
1,47,9,NA,NA,NA,NA
1,8,3,45,0,48,0
2,18,0,42,0,NA,NA
2,5,NA,NA,NA,NA,NA
2,16,0,43,0,48,NA
1,9,4,33,0,NA,NA
1,20,6,54,0,61,2
2,3,0,29,2,31,8
1,32,0,NA,NA,NA,NA
1,11,2,58,4,NA,NA
1,52,6,NA,NA,NA,NA
2,13,2,39,0,42,2
2,10,2,39,0,43,0
2,69,0,NA,NA,NA,NA
1,32,8,NA,NA,NA,NA
1,0,0,35,2,40,3
2,16,8,34,0,39,8
1,6,2,25,0,34,5
1,41,1,NA,NA,NA,NA
1,17,2,34,1,43,1
2,21,0,37,0,NA,NA
1,53,0,NA,NA,NA,NA
2,7,NA,NA,NA,NA,NA
1,11,3,51,0,58,12
2,1,0,18,6,NA,NA
1,11,4,33,5,38,6
2,10,1,35,3,43,6
2,30,0,NA,NA,NA,NA
1,2,0,21,0,26,4
2,33,6,NA,NA,NA,NA
2,0,0,45,0,55,5
1,0,0,19,5,24,4
2,1,0,35,0,37,0
2,11,2,32,0,39,0
1,15,5,43,0,NA,NA
2,38,1,NA,NA,NA,NA
2,19,3,45,0,NA,NA
1,-2,NA,NA,NA,NA,NA
1,13,6,37,8,NA,NA
2,29,0,NA,NA,NA,NA
2,11,3,29,0,NA,NA
2,9,2,29,8,48,12
2,14,1,45,3,55,4
2,3,NA,NA,NA,NA,NA
2,18,NA,NA,NA,NA,NA
2,21,8,NA,NA,NA,NA
1,37,0,NA,NA,NA,NA
1,16,10,34,8,NA,NA
1,8,1,39,0,NA,NA
2,57,0,NA,NA,NA,NA
2,7,0,37,0,NA,NA
2,34,4,NA,NA,NA,NA
1,26,14,55,2,62,3
1,6,0,33,7,37,8
1,1,0,21,4,27,8
2,4,0,30,0,37,0
2,38,0,NA,NA,NA,NA
2,37,0,NA,NA,NA,NA
2,71,0,NA,NA,NA,NA
2,10,1,29,4,32,8
1,26,4,NA,NA,NA,NA
1,15,5,37,0,49,5
1,39,7,NA,NA,NA,NA
2,10,1,26,0,30,0
2,3,0,23,0,26,2
1,25,7,56,0,NA,NA
1,16,4,37,0,NA,NA
1,22,8,42,0,NA,NA
2,49,0,79,0,NA,NA
1,6,1,33,5,39,8
1,67,0,NA,NA,NA,NA
1,27,8,53,0,63,5
1,10,NA,40,0,42,NA
2,81,0,NA,NA,NA,NA
1,18,6,41,0,NA,NA
2,21,6,NA,NA,NA,NA
2,1,0,31,3,33,8
2,29,0,NA,NA,NA,NA
1,6,0,30,0,34,7
2,29,4,NA,NA,NA,NA
1,28,10,NA,NA,NA,NA
1,1,0,32,0,35,8
1,17,2,35,0,NA,NA
2,4,0,25,3,32,3
1,14,2,37,3,39,8
1,8,0,39,0,43,0
2,25,0,NA,NA,NA,NA
1,6,0,31,0,NA,NA
2,20,5,NA,NA,NA,NA
2,16,4,52,2,48,8
1,37,0,NA,NA,NA,NA
1,4,0,44,0,49,0
2,11,2,31,3,60,9
1,16,0,39,0,NA,NA
1,2,0,25,5,31,8
2,24,0,NA,NA,NA,NA
1,55,0,NA,NA,NA,NA
2,11,0,47,0,NA,NA
2,3,0,37,0,38,8
2,3,0,26,0,NA,NA
1,14,9,35,0,37,12
1,26,8,NA,NA,NA,NA
2,7,0,42,0,NA,NA
1,7,1,34,0,40,5
2,29,5,53,0,57,0
2,9,1,37,8,NA,NA
1,18,11,44,0,47,9
2,4,NA,NA,NA,NA,NA
2,27,8,NA,NA,NA,NA
1,2,0,23,7,27,6
2,3,0,21,0,27,0
1,62,5,NA,NA,NA,NA
1,27,6,NA,NA,NA,NA
1,33,7,NA,NA,NA,NA
1,2,0,20,6,25,2
2,68,0,NA,NA,NA,NA
2,24,1,56,0,62,9
1,4,0,27,6,31,0
2,0,0,35,0,39,8
2,1,0,21,0,25,1
2,7,NA,NA,NA,NA,NA
2,2,0,21,6,27,4
2,20,NA,NA,NA,NA,NA
2,15,3,35,0,NA,NA
1,26,0,NA,NA,NA,NA
2,23,8,NA,NA,NA,NA
1,31,4,NA,NA,NA,NA
1,18,3,54,4,NA,NA
1,26,2,NA,NA,NA,NA
1,13,4,52,0,55,0
2,7,2,41,0,45,8
2,17,8,40,0,61,8
2,28,0,48,6,NA,NA
2,29,7,69,0,73,3
1,1,0,24,8,NA,NA
2,16,0,45,0,55,0
1,14,3,33,2,NA,NA
2,37,0,NA,NA,NA,NA
1,10,NA,NA,NA,NA,NA
2,2,0,23,4,NA,NA
1,28,2,NA,NA,NA,NA
1,10,2,30,0,33,5
2,12,5,32,0,NA,NA
2,9,1,31,0,39,8
1,36,6,NA,NA,NA,NA
2,10,1,25,5,28,4
1,6,NA,27,0,29,4
1,69,0,NA,NA,NA,NA
2,36,0,NA,NA,NA,NA
2,18,6,NA,NA,NA,NA
2,28,3,NA,NA,NA,NA
1,7,1,36,2,38,7
1,2,0,23,6,30,6
1,63,4,NA,NA,NA,NA
2,28,8,54,0,NA,NA
2,19,3,NA,NA,NA,NA
2,19,6,NA,NA,NA,NA
1,0,0,24,0,NA,NA
1,3,0,22,0,NA,NA
2,10,0,36,0,NA,NA
1,31,8,NA,NA,NA,NA
2,44,0,NA,NA,NA,NA
2,14,0,49,0,53,8
2,12,1,41,0,39,3
1,15,6,36,3,NA,NA
1,5,0,21,0,NA,NA
2,11,1,37,0,NA,NA
1,12,3,35,3,43,6
1,56,0,NA,NA,NA,NA
2,27,0,NA,NA,NA,NA
2,67,0,NA,NA,NA,NA
1,29,10,NA,NA,NA,NA
1,48,5,NA,NA,NA,NA
2,45,0,NA,NA,NA,NA
1,4,0,36,3,NA,NA
2,1,0,25,8,27,12
2,36,0,NA,NA,NA,NA
1,20,NA,NA,NA,NA,NA
1,7,0,21,5,31,7
1,3,0,45,0,52,3
1,10,NA,NA,NA,NA,NA
1,10,3,34,0,37,5
1,64,0,NA,NA,NA,NA
2,41,0,NA,NA,NA,NA
2,10,5,32,5,NA,NA
2,11,0,17,5,NA,NA
1,40,8,NA,NA,NA,NA
1,16,4,57,0,59,0
2,17,6,NA,NA,NA,NA
2,55,0,NA,NA,NA,NA
2,23,0,NA,NA,NA,NA
2,4,0,25,2,NA,NA
1,32,3,NA,NA,NA,NA
2,9,0,36,0,40,8
1,3,2,23,5,27,0
1,51,8,NA,NA,NA,NA
2,12,6,34,8,38,8
2,5,0,33,0,33,0
2,7,0,28,3,NA,NA
1,34,12,NA,NA,NA,NA
2,16,5,45,2,49,0
2,13,4,43,4,NA,NA
2,32,0,-2,0,NA,NA
2,20,4,NA,NA,NA,NA
2,10,4,31,2,43,9
2,11,2,37,0,40,7
2,0,0,23,7,27,6
2,45,0,NA,NA,NA,NA
2,10,4,48,7,55,9
1,24,18,55,2,55,4
1,5,0,32,6,NA,NA
1,26,3,44,0,NA,NA
2,37,2,NA,NA,NA,NA
2,22,0,NA,NA,NA,NA
1,3,NA,28,3,33,6
2,17,8,35,4,39,8
2,27,0,NA,NA,NA,NA
1,27,6,NA,NA,NA,NA
1,38,7,NA,NA,NA,NA
1,8,0,31,3,33,8
1,37,12,NA,NA,NA,NA
2,2,0,33,5,47,6
2,2,0,25,7,37,14
1,4,0,22,1,NA,NA
2,12,0,35,0,39,8
1,17,0,50,0,52,0
1,32,8,NA,NA,NA,NA
2,2,0,23,4,38,6
2,77,0,NA,NA,NA,NA
2,32,5,NA,NA,NA,NA
2,57,0,NA,NA,NA,NA
2,17,0,NA,NA,NA,NA
2,5,1,23,0,25,7
1,11,NA,NA,NA,NA,NA
2,1,0,28,3,NA,NA
1,28,12,NA,NA,NA,NA
1,12,5,30,6,NA,NA
1,21,7,47,0,NA,NA
2,42,0,NA,NA,NA,NA
2,3,0,31,5,36,8
2,1,0,23,3,26,7
2,51,0,NA,NA,NA,NA
1,38,2,NA,NA,NA,NA
1,25,5,NA,NA,NA,NA
1,32,7,NA,NA,NA,NA
1,7,0,50,0,47,8
1,29,8,NA,NA,NA,NA
1,4,0,23,0,34,8
1,13,0,32,0,NA,NA
1,15,NA,63,0,NA,NA
1,7,0,44,0,NA,NA
2,5,0,25,4,34,5
2,19,5,NA,NA,NA,NA
1,6,NA,27,3,NA,NA
2,34,8,NA,NA,NA,NA
1,2,0,18,5,20,3
1,1,0,21,0,28,7
1,0,0,25,4,29,8
2,3,0,22,8,25,3
1,6,0,26,7,27,8
2,13,7,35,4,NA,NA
2,23,6,38,0,NA,NA
1,47,5,NA,NA,NA,NA
1,9,3,33,7,37,8
2,19,3,NA,NA,NA,NA
1,1,0,20,3,27,0
2,2,0,21,3,27,3
2,10,0,32,0,33,4
1,33,6,NA,NA,NA,NA
1,17,NA,NA,NA,NA,NA
1,12,NA,NA,NA,NA,NA
1,7,1,24,0,30,3
2,0,0,34,1,43,1
2,37,0,NA,NA,NA,NA
2,17,0,52,0,55,0
1,8,2,23,4,NA,NA
1,0,0,21,3,27,11
2,1,0,35,0,39,8
2,3,0,35,5,49,5
1,5,NA,NA,NA,NA,NA
1,12,3,55,0,NA,NA
1,18,9,59,0,NA,NA
2,19,9,50,0,NA,NA
1,76,4,NA,NA,NA,NA
2,33,2,NA,NA,NA,NA
2,18,8,NA,NA,NA,NA
1,36,0,NA,NA,NA,NA
1,4,0,25,7,37,14
1,8,0,31,0,43,8
2,20,0,50,0,57,0
2,6,0,31,0,37,8
1,11,3,42,0,NA,NA
2,13,NA,NA,NA,NA,NA
2,2,0,21,8,NA,NA
2,15,1,59,0,NA,NA
2,28,0,NA,NA,NA,NA
1,16,5,39,0,NA,NA
1,0,NA,17,0,NA,NA
2,47,0,NA,NA,NA,NA
2,25,8,NA,NA,NA,NA
1,9,4,25,2,NA,NA
2,5,0,21,4,27,8
2,11,2,35,0,39,8
1,38,7,NA,NA,NA,NA
1,15,1,36,5,NA,NA
2,78,0,NA,NA,NA,NA
2,30,0,NA,NA,NA,NA
1,71,0,NA,NA,NA,NA
2,44,7,NA,NA,NA,NA
1,36,0,NA,NA,NA,NA
1,19,0,41,0,43,0
1,23,0,49,0,NA,NA
2,5,1,25,4,30,8
2,17,9,40,0,43,12
1,33,7,NA,NA,NA,NA
2,10,3,33,2,33,0
1,19,0,57,0,NA,NA
1,55,8,NA,NA,NA,NA
1,3,0,29,6,33,8
1,39,2,NA,NA,NA,NA
1,18,8,39,8,45,3
1,5,NA,39,0,41,4
2,15,NA,NA,NA,NA,NA
2,0,0,41,0,65,7
1,3,0,47,0,NA,NA
2,27,6,NA,NA,NA,NA
1,6,1,37,0,40,5
2,1,NA,NA,NA,NA,NA
2,20,6,41,0,NA,NA
2,13,3,39,0,45,8
2,27,0,NA,NA,NA,NA
2,10,2,36,0,NA,NA
1,46,8,NA,NA,NA,NA
1,29,13,NA,NA,NA,NA
1,6,0,33,0,NA,NA
2,10,NA,NA,NA,NA,NA
1,15,6,44,5,50,7
1,10,0,29,6,33,5
2,31,2,NA,NA,NA,NA
1,6,1,32,7,37,8
2,27,4,NA,NA,NA,NA
1,14,NA,NA,NA,NA,NA
1,18,0,43,0,48,NA
2,24,0,54,0,NA,NA
2,19,0,NA,NA,NA,NA
1,6,0,39,0,49,5
2,23,0,NA,NA,NA,NA
2,35,0,NA,NA,NA,NA
1,2,0,35,2,40,3
2,37,0,NA,NA,NA,NA
1,0,0,21,0,27,0
1,55,4,NA,NA,NA,NA
2,3,0,32,0,35,8
2,20,NA,NA,NA,NA,NA
1,14,5,33,0,37,8
2,31,6,53,0,57,0
2,2,0,30,4,NA,NA
1,14,NA,NA,NA,NA,NA
1,0,0,23,6,26,3
1,37,6,NA,NA,NA,NA
2,25,0,NA,NA,NA,NA
2,14,3,40,0,NA,NA
2,8,0,39,0,42,2
2,2,0,25,5,30,6
2,17,0,65,0,67,0
2,1,NA,27,3,NA,NA
1,11,1,34,0,38,3
1,25,6,NA,NA,NA,NA
2,10,2,43,4,NA,NA
1,22,7,NA,NA,NA,NA
2,26,0,NA,NA,NA,NA
2,30,5,NA,NA,NA,NA
1,5,0,31,0,34,6
2,42,0,NA,NA,NA,NA
2,46,0,NA,NA,NA,NA
2,12,2,33,2,33,0
1,14,3,37,0,40,5
1,5,1,25,8,32,8
1,6,0,24,0,30,14
2,67,0,NA,NA,NA,NA
1,39,0,NA,NA,NA,NA
1,49,5,NA,NA,NA,NA
1,12,6,27,0,NA,NA
1,7,1,27,3,30,8
2,40,0,NA,NA,NA,NA
2,60,6,NA,NA,NA,NA
1,17,NA,NA,NA,NA,NA
1,3,NA,NA,NA,NA,NA
1,26,5,NA,NA,NA,NA
1,27,6,NA,NA,NA,NA
1,3,0,29,0,NA,NA
1,27,8,NA,NA,NA,NA
1,5,1,26,7,NA,NA
1,0,0,27,5,31,4
1,10,2,31,0,34,8
1,6,0,23,5,27,8
1,7,1,34,0,39,6
1,12,2,37,0,NA,NA
1,4,0,25,3,30,7
2,17,6,40,0,NA,NA
2,33,0,NA,NA,NA,NA
2,18,2,48,3,NA,NA
2,4,0,24,5,27,3
2,15,NA,NA,NA,NA,NA
1,18,NA,NA,NA,NA,NA
1,5,0,23,3,32,8
2,29,8,NA,NA,NA,NA
2,24,8,NA,NA,NA,NA
1,8,1,33,0,36,6
2,27,6,74,4,NA,NA
1,33,7,NA,NA,NA,NA
1,33,8,NA,NA,NA,NA
2,46,0,NA,NA,NA,NA
2,20,7,-2,0,NA,NA
2,3,NA,NA,NA,NA,NA
2,15,5,48,7,NA,NA
2,65,8,NA,NA,NA,NA
1,56,8,NA,NA,NA,NA
2,58,0,NA,NA,NA,NA
1,16,5,53,0,63,5
2,6,1,23,4,33,7
2,13,5,52,3,NA,NA
1,15,3,35,0,37,0
1,12,4,33,0,37,8
2,0,0,20,8,23,8
1,2,0,21,7,25,5
1,37,7,NA,NA,NA,NA
1,25,2,NA,NA,NA,NA
2,24,5,NA,NA,NA,NA
1,17,8,43,0,49,2
2,17,5,NA,NA,NA,NA
2,7,0,30,0,32,0
2,36,2,NA,NA,NA,NA
1,26,3,NA,NA,NA,NA
1,8,2,44,0,57,4
1,19,0,28,0,34,6
1,15,NA,NA,NA,NA,NA
2,35,2,NA,NA,NA,NA
1,7,2,42,0,47,0
2,33,7,NA,NA,NA,NA
1,13,NA,NA,NA,NA,NA
2,7,1,29,0,33,0
1,15,4,37,0,NA,NA
1,3,0,22,4,NA,NA
1,39,8,NA,NA,NA,NA
2,-2,NA,NA,NA,NA,NA
2,7,2,23,0,25,7
1,13,5,37,8,51,9
1,30,12,NA,NA,NA,NA
1,29,12,NA,NA,NA,NA
1,33,8,NA,NA,NA,NA
2,6,0,28,4,35,9
2,0,0,34,4,39,6
1,57,0,NA,NA,NA,NA
1,12,3,59,0,61,0
2,4,0,33,0,41,8
1,2,0,31,6,NA,NA
2,24,0,NA,NA,NA,NA
1,27,8,NA,NA,NA,NA
2,33,0,NA,NA,NA,NA
1,34,7,NA,NA,NA,NA
1,31,0,NA,NA,NA,NA
1,2,0,21,4,25,7
2,42,0,NA,NA,NA,NA
1,50,8,NA,NA,NA,NA
2,11,0,34,0,37,6
2,3,0,26,4,NA,NA
1,5,0,24,7,NA,NA
2,32,6,NA,NA,NA,NA
1,38,8,NA,NA,NA,NA
2,3,0,27,2,NA,NA
2,2,0,20,0,NA,NA
1,5,0,31,4,52,8
2,23,5,37,5,39,3
1,20,7,47,0,49,0
1,27,8,NA,NA,NA,NA
1,6,0,32,0,33,4
2,18,5,NA,NA,NA,NA
2,5,1,41,0,45,8
1,16,3,43,4,NA,NA
2,3,NA,NA,NA,NA,NA
2,12,1,37,0,NA,NA
2,21,1,NA,NA,NA,NA
1,43,0,NA,NA,NA,NA
2,13,1,29,0,38,0
1,29,0,NA,NA,NA,NA
2,3,0,31,0,41,8
2,8,0,35,0,39,8
1,2,0,18,5,27,0
1,19,7,49,5,NA,NA
2,-2,0,NA,NA,NA,NA
1,7,0,26,2,29,0
2,30,6,NA,NA,NA,NA
1,7,0,31,0,NA,NA
2,7,0,29,4,NA,NA
2,14,4,35,0,39,8
1,18,6,36,5,38,2
2,27,8,NA,NA,NA,NA
1,30,7,NA,NA,NA,NA
2,3,0,25,0,27,0
2,10,2,39,0,45,8
2,40,0,NA,NA,NA,NA
2,21,8,NA,NA,NA,NA
2,33,7,NA,NA,NA,NA
1,25,4,49,0,NA,NA
2,3,0,28,4,31,5
2,9,0,37,0,NA,NA
1,0,0,25,6,NA,NA
1,43,6,NA,NA,NA,NA
1,27,4,NA,NA,NA,NA
2,34,1,NA,NA,NA,NA
1,27,0,NA,NA,NA,NA
1,11,2,37,8,NA,NA
2,12,6,44,0,57,4
2,55,2,NA,NA,NA,NA
1,43,1,NA,NA,NA,NA
1,12,7,34,0,37,0
1,8,0,25,5,30,6
2,21,7,NA,NA,NA,NA
1,15,5,39,0,41,5
2,31,0,NA,NA,NA,NA
1,12,2,31,0,34,8
2,24,5,NA,NA,NA,NA
2,16,2,50,0,57,0
2,44,3,NA,NA,NA,NA
2,25,0,NA,NA,NA,NA
1,15,NA,NA,NA,NA,NA
2,7,1,28,6,29,4
1,34,8,NA,NA,NA,NA
2,9,3,27,8,47,8
2,11,0,50,0,52,0
2,12,NA,NA,NA,NA,NA
2,7,0,29,4,33,12
2,11,2,28,0,34,6
2,7,1,31,8,NA,NA
1,31,4,NA,NA,NA,NA
1,16,8,44,0,47,9
2,54,0,NA,NA,NA,NA
2,1,0,32,0,NA,NA
2,14,4,36,2,39,8
2,13,6,45,0,48,0
2,37,4,NA,NA,NA,NA
2,32,0,NA,NA,NA,NA
1,50,5,NA,NA,NA,NA
2,35,4,58,0,NA,NA
2,6,NA,NA,NA,NA,NA
1,30,14,NA,NA,NA,NA
2,8,0,35,0,36,4
1,52,2,NA,NA,NA,NA
1,6,0,35,0,37,0
2,8,2,33,0,NA,NA
2,22,8,NA,NA,NA,NA
2,5,0,27,0,NA,NA
1,2,0,17,6,26,8
1,10,1,26,4,29,4
1,19,8,42,0,NA,NA
1,0,0,25,5,NA,NA
2,27,1,57,3,65,1
1,57,10,NA,NA,NA,NA
2,4,0,24,2,NA,NA
1,12,1,33,0,42,0
2,28,4,NA,NA,NA,NA
1,19,8,33,12,NA,NA
2,23,4,NA,NA,NA,NA
1,43,0,NA,NA,NA,NA
1,1,0,29,0,38,7
2,28,10,NA,NA,NA,NA
1,25,8,NA,NA,NA,NA
2,21,0,NA,NA,NA,NA
2,8,1,33,0,36,8
2,29,0,NA,NA,NA,NA
1,9,1,44,0,NA,NA
2,14,2,48,3,NA,NA
2,53,0,NA,NA,NA,NA
2,21,4,37,5,39,3
2,0,0,20,2,NA,NA
1,47,3,NA,NA,NA,NA
1,6,1,31,0,NA,NA
2,22,1,42,0,42,NA
2,3,0,22,3,39,10
2,23,4,NA,NA,NA,NA
1,39,0,NA,NA,NA,NA
1,29,3,NA,NA,NA,NA
2,6,0,25,0,29,0
1,1,NA,33,6,39,0
2,50,0,NA,NA,NA,NA
2,33,0,NA,NA,NA,NA
2,21,2,NA,NA,NA,NA
1,3,0,36,4,NA,NA
1,0,0,18,0,26,0
2,51,0,NA,NA,NA,NA
2,35,0,NA,NA,NA,NA
2,10,2,30,0,44,7
2,49,5,NA,NA,NA,NA
2,12,3,33,7,37,8
2,21,3,NA,NA,NA,NA
2,3,0,28,0,32,6
1,35,7,NA,NA,NA,NA
1,8,0,37,4,40,7
1,19,0,37,0,NA,NA
1,20,7,59,0,NA,NA
2,47,0,68,0,NA,NA
1,27,3,NA,NA,NA,NA
2,-2,0,NA,NA,NA,NA
1,12,2,47,0,NA,NA
2,13,0,39,0,NA,NA
1,33,0,57,0,NA,NA
2,17,4,NA,NA,NA,NA
1,65,5,NA,NA,NA,NA
1,11,3,38,0,NA,NA
1,10,1,37,0,44,0
1,7,4,30,10,NA,NA
2,55,0,NA,NA,NA,NA
2,18,NA,NA,NA,NA,NA
2,16,5,41,8,NA,NA
1,16,NA,NA,NA,NA,NA
1,13,5,31,7,NA,NA
2,6,0,37,4,40,7
1,5,0,32,0,NA,NA
1,31,5,NA,NA,NA,NA
1,0,0,25,0,29,8
2,32,5,NA,NA,NA,NA
1,33,0,NA,NA,NA,NA
2,15,2,29,0,35,8
2,17,0,NA,NA,NA,NA
1,32,6,NA,NA,NA,NA
2,3,0,22,6,NA,NA
1,16,7,32,0,NA,NA
2,17,2,NA,NA,NA,NA
2,29,4,NA,NA,NA,NA
1,34,5,NA,NA,NA,NA
2,21,5,NA,NA,NA,NA
2,20,NA,43,2,49,8
1,13,4,37,4,45,8
2,32,0,NA,NA,NA,NA
2,21,0,NA,NA,NA,NA
2,1,0,42,0,NA,NA
1,7,2,24,10,29,13
2,9,NA,NA,NA,NA,NA
2,10,2,37,0,NA,NA
1,38,6,67,0,NA,NA
2,46,0,NA,NA,NA,NA
1,26,0,62,0,NA,NA
2,18,5,NA,NA,NA,NA
1,26,11,53,3,57,5
2,5,0,41,0,49,4
1,6,1,33,0,41,8
1,40,7,NA,NA,NA,NA
1,12,2,40,0,48,8
1,4,0,23,0,29,8
1,15,0,49,0,NA,NA
1,13,2,35,0,37,12
2,16,3,32,0,43,1
1,25,5,NA,NA,NA,NA
2,10,1,37,3,39,8
1,14,5,33,0,NA,NA
2,22,7,NA,NA,NA,NA
1,14,6,32,7,NA,NA
1,16,8,34,0,37,0
2,27,0,NA,NA,NA,NA
1,27,8,NA,NA,NA,NA
1,5,0,23,0,NA,NA
1,1,0,23,4,26,6
2,17,8,58,3,64,3
2,7,0,46,0,52,6
1,13,5,32,7,37,0
2,8,3,27,2,NA,NA
1,17,8,58,4,NA,NA
2,2,0,23,2,29,8
2,24,6,54,0,61,2
1,0,0,18,3,23,4
1,16,4,38,0,NA,NA
1,16,4,55,0,NA,NA
1,21,5,42,0,NA,NA
2,17,NA,NA,NA,NA,NA
1,33,3,NA,NA,NA,NA
1,3,0,26,5,NA,NA
1,23,12,47,6,52,6
2,0,0,26,0,37,4
2,5,1,23,5,NA,NA
2,25,6,37,5,39,3
1,18,0,-2,0,NA,NA
1,14,3,41,0,53,7
1,35,6,NA,NA,NA,NA
2,34,6,NA,NA,NA,NA
1,0,0,21,8,23,8
2,31,0,NA,NA,NA,NA
1,1,0,25,8,NA,NA
1,33,8,59,0,69,0
1,13,2,55,0,NA,NA
1,29,6,NA,NA,NA,NA
2,7,0,23,5,NA,NA
2,3,0,27,5,31,4
1,3,0,23,0,25,7
1,7,1,41,0,37,8
2,2,0,25,0,27,0
2,3,0,25,0,NA,NA
2,54,1,NA,NA,NA,NA
1,0,0,49,0,59,2
1,0,0,31,5,36,8
1,6,0,35,0,36,4
1,55,0,NA,NA,NA,NA
2,25,8,NA,NA,NA,NA
2,31,7,62,0,NA,NA
1,34,4,NA,NA,NA,NA
2,2,0,19,6,19,6
1,11,2,38,4,NA,NA
2,11,3,31,4,52,8
2,22,0,NA,NA,NA,NA
2,5,0,24,3,NA,NA
2,25,0,NA,NA,NA,NA
2,0,0,26,4,NA,NA
1,4,0,35,2,40,3
1,17,0,38,0,45,8
1,2,0,34,7,37,8
1,46,11,NA,NA,NA,NA
2,62,3,NA,NA,NA,NA
2,18,NA,NA,NA,NA,NA
2,3,0,21,5,31,7
1,25,12,NA,NA,NA,NA
1,1,0,23,4,29,3
2,13,3,29,0,35,8
1,47,8,NA,NA,NA,NA
2,12,5,37,8,41,8
2,38,0,NA,NA,NA,NA
2,1,0,25,4,30,8
2,27,0,NA,NA,NA,NA
2,44,9,NA,NA,NA,NA
1,2,0,25,5,NA,NA
2,21,NA,NA,NA,NA,NA
2,4,0,26,5,NA,NA
1,16,2,35,0,NA,NA
1,3,0,23,3,27,7
2,45,0,79,0,NA,NA
1,3,0,21,6,22,8
2,59,0,NA,NA,NA,NA
2,1,0,20,0,24,7
2,11,0,49,0,53,8
2,12,5,48,0,52,3
2,18,NA,NA,NA,NA,NA
2,25,0,48,0,NA,NA
2,71,0,NA,NA,NA,NA
1,9,1,37,0,40,7
1,1,0,25,0,29,0
1,24,8,NA,NA,NA,NA
2,0,0,32,0,43,1
2,14,NA,40,0,42,NA
1,3,0,25,5,30,6
2,13,6,34,2,45,6
2,16,6,44,0,57,4
2,20,4,NA,NA,NA,NA
2,24,0,NA,NA,NA,NA
2,25,7,NA,NA,NA,NA
1,27,7,NA,NA,NA,NA
1,4,0,27,0,28,3
1,10,2,41,0,NA,NA
1,17,6,35,4,NA,NA
1,8,1,31,0,34,8
1,16,7,46,8,61,6
2,1,0,19,0,23,6
1,8,4,41,4,NA,NA
1,1,0,18,0,26,3
2,43,0,NA,NA,NA,NA
2,10,0,53,0,63,0
2,27,2,NA,NA,NA,NA
1,33,7,NA,NA,NA,NA
2,10,0,52,3,55,3
1,28,NA,61,0,NA,NA
2,15,5,49,0,56,0
2,0,0,29,0,33,8
2,19,2,44,0,NA,NA
1,9,4,34,8,38,8
1,62,6,NA,NA,NA,NA
1,2,0,26,0,37,4
2,61,0,NA,NA,NA,NA
2,37,0,NA,NA,NA,NA
1,1,0,29,2,31,8
2,65,4,NA,NA,NA,NA
1,49,0,NA,NA,NA,NA
1,1,0,30,3,39,4
2,39,0,61,0,NA,NA
1,4,1,47,0,NA,NA
2,34,0,NA,NA,NA,NA
1,11,0,48,3,NA,NA
1,26,3,NA,NA,NA,NA
2,8,1,30,6,30,6
1,14,4,32,0,39,0
2,5,NA,28,3,33,6
2,12,2,46,0,NA,NA
2,32,5,NA,NA,NA,NA
2,12,0,29,0,31,0
1,17,0,57,0,66,6
2,12,3,43,2,49,8
1,18,0,45,3,55,4
1,10,2,32,5,NA,NA
1,9,0,27,4,29,7
1,24,0,NA,NA,NA,NA
1,3,0,24,0,32,8
2,14,0,52,3,55,3
2,19,5,NA,NA,NA,NA
2,1,0,32,6,NA,NA
1,59,0,NA,NA,NA,NA
2,39,8,NA,NA,NA,NA
2,37,2,NA,NA,NA,NA
2,49,0,NA,NA,NA,NA
2,54,0,NA,NA,NA,NA
1,12,2,39,0,49,5
2,32,7,NA,NA,NA,NA
2,35,3,NA,NA,NA,NA
2,2,0,24,0,30,8
2,47,3,NA,NA,NA,NA
1,41,4,NA,NA,NA,NA
2,13,7,48,7,55,9
1,45,6,NA,NA,NA,NA
2,23,0,65,0,NA,NA
2,8,6,43,4,NA,NA
2,1,0,39,3,40,0
2,34,0,NA,NA,NA,NA
2,23,5,57,3,NA,NA
1,8,0,32,0,NA,NA
1,8,0,32,0,NA,NA
1,8,1,31,7,NA,NA
2,2,0,35,0,39,0
2,24,12,NA,NA,NA,NA
1,14,4,45,0,NA,NA
1,30,8,NA,NA,NA,NA
2,6,0,24,5,27,3
2,11,2,33,0,36,8
2,21,0,NA,NA,NA,NA
1,1,0,19,5,23,8
2,10,2,33,2,39,7
1,13,3,37,0,NA,NA
2,10,0,33,6,37,7
1,10,3,58,0,NA,NA
1,47,12,NA,NA,NA,NA
1,22,11,47,4,NA,NA
2,25,0,NA,NA,NA,NA
1,4,0,32,7,38,2
1,2,0,41,0,NA,NA
2,10,NA,NA,NA,NA,NA
2,31,12,57,0,NA,NA
1,56,6,NA,NA,NA,NA
2,13,2,33,0,43,7
1,39,12,NA,NA,NA,NA
1,16,5,43,4,50,5
2,55,0,NA,NA,NA,NA
1,0,0,25,7,NA,NA
2,20,4,NA,NA,NA,NA
2,67,0,NA,NA,NA,NA
2,48,3,NA,NA,NA,NA
1,39,12,NA,NA,NA,NA
2,37,4,NA,NA,NA,NA
2,28,0,NA,NA,NA,NA
1,29,8,58,6,NA,NA
2,19,6,53,0,63,0
1,5,0,21,4,26,5
2,3,2,23,14,27,12
1,0,0,21,3,27,3
1,1,0,25,2,27,4
2,1,0,19,2,NA,NA
1,51,4,NA,NA,NA,NA
2,37,0,NA,NA,NA,NA
2,38,3,NA,NA,NA,NA
2,17,2,49,0,NA,NA
2,57,3,NA,NA,NA,NA
1,3,NA,39,0,41,4
2,1,0,24,8,27,12
2,20,4,NA,NA,NA,NA
2,14,1,36,0,43,6
1,19,4,36,0,NA,NA
2,35,8,NA,NA,NA,NA
1,3,0,24,0,30,8
1,14,8,34,0,37,0
1,7,2,31,5,37,6
2,33,3,62,0,NA,NA
1,30,6,NA,NA,NA,NA
2,15,3,34,0,39,6
1,59,0,NA,NA,NA,NA
1,9,NA,NA,NA,NA,NA
1,15,7,47,4,50,8
1,27,12,57,0,59,0
2,-2,NA,NA,NA,NA,NA
1,18,6,58,2,70,4
2,11,1,29,0,38,0
2,7,0,27,0,32,0
2,5,0,36,8,39,7
2,21,0,NA,NA,NA,NA
1,10,1,29,0,34,0
1,21,0,37,2,NA,NA
2,15,4,55,0,62,5
2,20,0,NA,NA,NA,NA
2,17,5,34,0,40,8
2,12,3,35,0,37,0
1,1,0,21,6,22,8
2,2,0,44,0,49,0
1,40,3,NA,NA,NA,NA
1,2,0,23,8,25,6
1,4,0,43,4,50,5
1,23,7,47,0,NA,NA
2,7,2,27,3,29,3
1,11,NA,28,3,33,6
1,29,2,NA,NA,NA,NA
1,53,5,NA,NA,NA,NA
1,51,9,76,0,83,5
2,62,0,NA,NA,NA,NA
1,39,7,NA,NA,NA,NA
1,6,0,35,0,NA,NA
1,14,3,45,0,55,5
1,25,8,60,6,68,3
2,3,0,23,4,27,8
2,48,0,NA,NA,NA,NA
2,65,0,NA,NA,NA,NA
1,24,4,NA,NA,NA,NA
1,32,0,NA,NA,NA,NA
1,7,1,45,0,55,5
2,18,0,NA,NA,NA,NA
2,35,4,NA,NA,NA,NA
2,2,0,26,4,NA,NA
2,7,0,25,5,30,6
2,3,0,27,0,32,6
2,17,0,53,0,56,8
2,32,0,NA,NA,NA,NA
2,68,0,NA,NA,NA,NA
2,6,0,30,0,37,8
2,0,0,21,6,27,4
1,2,0,35,8,38,6
2,21,3,NA,NA,NA,NA
2,41,0,NA,NA,NA,NA
2,8,2,36,5,38,2
1,44,7,NA,NA,NA,NA
1,10,NA,NA,NA,NA,NA
2,23,8,49,4,55,8
2,60,4,NA,NA,NA,NA
2,11,NA,NA,NA,NA,NA
1,20,4,68,2,NA,NA
2,3,0,30,0,35,5
2,6,1,31,2,43,9
1,60,2,NA,NA,NA,NA
2,35,0,NA,NA,NA,NA
2,43,0,NA,NA,NA,NA
2,0,0,21,5,NA,NA
2,2,0,39,0,NA,NA
1,52,0,NA,NA,NA,NA
2,17,2,NA,NA,NA,NA
2,16,5,32,7,37,0
2,15,NA,NA,NA,NA,NA
1,25,4,55,0,NA,NA
2,24,5,NA,NA,NA,NA
2,6,0,32,2,37,6
1,24,NA,43,2,49,8
2,13,3,33,0,41,8
2,7,0,42,0,NA,NA
1,0,0,23,0,34,8
1,6,1,31,0,NA,NA
1,41,8,NA,NA,NA,NA
2,7,1,53,0,NA,NA
2,15,2,38,0,NA,NA
1,50,8,NA,NA,NA,NA
2,8,1,28,4,35,9
1,25,12,NA,NA,NA,NA
2,1,0,17,4,NA,NA
2,45,0,NA,NA,NA,NA
2,31,3,60,4,62,4
1,15,4,40,0,NA,NA
1,14,3,32,5,NA,NA
2,10,NA,NA,NA,NA,NA
1,8,NA,NA,NA,NA,NA
1,13,2,55,2,55,4
2,9,0,32,6,NA,NA
2,7,0,24,0,26,0
2,7,1,55,3,56,7
1,49,0,NA,NA,NA,NA
1,7,0,30,0,34,8
2,25,NA,63,0,NA,NA
1,4,0,45,0,55,5
1,21,3,45,0,NA,NA
2,14,NA,NA,NA,NA,NA
1,4,0,26,4,NA,NA
1,18,6,50,0,NA,NA
2,7,0,32,0,NA,NA
1,3,0,31,2,47,3
2,6,NA,NA,NA,NA,NA
2,18,NA,NA,NA,NA,NA
1,25,2,51,0,NA,NA
1,1,NA,NA,NA,NA,NA
1,5,0,27,6,34,6
2,27,4,NA,NA,NA,NA
1,9,2,46,0,57,2
1,23,12,58,2,70,4
1,33,8,69,0,73,3
1,4,0,21,3,27,3
1,5,0,51,0,57,0
2,16,9,38,5,NA,NA
1,42,10,NA,NA,NA,NA
1,36,4,NA,NA,NA,NA
2,23,2,NA,NA,NA,NA
1,2,0,26,0,30,7
1,3,0,34,1,43,1
1,24,7,55,0,62,5
1,57,0,NA,NA,NA,NA
1,61,0,NA,NA,NA,NA
1,16,3,32,0,NA,NA
1,10,NA,NA,NA,NA,NA
1,52,3,NA,NA,NA,NA
1,3,0,25,0,29,8
1,30,8,NA,NA,NA,NA
2,27,3,NA,NA,NA,NA
2,12,2,33,2,NA,NA
1,9,0,32,0,43,1
2,31,0,59,0,NA,NA
1,53,7,NA,NA,NA,NA
1,17,0,62,0,NA,NA
1,16,7,38,4,NA,NA
1,15,5,34,0,37,6
1,0,0,34,6,28,12
1,24,0,50,0,52,0
2,8,1,28,7,32,14
1,14,NA,38,0,NA,NA
1,30,7,NA,NA,NA,NA
1,31,8,NA,NA,NA,NA
2,12,5,34,5,51,8
2,41,4,NA,NA,NA,NA
2,3,0,26,0,30,0
1,4,0,22,8,27,8
1,16,8,33,5,38,6
1,48,0,NA,NA,NA,NA
2,1,0,35,0,37,0
1,27,7,52,2,48,8
2,6,0,24,0,NA,NA
2,4,0,35,0,39,0
1,43,8,NA,NA,NA,NA
2,37,0,NA,NA,NA,NA
1,9,0,24,0,26,0
1,22,5,60,6,68,3
2,5,0,39,0,NA,NA
1,5,0,32,0,NA,NA
2,11,2,37,0,NA,NA
1,21,4,42,0,NA,NA
1,37,8,NA,NA,NA,NA
1,2,0,21,7,NA,NA
2,8,0,36,4,NA,NA
2,12,0,45,0,55,0
2,58,0,NA,NA,NA,NA
2,29,6,59,3,NA,NA
2,4,1,53,0,NA,NA
2,35,8,74,4,NA,NA
2,0,0,30,0,44,7
2,23,4,NA,NA,NA,NA
1,4,0,27,8,NA,NA
1,7,1,33,3,NA,NA
2,5,0,27,0,32,0
1,-2,0,NA,NA,NA,NA
1,12,2,57,3,NA,NA
2,30,0,NA,NA,NA,NA
2,18,8,33,5,39,8
1,2,0,31,0,37,0
2,6,1,37,0,NA,NA
2,11,4,31,8,NA,NA
1,18,5,42,0,NA,NA
2,59,3,NA,NA,NA,NA
1,32,7,NA,NA,NA,NA
2,3,NA,22,0,27,0
1,30,8,NA,NA,NA,NA
1,2,0,21,8,NA,NA
1,30,NA,NA,NA,NA,NA
2,5,0,24,1,33,8
1,86,5,NA,NA,NA,NA
2,33,5,NA,NA,NA,NA
1,62,13,NA,NA,NA,NA
2,6,0,25,0,30,5
1,29,7,51,0,59,0
2,48,0,NA,NA,NA,NA
2,0,0,17,6,26,8
1,2,0,28,10,32,8
1,37,6,NA,NA,NA,NA
2,8,NA,NA,NA,NA,NA
2,21,0,48,0,NA,NA
1,12,1,42,2,47,3
1,20,11,53,0,59,0
1,10,1,31,3,33,8
1,22,8,NA,NA,NA,NA
2,3,0,24,2,NA,NA
1,4,0,31,6,39,9
1,64,0,NA,NA,NA,NA
1,12,2,32,0,37,7
1,31,8,NA,NA,NA,NA
1,13,4,34,7,37,8
1,4,1,30,0,44,7
2,27,1,NA,NA,NA,NA
1,18,1,47,0,NA,NA
2,13,3,36,0,NA,NA
1,2,0,34,0,41,0
1,14,6,51,7,57,8
2,12,4,34,7,47,12
1,19,12,52,3,NA,NA
1,1,0,24,5,28,12
1,9,NA,NA,NA,NA,NA
2,16,5,35,0,39,9
2,25,8,NA,NA,NA,NA
2,36,8,63,0,NA,NA
1,21,9,NA,NA,NA,NA
1,29,8,NA,NA,NA,NA
1,10,1,35,5,49,5
1,18,6,35,5,49,5
1,29,4,51,0,NA,NA
2,32,11,NA,NA,NA,NA
1,33,10,NA,NA,NA,NA
2,8,0,33,0,NA,NA
1,6,0,32,0,NA,NA
1,2,0,26,4,NA,NA
2,1,0,21,5,31,7
1,13,2,37,2,NA,NA
2,47,0,NA,NA,NA,NA
2,18,3,35,0,NA,NA
1,2,0,29,0,33,0
2,35,6,NA,NA,NA,NA
1,1,0,37,0,45,0
1,1,0,34,5,51,8
2,24,3,NA,NA,NA,NA
1,8,0,24,7,23,5
2,37,0,NA,NA,NA,NA
2,11,1,42,4,47,7
1,2,0,23,0,NA,NA
1,37,5,NA,NA,NA,NA
1,49,0,NA,NA,NA,NA
1,50,5,NA,NA,NA,NA
2,8,0,27,0,29,4
2,5,0,41,0,NA,NA
2,1,0,24,0,NA,NA
1,17,5,46,0,51,0
1,30,2,NA,NA,NA,NA
2,6,0,25,0,NA,NA
2,33,0,NA,NA,NA,NA
2,2,0,24,0,27,0
2,30,6,NA,NA,NA,NA
1,15,NA,NA,NA,NA,NA
1,29,6,NA,NA,NA,NA
2,27,0,NA,NA,NA,NA
2,16,1,48,3,NA,NA
2,2,NA,NA,NA,NA,NA
2,5,1,25,0,27,8
2,33,0,NA,NA,NA,NA
1,18,3,47,2,52,0
1,7,1,41,0,33,8
2,45,5,NA,NA,NA,NA
1,36,4,NA,NA,NA,NA
1,18,0,52,3,55,3
1,7,0,27,0,32,6
1,43,0,NA,NA,NA,NA
2,37,0,NA,NA,NA,NA
2,15,NA,NA,NA,NA,NA
1,6,0,31,0,34,8
2,54,0,NA,NA,NA,NA
2,39,5,NA,NA,NA,NA
2,2,0,45,0,55,5
1,10,2,33,0,37,8
2,23,4,NA,NA,NA,NA
2,21,2,NA,NA,NA,NA
2,14,5,54,4,NA,NA
2,18,2,34,0,NA,NA
2,18,0,NA,NA,NA,NA
2,23,6,NA,NA,NA,NA
2,46,0,NA,NA,NA,NA
2,57,3,NA,NA,NA,NA
2,5,0,23,0,29,6
1,61,2,NA,NA,NA,NA
2,2,0,27,1,NA,NA
2,2,0,24,7,NA,NA
1,0,0,27,0,36,3
1,37,8,NA,NA,NA,NA
1,28,5,NA,NA,NA,NA
2,57,0,NA,NA,NA,NA
1,5,0,35,4,40,8
1,39,4,NA,NA,NA,NA
1,20,11,43,0,49,2
1,8,2,35,0,37,12
2,7,0,22,4,NA,NA
2,1,0,24,6,29,3
2,4,0,23,5,27,8
2,34,2,NA,NA,NA,NA
1,12,4,34,2,37,0
2,25,6,45,5,NA,NA
1,0,0,35,0,38,8
1,19,3,55,0,58,0
2,36,7,53,6,57,8
1,37,8,NA,NA,NA,NA
1,1,0,21,0,NA,NA
2,3,0,21,7,NA,NA
2,32,7,NA,NA,NA,NA
1,21,10,45,5,NA,NA
2,1,NA,38,0,NA,NA
2,1,0,25,5,30,5
1,16,6,45,0,NA,NA
2,20,3,45,3,55,4
2,12,4,49,0,51,2
2,10,3,35,6,39,8
1,11,2,31,0,NA,NA
1,19,11,45,0,NA,NA
2,32,0,NA,NA,NA,NA
2,31,0,NA,NA,NA,NA
1,35,14,59,0,69,0
2,21,8,49,0,NA,NA
2,26,0,NA,NA,NA,NA
2,19,0,57,0,52,0
2,64,0,NA,NA,NA,NA
2,8,1,37,3,39,8
2,0,0,46,0,51,0
1,3,0,34,0,37,5
1,26,0,NA,NA,NA,NA
2,9,2,53,0,NA,NA
1,3,0,19,0,30,0
1,0,0,34,3,37,8
1,34,0,NA,NA,NA,NA
2,25,5,-2,0,NA,NA
2,13,4,38,0,NA,NA
2,55,0,NA,NA,NA,NA
2,21,7,NA,NA,NA,NA
2,9,1,27,2,NA,NA
2,25,2,NA,NA,NA,NA
1,3,0,34,0,37,6
2,5,0,21,5,31,7
1,25,2,NA,NA,NA,NA
1,12,5,31,0,37,8
2,1,0,24,0,25,5
1,1,0,33,0,39,8
1,23,7,NA,NA,NA,NA
2,31,0,NA,NA,NA,NA
2,75,3,NA,NA,NA,NA
2,6,0,23,0,27,7
1,19,0,37,0,NA,NA
1,32,8,NA,NA,NA,NA
1,0,0,25,0,27,8
1,8,1,39,0,NA,NA
1,14,5,-2,4,NA,NA
1,17,0,50,0,NA,NA
2,57,2,NA,NA,NA,NA
1,26,8,NA,NA,NA,NA
2,2,0,23,0,30,0
2,13,NA,NA,NA,NA,NA
2,27,1,NA,NA,NA,NA
1,6,2,26,5,NA,NA
2,39,0,NA,NA,NA,NA
2,32,0,NA,NA,NA,NA
2,5,0,45,3,48,3
2,17,0,54,0,61,0
2,1,0,17,2,22,7
2,1,0,32,4,NA,NA
2,14,4,47,0,NA,NA
1,29,8,NA,NA,NA,NA
1,23,13,68,2,NA,NA
2,-2,NA,NA,NA,NA,NA
2,13,1,37,0,43,0
1,39,3,NA,NA,NA,NA
2,6,0,29,0,33,14
2,33,8,57,0,NA,NA
2,19,5,NA,NA,NA,NA
2,5,0,28,0,32,6
1,33,14,NA,NA,NA,NA
1,16,5,35,0,37,12
2,42,0,NA,NA,NA,NA
1,3,0,29,3,59,6
2,3,0,37,3,39,8
1,10,1,30,0,39,8
2,13,1,33,0,33,0
2,11,0,32,0,NA,NA
2,27,0,NA,NA,NA,NA
2,4,0,31,9,NA,NA
1,18,4,40,0,63,6
1,-2,NA,NA,NA,NA,NA
1,13,3,36,0,50,5
2,28,3,68,0,70,0
1,33,7,NA,NA,NA,NA
1,23,3,41,0,43,0
2,2,0,18,6,22,2
2,27,0,NA,NA,NA,NA
1,11,3,53,0,63,5
2,61,0,NA,NA,NA,NA
2,9,0,34,3,38,6
1,6,0,25,3,NA,NA
2,2,0,25,6,NA,NA
1,21,9,50,3,NA,NA
1,14,1,33,0,42,0
1,18,12,45,1,NA,NA
1,73,0,NA,NA,NA,NA
2,48,5,NA,NA,NA,NA
2,10,0,33,0,42,0
2,20,10,40,0,43,12
2,33,12,NA,NA,NA,NA
1,28,4,NA,NA,NA,NA
2,26,6,NA,NA,NA,NA
1,10,NA,NA,NA,NA,NA
1,46,1,NA,NA,NA,NA
1,9,0,32,0,NA,NA
1,18,NA,NA,NA,NA,NA
2,3,0,24,6,31,7
2,25,5,NA,NA,NA,NA
1,39,6,NA,NA,NA,NA
2,51,0,NA,NA,NA,NA
1,12,3,34,0,40,8
2,16,NA,NA,NA,NA,NA
2,8,NA,NA,NA,NA,NA
2,0,0,33,0,36,8
1,3,0,24,8,27,12
2,8,2,43,0,NA,NA
1,24,0,NA,NA,NA,NA
1,-2,0,NA,NA,NA,NA
1,10,NA,NA,NA,NA,NA
2,5,0,37,0,NA,NA
2,19,4,53,0,NA,NA
2,17,1,NA,NA,NA,NA
2,28,NA,NA,NA,NA,NA
1,9,0,29,6,33,8
2,55,7,76,0,83,5
2,2,0,23,4,24,13
2,1,0,43,0,53,5
1,5,0,37,0,45,0
2,24,0,NA,NA,NA,NA
2,0,0,16,6,NA,NA
1,31,3,NA,NA,NA,NA
1,5,1,27,3,33,3
1,5,0,18,8,49,8
2,14,3,32,7,38,2
2,26,0,NA,NA,NA,NA
1,26,5,58,0,55,5
2,3,0,36,2,39,8
2,11,0,46,0,51,0
2,31,6,NA,NA,NA,NA
2,12,3,42,0,NA,NA
1,5,1,30,0,39,8
2,27,0,NA,NA,NA,NA
2,46,0,NA,NA,NA,NA
1,18,0,37,0,NA,NA
1,25,6,NA,NA,NA,NA
2,14,3,40,5,43,8
1,29,2,NA,NA,NA,NA
2,9,2,29,8,29,8
2,64,3,NA,NA,NA,NA
1,17,4,55,3,56,7
1,16,NA,NA,NA,NA,NA
2,13,3,38,4,NA,NA
1,47,12,77,0,79,0
2,23,0,NA,NA,NA,NA
2,9,NA,NA,NA,NA,NA
2,10,2,39,4,NA,NA
1,22,7,47,0,NA,NA
2,30,0,NA,NA,NA,NA
2,22,9,47,0,49,0
1,13,0,37,0,NA,NA
1,16,3,36,0,NA,NA
1,21,0,50,3,NA,NA
2,12,1,36,0,43,6
2,36,0,NA,NA,NA,NA
2,68,2,NA,NA,NA,NA
1,17,8,50,0,NA,NA
1,13,4,49,1,79,0
2,63,0,NA,NA,NA,NA
2,65,0,NA,NA,NA,NA
2,39,0,NA,NA,NA,NA
2,61,2,NA,NA,NA,NA
1,19,5,42,0,NA,NA
2,44,0,NA,NA,NA,NA
1,21,13,37,13,42,10
1,21,NA,NA,NA,NA,NA
1,26,7,NA,NA,NA,NA
1,5,0,23,1,26,7
2,40,8,NA,NA,NA,NA
1,40,0,NA,NA,NA,NA
1,3,NA,29,4,31,8
2,3,0,23,0,34,0
2,16,5,35,0,39,8
1,6,1,27,0,30,7
2,49,0,NA,NA,NA,NA
2,39,0,NA,NA,NA,NA
1,35,5,NA,NA,NA,NA
2,8,0,30,3,39,4
1,64,0,NA,NA,NA,NA
2,25,5,NA,NA,NA,NA
2,9,1,41,0,NA,NA
2,14,3,28,0,34,6
1,12,6,37,0,NA,NA
1,16,8,35,0,37,12
1,27,8,NA,NA,NA,NA
2,0,0,23,7,28,14
1,13,5,47,6,52,6
1,27,8,NA,NA,NA,NA
2,17,5,31,0,39,8
1,16,3,49,0,51,2
2,8,1,32,5,NA,NA
1,11,2,31,0,NA,NA
1,11,2,36,5,38,2
2,4,0,33,2,33,0
1,1,0,21,7,34,14
1,12,0,36,0,NA,NA
1,18,7,36,0,43,6
2,27,0,NA,NA,NA,NA
2,32,12,NA,NA,NA,NA
1,1,0,33,2,NA,NA
1,30,0,61,0,NA,NA
2,28,0,NA,NA,NA,NA
1,12,3,43,9,NA,NA
2,15,0,53,0,56,8
2,45,3,NA,NA,NA,NA
1,39,8,NA,NA,NA,NA
1,6,0,33,0,41,8
1,16,2,29,6,33,5
2,21,8,NA,NA,NA,NA
2,0,0,27,1,NA,NA
1,17,0,49,0,53,8
2,25,NA,NA,NA,NA,NA
2,12,0,32,0,34,4
2,18,NA,NA,NA,NA,NA
1,9,1,33,0,37,0
1,2,0,24,5,30,6
1,18,0,45,0,52,4
2,22,2,NA,NA,NA,NA
2,16,1,41,0,NA,NA
1,10,2,34,3,37,8
2,1,NA,20,0,25,4
2,4,0,25,6,29,7
1,76,0,NA,NA,NA,NA
2,10,2,37,0,NA,NA
1,13,2,41,0,45,7
1,61,0,NA,NA,NA,NA
1,18,6,35,2,41,4
2,24,2,NA,NA,NA,NA
2,9,0,27,0,30,8
1,36,4,NA,NA,NA,NA
2,7,0,36,0,NA,12
2,4,0,41,0,45,7
2,5,0,20,2,22,2
2,29,8,NA,NA,NA,NA
2,58,3,NA,NA,NA,NA
1,5,0,37,0,40,6
2,18,4,47,4,50,8
2,12,1,30,0,37,0
1,4,1,39,3,40,0
2,18,0,37,0,NA,NA
1,29,14,NA,NA,NA,NA
2,34,16,NA,NA,NA,NA
1,7,2,33,0,NA,NA
2,27,6,NA,NA,NA,NA
1,12,0,53,0,63,0
2,7,1,52,0,NA,NA
2,13,6,49,4,55,8
2,18,3,30,0,NA,NA
1,3,0,28,3,NA,NA
1,15,6,52,3,NA,NA
2,25,3,NA,NA,NA,NA
1,8,1,32,0,39,0
2,15,NA,NA,NA,NA,NA
2,58,4,NA,NA,NA,NA
2,24,7,NA,NA,NA,NA
2,33,0,NA,NA,NA,NA
2,25,0,50,3,NA,NA
2,20,6,51,0,69,3
1,45,8,NA,NA,NA,NA
2,33,6,58,3,NA,NA
2,24,0,NA,NA,NA,NA
2,34,0,NA,NA,NA,NA
2,24,2,NA,NA,NA,NA
1,17,7,52,3,NA,NA
2,1,0,23,8,31,8
1,7,0,32,0,35,8
1,4,NA,38,0,NA,NA
2,50,0,NA,NA,NA,NA
1,6,1,28,7,32,11
2,25,4,NA,NA,NA,NA
2,7,2,27,7,NA,NA
2,15,0,34,3,38,6
2,16,4,36,8,39,7
1,19,8,36,0,NA,NA
2,29,4,NA,NA,NA,NA
2,47,0,NA,NA,NA,NA
2,22,5,NA,NA,NA,NA
2,1,0,21,3,23,6
1,41,0,NA,NA,NA,NA
2,30,10,NA,NA,NA,NA
2,49,0,NA,NA,NA,NA
2,30,7,NA,NA,NA,NA
2,9,0,46,2,52,0
1,34,8,NA,NA,NA,NA
1,28,8,NA,NA,NA,NA
2,7,1,22,0,30,6
1,43,12,NA,NA,NA,NA
2,23,0,NA,NA,NA,NA
2,30,4,NA,NA,NA,NA
1,11,5,30,6,32,8
1,10,1,33,0,43,7
1,8,3,39,0,49,5
1,27,7,NA,NA,NA,NA
1,30,8,NA,NA,NA,NA
1,29,8,61,0,NA,NA
2,22,0,NA,NA,NA,NA
2,0,0,29,6,34,12
2,24,7,NA,NA,NA,NA
2,37,0,NA,NA,NA,NA
1,6,1,28,2,33,11
1,5,0,34,8,38,8
1,33,12,NA,NA,NA,NA
2,7,1,41,0,42,5
1,7,NA,38,0,NA,NA
1,6,1,27,6,31,0
1,13,0,33,5,38,6
2,3,0,34,16,NA,NA
1,7,1,29,8,29,8
1,59,0,NA,NA,NA,NA
1,7,0,26,0,30,0
2,0,0,27,3,30,8
2,3,NA,NA,NA,NA,NA
2,49,0,NA,NA,NA,NA
2,12,3,35,2,40,3
2,33,0,NA,NA,NA,NA
1,4,NA,36,5,40,3
1,38,8,NA,NA,NA,NA
2,43,0,NA,NA,NA,NA
2,50,0,NA,NA,NA,NA
1,7,1,30,0,36,0
2,9,3,25,8,NA,NA
1,6,0,31,3,33,8
2,19,0,NA,NA,NA,NA
2,8,1,37,0,40,6
1,39,8,NA,NA,NA,NA
2,22,8,NA,NA,NA,NA
1,43,9,NA,NA,NA,NA
2,21,5,NA,NA,NA,NA
2,10,0,36,4,NA,NA
2,5,0,34,2,45,6
2,20,4,NA,NA,NA,NA
2,9,1,28,0,32,7
2,7,0,22,0,31,4
1,9,3,28,3,36,7
2,5,0,32,0,38,8
2,17,2,53,0,57,0
2,6,1,32,0,35,8
2,76,0,NA,NA,NA,NA
1,51,8,NA,NA,NA,NA
2,26,0,55,0,NA,NA
2,16,4,55,2,60,5
2,16,6,31,8,NA,NA
1,20,NA,NA,NA,NA,NA
2,11,1,32,7,37,0
1,10,0,35,0,NA,NA
1,55,0,NA,NA,NA,NA
1,73,8,NA,NA,NA,NA
1,6,0,29,0,NA,NA
2,20,4,NA,NA,NA,NA
1,4,0,22,8,24,8
2,30,6,NA,NA,NA,NA
2,18,4,NA,NA,NA,NA
1,10,1,33,0,37,0
2,13,3,45,2,NA,NA
1,30,6,59,0,62,6
2,9,0,35,0,NA,NA
2,21,6,NA,NA,NA,NA
2,30,0,NA,NA,NA,NA
1,0,NA,25,2,28,6
1,10,5,27,0,NA,NA
2,15,0,37,2,39,3
2,5,0,27,6,NA,NA
1,9,0,38,3,NA,NA
1,19,8,47,6,48,14
2,7,1,37,0,49,5
1,9,3,27,6,31,8
1,37,6,NA,NA,NA,NA
2,29,0,NA,NA,NA,NA
1,0,0,21,4,25,7
2,3,0,44,7,46,11
2,47,6,NA,NA,NA,NA
1,32,5,NA,NA,NA,NA
2,11,NA,NA,NA,NA,NA
2,26,6,NA,NA,NA,NA
1,2,0,26,0,NA,NA
2,1,0,16,0,22,8
2,30,0,NA,NA,NA,NA
2,6,0,25,2,NA,NA
1,1,0,30,0,35,5
1,13,3,37,8,43,9
1,9,0,30,0,32,0
2,27,0,NA,NA,NA,NA
1,0,0,35,8,38,6
2,27,6,NA,NA,NA,NA
2,3,1,25,0,34,5
2,9,NA,38,0,NA,NA
2,59,0,NA,NA,NA,NA
1,23,12,40,5,43,8
2,9,2,31,6,41,6
1,14,6,45,0,50,8
1,19,6,55,2,60,5
2,14,1,29,6,33,5
2,21,5,NA,NA,NA,NA
2,3,0,25,5,NA,NA
2,1,0,23,1,26,7
2,3,0,35,0,37,12
1,27,5,51,0,NA,NA
2,8,0,28,0,34,6
2,10,2,35,0,38,8
2,22,6,NA,NA,NA,NA
1,23,8,40,0,63,6
2,25,5,NA,NA,NA,NA
1,9,0,36,0,NA,NA
1,39,8,NA,NA,NA,NA
1,10,0,39,0,49,5
2,38,5,NA,NA,NA,NA
1,12,2,43,0,48,NA
1,30,4,NA,NA,NA,NA
2,14,3,38,0,NA,NA
2,5,0,36,5,NA,NA
2,0,0,17,0,18,0
2,13,NA,NA,NA,NA,NA
2,37,5,NA,NA,NA,NA
2,1,0,38,0,49,4
1,3,0,27,7,NA,NA
2,19,8,59,0,61,0
2,31,4,NA,NA,NA,NA
2,8,NA,NA,NA,NA,NA
1,3,0,26,0,NA,NA
2,35,0,NA,NA,NA,NA
2,52,0,NA,NA,NA,NA
2,68,2,NA,NA,NA,NA
1,18,11,49,4,55,8
1,48,0,NA,NA,NA,NA
2,32,0,59,0,NA,NA
2,1,0,34,2,37,0
2,18,10,41,4,NA,NA
1,7,0,33,2,NA,NA
1,38,0,NA,NA,NA,NA
2,14,1,33,0,36,0
1,17,8,34,7,37,8
1,22,2,NA,NA,NA,NA
2,25,0,NA,NA,NA,NA
1,75,0,NA,NA,NA,NA
2,7,1,34,2,37,0
2,13,3,55,2,55,4
1,38,8,NA,NA,NA,NA
2,21,7,NA,NA,NA,NA
1,5,0,33,2,NA,NA
2,27,8,NA,NA,NA,NA
2,7,0,30,4,33,7
1,3,0,40,0,NA,NA
1,14,5,32,0,NA,NA
1,13,7,48,0,52,2
2,81,0,NA,NA,NA,NA
1,30,5,NA,NA,NA,NA
2,7,2,31,0,36,6
1,22,0,54,0,61,0
2,24,0,NA,NA,NA,NA
1,5,1,42,0,47,0
2,5,0,32,0,NA,NA
2,35,0,NA,NA,NA,NA
1,37,8,NA,NA,NA,NA
2,20,2,NA,NA,NA,NA
2,48,0,NA,NA,NA,NA
2,29,4,NA,NA,NA,NA
2,7,0,37,0,NA,NA
1,1,0,23,14,27,12
1,19,NA,63,0,NA,NA
2,6,0,24,0,30,8
1,27,0,NA,NA,NA,NA
2,68,0,NA,NA,NA,NA
2,18,10,34,8,38,8
1,16,2,28,0,34,6
2,11,3,45,2,NA,NA
1,22,NA,NA,NA,NA,NA
1,37,3,NA,NA,NA,NA
1,13,3,45,5,NA,NA
1,22,6,NA,NA,NA,NA
1,14,3,37,4,40,7
2,1,0,32,2,37,6
1,63,6,NA,NA,NA,NA
2,4,0,35,5,NA,NA
1,28,5,NA,NA,NA,NA
1,16,0,32,0,33,4
1,36,8,NA,NA,NA,NA
2,5,0,37,0,55,2
1,22,4,68,2,NA,NA
1,13,NA,NA,NA,NA,NA
1,4,0,21,7,NA,NA
2,26,0,NA,NA,NA,NA
2,11,NA,NA,NA,NA,NA
2,5,0,34,16,NA,NA
1,33,0,NA,NA,NA,NA
1,10,2,29,4,31,8
2,15,6,38,0,NA,NA
1,7,0,30,0,33,5
2,11,4,33,12,NA,NA
1,27,8,NA,NA,NA,NA
1,2,0,22,3,28,8
2,0,0,23,8,25,5
2,0,0,20,4,NA,NA
1,10,NA,NA,NA,NA,NA
2,6,2,35,8,39,12
2,51,1,NA,NA,NA,NA
2,7,1,24,6,29,3
2,29,0,NA,NA,NA,NA
2,1,NA,27,6,31,8
2,18,4,NA,NA,NA,NA
1,88,0,NA,NA,NA,NA
2,18,3,41,0,NA,NA
1,11,0,37,0,NA,NA
1,2,0,28,0,NA,NA
2,33,0,NA,NA,NA,NA
1,45,8,NA,NA,NA,NA
1,4,NA,43,9,NA,NA
2,6,0,35,0,37,12
2,19,0,NA,NA,NA,NA
2,13,6,34,8,NA,NA
1,14,7,49,0,51,5
1,6,2,58,4,NA,NA
2,32,0,NA,NA,NA,NA
1,73,3,NA,NA,NA,NA
2,27,6,NA,NA,NA,NA
1,3,0,21,4,25,7
2,30,0,NA,NA,NA,NA
1,1,0,43,4,50,5
1,48,4,NA,NA,NA,NA
1,53,2,NA,NA,NA,NA
2,46,0,NA,NA,NA,NA
1,5,1,31,0,36,6
2,13,0,40,8,47,8
2,58,0,NA,NA,NA,NA
2,14,4,33,0,NA,NA
2,10,NA,NA,NA,NA,NA
1,16,0,45,0,52,4
1,12,5,49,8,57,6
1,41,8,NA,NA,NA,NA
1,29,0,NA,NA,NA,NA
1,50,5,NA,NA,NA,NA
1,12,1,44,7,46,11
1,1,0,20,4,29,0
1,23,8,NA,NA,NA,NA
2,30,2,NA,NA,NA,NA
1,11,2,55,1,NA,NA
1,0,0,23,4,38,6
2,3,0,25,0,NA,NA
2,57,0,NA,NA,NA,NA
1,25,NA,NA,NA,NA,NA
2,16,2,35,0,39,8
1,2,0,34,0,NA,NA
1,6,0,25,5,27,0
1,25,4,NA,NA,NA,NA
1,4,0,28,0,32,7
1,14,6,37,8,41,8
2,23,6,NA,NA,NA,NA
1,5,0,30,0,35,5
2,27,8,53,4,57,10
1,3,0,21,4,26,5
1,26,0,NA,NA,NA,NA
2,9,1,35,0,39,9
2,3,0,25,3,29,8
1,35,12,NA,NA,NA,NA
2,14,0,34,0,NA,NA
1,29,8,NA,NA,NA,NA
1,27,0,51,0,59,0
1,5,0,29,4,NA,NA
2,12,NA,NA,NA,NA,NA
2,25,6,NA,NA,NA,NA
1,30,3,NA,NA,NA,NA
2,18,12,39,0,NA,NA
2,3,0,27,1,NA,NA
2,13,0,45,0,NA,NA
1,1,0,33,0,37,0
1,8,0,36,0,43,6
2,37,0,NA,NA,NA,NA
1,21,5,59,0,NA,NA
1,2,0,21,6,30,12
1,1,0,23,4,34,4
2,33,0,NA,NA,NA,NA
2,0,0,25,2,28,6
2,25,0,NA,NA,NA,NA
2,21,6,NA,NA,NA,NA
1,67,0,NA,NA,NA,NA
1,57,2,NA,NA,NA,NA
2,61,0,NA,NA,NA,NA
2,27,3,NA,NA,NA,NA
2,6,1,32,4,NA,NA
1,14,3,48,3,NA,NA
2,29,0,NA,NA,NA,NA
2,37,0,NA,NA,NA,NA
1,23,0,57,0,66,6
2,61,0,NA,NA,NA,NA
1,0,0,19,5,23,6
1,51,5,NA,NA,NA,NA
2,3,0,25,0,27,6
1,57,4,NA,NA,NA,NA
1,37,5,NA,NA,NA,NA
1,8,0,52,3,55,3
2,6,0,35,0,39,0
1,3,0,29,0,NA,NA
2,33,0,NA,NA,NA,NA
2,28,4,NA,NA,NA,NA
1,48,0,NA,NA,NA,NA
2,8,NA,NA,NA,NA,NA
2,22,4,NA,NA,NA,NA
1,10,1,50,0,57,0
1,6,NA,NA,NA,NA,NA
1,13,NA,28,3,33,6
2,5,NA,NA,NA,NA,NA
1,13,NA,NA,NA,NA,NA
2,4,0,25,7,NA,NA
1,14,7,57,3,NA,NA
2,29,14,55,7,NA,NA
2,43,2,NA,NA,NA,NA
2,1,0,25,0,41,12
2,33,2,NA,NA,NA,NA
1,82,0,NA,NA,NA,NA
1,3,0,49,0,59,2
2,2,0,35,8,37,10
2,47,0,NA,NA,NA,NA
1,1,0,25,0,NA,NA
2,55,2,NA,NA,NA,NA
1,11,NA,NA,NA,NA,NA
1,5,0,29,8,48,12
2,16,5,34,0,41,0
2,2,0,20,8,23,8
1,20,13,45,0,48,0
1,25,14,48,0,52,3
2,1,0,32,0,37,0
1,23,0,NA,NA,NA,NA
1,61,0,NA,NA,NA,NA
1,12,4,33,6,37,7
1,20,0,48,3,NA,NA
2,23,4,NA,NA,NA,NA
1,23,5,55,1,NA,NA
2,3,0,23,0,33,7
1,49,3,NA,NA,NA,NA
1,24,2,45,0,55,5
1,1,0,19,3,NA,NA
1,5,0,46,2,52,0
2,35,3,NA,NA,NA,NA
1,8,1,35,4,40,8
1,12,0,32,0,43,1
1,31,0,NA,NA,NA,NA
2,60,0,NA,NA,NA,NA
2,57,2,NA,NA,NA,NA
1,43,5,NA,NA,NA,NA
1,4,NA,NA,NA,NA,NA
2,23,5,NA,NA,NA,NA
1,33,7,NA,NA,NA,NA
1,70,12,NA,NA,NA,NA
2,74,4,NA,NA,NA,NA
1,37,7,NA,NA,NA,NA
1,19,4,53,0,NA,NA
2,48,0,NA,NA,NA,NA
1,28,5,NA,NA,NA,NA
2,14,5,37,0,47,6
1,33,5,NA,NA,NA,NA
2,23,7,NA,NA,NA,NA
2,14,4,30,0,37,0
1,14,3,37,0,NA,NA
2,18,0,51,0,69,3
1,19,8,51,0,57,0
2,38,0,67,2,NA,NA
2,15,5,37,0,45,0
2,10,1,36,2,38,0
2,4,0,28,0,29,6
1,33,12,NA,NA,NA,NA
2,10,3,46,0,50,6
1,5,0,33,0,37,0
2,38,0,NA,NA,NA,NA
1,11,0,33,0,NA,NA
1,19,NA,NA,NA,NA,NA
1,0,0,28,0,33,3
2,49,0,NA,NA,NA,NA
2,3,0,35,0,39,8
2,25,4,NA,NA,NA,NA
2,12,NA,NA,NA,NA,NA
2,8,2,40,6,49,3
1,34,8,NA,NA,NA,NA
2,4,0,27,2,NA,NA
2,3,0,23,5,NA,NA
2,19,5,NA,NA,NA,NA
2,3,0,27,0,NA,NA
1,29,7,NA,NA,NA,NA
2,22,0,57,0,NA,NA
2,2,0,31,0,37,8
1,20,7,NA,NA,NA,NA
1,5,0,45,0,52,3
2,1,0,21,5,26,8
1,21,7,45,2,NA,NA
2,25,5,NA,NA,NA,NA
1,17,3,36,0,40,8
1,26,7,NA,NA,NA,NA
2,51,0,NA,NA,NA,NA
1,0,0,21,0,NA,NA
1,23,8,NA,NA,NA,NA
2,19,0,NA,NA,NA,NA
1,41,8,NA,NA,NA,NA
1,19,NA,NA,NA,NA,NA
1,29,3,NA,NA,NA,NA
2,8,1,29,2,31,8
1,50,6,NA,NA,NA,NA
2,30,3,55,0,NA,NA
2,13,0,44,0,49,0
1,20,6,53,2,NA,NA
2,17,0,NA,NA,NA,NA
2,25,0,NA,NA,NA,NA
2,51,0,68,0,NA,NA
1,3,0,20,5,28,8
2,25,3,NA,NA,NA,NA
1,25,12,NA,NA,NA,NA
2,1,0,19,3,25,6
2,15,8,33,12,NA,NA
1,8,1,31,0,34,8
2,0,0,24,0,30,3
2,1,0,22,8,37,8
2,67,2,NA,NA,NA,NA
2,4,0,29,0,33,0
2,4,0,21,0,25,0
1,30,7,NA,NA,NA,NA
2,4,0,22,5,27,0
1,18,8,35,8,38,12
2,9,0,45,0,NA,NA
1,13,NA,NA,NA,NA,NA
2,19,4,NA,NA,NA,NA
1,14,3,37,0,40,6
1,1,0,26,3,30,2
1,10,1,34,0,NA,NA
1,23,0,59,0,69,0
2,40,0,NA,NA,NA,NA
2,1,0,28,0,32,6
1,20,2,46,0,51,0
2,2,0,31,2,43,9
1,69,3,NA,NA,NA,NA
2,47,0,NA,NA,NA,NA
2,31,8,68,2,NA,NA
2,22,8,NA,NA,NA,NA
1,17,4,54,0,61,2
2,15,NA,NA,NA,NA,NA
1,23,8,47,3,NA,NA
2,23,13,43,9,NA,NA
1,14,4,37,0,40,5
2,27,6,69,0,73,3
1,22,1,64,4,NA,NA
2,30,0,NA,NA,NA,NA
1,1,0,28,4,31,5
2,12,NA,NA,NA,NA,NA
2,15,NA,NA,NA,NA,NA
2,9,0,31,8,NA,NA
2,42,0,NA,NA,NA,NA
2,17,NA,NA,NA,NA,NA
2,0,0,19,4,21,6
1,1,0,26,0,30,0
2,24,10,NA,NA,NA,NA
2,61,0,NA,NA,NA,NA
1,40,10,NA,NA,NA,NA
2,40,0,NA,NA,NA,NA
1,18,7,39,0,NA,NA
1,18,6,40,6,49,3
2,23,0,NA,NA,NA,NA
2,35,4,NA,NA,NA,NA
2,9,0,37,0,40,5
1,10,2,45,2,NA,NA
1,22,6,37,0,NA,NA
2,2,0,25,0,27,8
1,3,0,22,0,31,4
2,4,0,39,0,42,2
1,5,0,36,0,NA,12
1,13,5,40,0,61,8
2,29,0,NA,NA,NA,NA
1,27,NA,NA,NA,NA,NA
2,25,0,67,0,NA,NA
1,7,0,32,6,NA,NA
2,14,3,37,0,NA,NA
1,5,1,41,4,NA,NA
2,1,0,21,0,NA,NA
1,23,6,35,0,NA,NA
1,18,3,38,0,NA,NA
1,2,2,41,0,NA,NA
2,13,3,39,0,NA,NA
2,11,0,39,0,41,5
2,2,0,25,0,36,7
2,41,0,NA,NA,NA,NA
2,20,3,38,3,NA,NA
2,7,0,39,0,41,5
2,33,10,NA,NA,NA,NA
1,3,0,33,5,47,6
1,64,3,NA,NA,NA,NA
2,22,7,43,0,48,NA
1,0,0,27,0,30,7
2,26,7,48,0,NA,NA
2,77,5,NA,NA,NA,NA
2,0,0,23,5,NA,NA
2,40,0,NA,NA,NA,NA
2,57,0,NA,NA,NA,NA
2,7,0,41,0,45,7
2,4,0,34,7,37,8
2,10,2,43,0,53,5
1,70,4,NA,NA,NA,NA
2,57,3,NA,NA,NA,NA
1,33,0,NA,NA,NA,NA
1,37,0,NA,NA,NA,NA
2,42,10,77,0,79,0
1,39,8,NA,NA,NA,NA
2,59,0,NA,NA,NA,NA
2,22,0,NA,NA,NA,NA
1,18,1,42,0,42,NA
1,38,8,NA,NA,NA,NA
1,6,0,27,0,30,8
2,11,1,43,0,50,5
2,17,3,NA,NA,NA,NA
1,18,6,38,0,NA,NA
1,28,12,NA,NA,NA,NA
2,6,0,31,0,34,8
2,14,8,57,2,60,0
1,31,8,NA,NA,NA,NA
2,35,0,NA,NA,NA,NA
1,5,0,26,4,29,4
1,3,0,33,0,33,0
1,47,0,NA,NA,NA,NA
2,5,0,43,0,48,NA
2,66,0,NA,NA,NA,NA
2,18,6,43,9,NA,NA
2,1,NA,18,8,49,8
1,1,0,30,0,36,0
2,25,5,59,0,62,6
1,6,1,47,0,NA,NA
2,15,NA,NA,NA,NA,NA
2,32,0,NA,NA,NA,NA
1,5,0,29,0,38,0
1,33,5,NA,NA,NA,NA
1,11,3,37,0,49,5
1,15,0,51,0,57,0
1,7,NA,40,0,42,NA
1,19,NA,55,4,57,5
2,1,0,23,7,29,4
1,29,0,NA,NA,NA,NA
1,16,2,35,0,39,8
2,15,0,43,0,NA,NA
2,5,NA,NA,NA,NA,NA
1,17,5,37,0,40,5
2,18,5,38,4,NA,NA
2,33,5,NA,NA,NA,NA
2,73,0,NA,NA,NA,NA
1,30,6,NA,NA,NA,NA
1,2,0,29,4,NA,NA
1,27,3,NA,NA,NA,NA
1,37,0,NA,NA,NA,NA
1,3,NA,24,7,31,8
1,32,8,NA,NA,NA,NA
1,50,8,NA,NA,NA,NA
1,17,3,37,5,39,3
2,0,0,29,4,33,12
1,18,2,46,0,51,0
2,26,0,NA,NA,NA,NA
1,18,5,58,3,NA,NA
1,0,NA,25,8,29,8
2,8,1,25,4,29,8
2,13,1,31,6,39,9
2,21,8,NA,NA,NA,NA
2,10,1,39,0,42,2
1,17,4,37,0,43,0
1,37,7,NA,NA,NA,NA
2,68,0,NA,NA,NA,NA
1,3,NA,NA,NA,NA,NA
2,48,7,NA,NA,NA,NA
2,21,8,NA,NA,NA,NA
1,11,2,37,0,NA,NA
1,27,5,NA,NA,NA,NA
2,18,0,NA,NA,NA,NA
1,6,2,39,6,NA,NA
1,14,5,33,0,41,8
1,19,0,65,0,NA,NA
1,16,3,41,0,53,7
2,7,1,24,0,30,8
1,0,0,47,0,NA,NA
1,23,16,44,9,NA,NA
2,11,0,49,0,NA,NA
1,45,8,NA,NA,NA,NA
2,56,0,NA,NA,NA,NA
2,19,3,NA,NA,NA,NA
1,14,3,46,0,51,0
2,9,3,35,4,NA,NA
1,0,0,37,0,39,6
2,16,4,34,2,37,0
2,2,0,19,2,19,6
1,23,8,48,6,NA,NA
2,9,2,34,0,41,0
2,25,2,NA,NA,NA,NA
2,16,2,47,2,52,0
1,5,0,32,0,NA,NA
2,15,0,32,0,NA,NA
2,5,0,24,0,32,8
2,0,0,28,0,29,6
1,27,6,NA,NA,NA,NA
1,15,2,49,0,NA,NA
1,23,8,NA,NA,NA,NA
2,5,4,35,3,NA,NA
1,7,0,28,0,30,8
1,23,2,NA,NA,NA,NA
1,4,0,24,0,28,0
1,13,2,43,0,50,5
1,27,4,NA,NA,NA,NA
2,57,0,NA,NA,NA,NA
1,7,0,29,0,NA,NA
2,12,3,41,0,NA,NA
2,14,0,46,0,51,0
1,17,4,35,0,NA,NA
2,8,1,41,0,39,3
1,32,6,NA,NA,NA,NA
1,30,8,NA,NA,NA,NA
2,1,0,23,5,27,8
1,25,6,NA,NA,NA,NA
1,12,0,31,0,NA,NA
1,24,4,NA,NA,NA,NA
1,30,7,57,1,67,0
2,23,3,NA,NA,NA,NA
2,3,0,27,3,33,3
2,28,6,NA,NA,NA,NA
2,12,NA,NA,NA,NA,NA
1,3,0,29,5,33,8
2,45,2,NA,NA,NA,NA
1,14,4,43,0,48,NA
1,10,2,29,0,33,14
2,60,0,NA,NA,NA,NA
2,51,0,NA,NA,NA,NA
1,3,0,19,4,29,12
2,27,8,NA,NA,NA,NA
1,10,NA,NA,NA,NA,NA
1,14,3,36,8,39,7
1,38,7,NA,NA,NA,NA
1,9,0,30,6,32,8
1,16,5,33,5,39,8
1,15,2,35,0,NA,NA
2,25,0,NA,NA,NA,NA
1,9,2,32,0,38,8
1,4,0,29,0,32,8
2,49,0,NA,NA,NA,NA
1,55,4,NA,NA,NA,NA
2,57,5,NA,NA,NA,NA
2,26,0,NA,NA,NA,NA
1,37,0,NA,NA,NA,NA
1,14,4,48,5,56,3
1,13,3,48,0,NA,NA
1,53,8,NA,NA,NA,NA
2,5,1,26,0,33,6
2,23,6,45,0,NA,NA
1,16,NA,NA,NA,NA,NA
1,9,1,30,0,37,0
2,20,8,NA,NA,NA,NA
2,27,3,NA,NA,NA,NA
1,13,NA,NA,NA,NA,NA
2,24,11,63,4,88,0
1,7,NA,NA,NA,NA,NA
2,8,4,35,6,39,8
1,2,0,24,7,25,8
1,11,0,-2,7,NA,NA
2,9,0,38,0,45,8
2,2,0,25,4,30,8
1,4,0,36,0,NA,NA
1,20,NA,NA,NA,NA,NA
2,13,6,30,6,32,8
1,11,3,41,0,45,8
1,27,4,NA,NA,NA,NA
2,14,0,32,0,33,4
1,3,NA,NA,NA,NA,NA
2,6,0,47,6,48,14
2,16,5,NA,NA,NA,NA
2,10,2,29,8,NA,NA
2,25,4,NA,NA,NA,NA
1,27,7,61,0,NA,NA
2,5,0,25,6,NA,NA
2,16,0,50,0,47,8
2,24,0,NA,NA,NA,NA
1,10,4,44,5,50,7
2,19,0,52,0,55,0
2,21,5,NA,NA,NA,NA
1,28,0,NA,NA,NA,NA
2,6,1,21,3,27,3
2,41,0,NA,NA,NA,NA
1,1,0,18,4,NA,NA
2,29,0,NA,NA,NA,NA
2,26,0,NA,NA,NA,NA
2,21,0,NA,NA,NA,NA
2,16,1,55,4,75,5
1,43,4,NA,NA,NA,NA
2,12,0,25,0,27,0
2,23,0,NA,NA,NA,NA
2,58,6,NA,NA,NA,NA
2,1,0,25,0,NA,NA
2,28,3,NA,NA,NA,NA
2,12,5,39,0,NA,NA
2,13,0,47,0,NA,NA
1,27,6,NA,NA,NA,NA
2,18,10,45,0,48,0
2,4,1,44,3,NA,NA
1,5,0,27,0,28,0
2,23,4,NA,NA,NA,NA
1,13,0,32,0,43,1
1,15,5,33,10,37,8
2,20,7,NA,NA,NA,NA
1,3,0,21,3,23,6
1,52,0,NA,NA,NA,NA
2,23,3,49,5,NA,NA
2,13,5,35,4,39,8
2,7,0,41,0,NA,NA
2,35,5,NA,NA,NA,NA
1,60,3,NA,NA,NA,NA
1,33,0,NA,NA,NA,NA
1,11,5,33,0,NA,NA
2,8,0,34,3,37,8
1,0,0,32,5,NA,NA
1,0,0,18,6,22,2
2,3,0,35,0,39,8
2,4,0,23,0,27,7
2,19,0,47,0,NA,NA
2,27,6,NA,NA,NA,NA
2,14,7,40,3,NA,NA
2,16,5,37,0,40,5
1,35,0,NA,NA,NA,NA
1,9,1,37,2,48,5
1,6,0,27,0,31,4
2,23,0,NA,NA,NA,NA
2,12,2,35,8,38,12
1,5,0,30,0,37,8
1,16,3,37,0,NA,NA
1,29,4,52,0,NA,NA
1,15,1,50,0,NA,NA
2,19,2,32,0,NA,NA
1,29,0,NA,NA,NA,NA
2,47,6,76,0,83,5
2,19,0,NA,NA,NA,NA
2,16,4,35,8,38,12
2,9,1,35,0,37,12
1,4,0,50,3,51,5
1,4,0,34,0,41,0
2,23,5,NA,NA,NA,NA
2,6,NA,36,5,40,3
2,15,4,41,0,NA,NA
1,3,0,25,4,34,5
2,35,0,NA,NA,NA,NA
2,30,0,NA,NA,NA,NA
2,0,0,21,0,28,6
2,63,4,NA,NA,NA,NA
1,16,NA,NA,NA,NA,NA
2,27,0,NA,NA,NA,NA
2,5,0,24,0,30,3
2,22,3,NA,NA,NA,NA
2,12,3,40,0,NA,NA
1,25,7,NA,NA,NA,NA
1,14,0,45,0,52,4
1,8,0,32,5,37,5
2,17,NA,NA,NA,NA,NA
2,37,0,NA,NA,NA,NA
1,10,4,49,4,55,8
2,53,3,76,0,83,5
2,22,0,NA,NA,NA,NA
1,60,7,NA,NA,NA,NA
1,30,4,NA,NA,NA,NA
1,17,NA,63,0,NA,NA
2,15,8,48,7,55,9
1,16,8,35,5,NA,NA
1,37,3,NA,NA,NA,NA
2,1,0,31,0,36,0
2,9,4,28,7,32,11
1,4,0,27,0,31,4
2,20,4,NA,NA,NA,NA
1,48,12,NA,NA,NA,NA
2,6,NA,NA,NA,NA,NA
2,12,2,48,5,56,3
1,23,NA,NA,NA,NA,NA
2,0,0,37,0,40,7
1,41,0,NA,NA,NA,NA
1,2,0,24,1,33,8
2,13,4,41,6,50,8
1,14,2,34,0,NA,NA
1,28,8,NA,NA,NA,NA
2,14,1,44,7,46,11
1,14,4,35,2,40,3
1,5,0,23,0,33,5
2,0,0,22,8,27,8
2,6,0,29,4,32,8
1,29,0,59,0,69,0
2,63,3,NA,NA,NA,NA
1,7,0,40,0,48,8
1,18,0,37,2,39,3
2,10,3,39,0,NA,NA
2,17,8,NA,NA,NA,NA
1,3,0,24,0,30,14
1,38,3,NA,NA,NA,NA
2,11,0,38,0,45,8
1,1,0,19,2,26,8
1,8,1,25,0,36,7
2,20,3,32,7,38,2
1,37,8,NA,NA,NA,NA
2,35,0,58,6,NA,NA
1,23,0,40,0,NA,NA
2,23,4,NA,NA,NA,NA
1,10,0,32,0,NA,NA
2,37,0,NA,NA,NA,NA
1,79,0,NA,NA,NA,NA
1,4,1,45,2,NA,NA
2,7,0,44,0,48,0
1,37,6,NA,NA,NA,NA
2,23,5,NA,NA,NA,NA
2,24,0,59,0,NA,NA
2,0,0,25,0,27,0
1,23,1,51,0,NA,NA
2,37,0,NA,NA,NA,NA
2,53,0,NA,NA,NA,NA
2,11,3,33,0,39,8
2,4,0,23,8,27,8
2,15,0,33,6,35,6
1,4,0,32,2,37,6
2,29,2,56,0,NA,NA
1,4,0,25,5,30,6
1,4,0,25,2,NA,NA
2,16,0,36,0,NA,NA
2,16,1,NA,NA,NA,NA
1,49,4,NA,NA,NA,NA
2,48,0,NA,NA,NA,NA
1,57,8,NA,NA,NA,NA
2,3,0,27,1,NA,NA
1,34,7,NA,NA,NA,NA
2,29,0,NA,NA,NA,NA
2,6,0,34,1,43,1
2,21,4,NA,NA,NA,NA
2,15,4,47,6,52,6
1,15,5,28,0,33,3
2,11,7,35,0,37,8
1,5,0,38,4,62,3
1,20,7,55,0,NA,NA
2,60,0,NA,NA,NA,NA
1,18,4,42,0,NA,NA
1,10,2,27,2,36,8
2,3,0,35,0,39,9
1,4,0,25,0,29,0
1,5,0,30,6,30,6
2,0,0,24,5,31,6
1,6,4,22,3,35,2
2,37,8,NA,NA,NA,NA
1,11,5,38,2,62,13
2,34,0,NA,NA,NA,NA
2,4,NA,38,0,NA,NA
2,24,6,NA,NA,NA,NA
2,2,0,21,5,34,0
1,31,4,NA,NA,NA,NA
1,29,4,NA,NA,NA,NA
2,17,NA,NA,NA,NA,NA
2,25,0,NA,NA,NA,NA
1,15,NA,NA,NA,NA,NA
1,30,12,NA,NA,NA,NA
2,14,2,40,0,48,8
2,23,4,NA,NA,NA,NA
1,23,0,61,0,NA,NA
1,25,NA,61,0,NA,NA
2,39,6,NA,NA,NA,NA
1,4,0,35,5,36,3
1,6,1,37,5,39,3
2,7,0,33,12,NA,NA
1,43,6,NA,NA,NA,NA
1,5,0,23,4,27,6
2,3,0,28,14,NA,NA
1,26,4,58,2,70,4
1,39,7,NA,NA,NA,NA
2,-2,7,NA,NA,NA,NA
1,1,0,18,0,32,8
1,52,6,NA,NA,NA,NA
1,0,0,19,0,27,0
1,8,0,33,0,41,8
1,20,7,45,0,55,5
2,16,8,46,0,50,6
2,21,6,37,0,43,0
1,12,1,37,3,39,8
1,5,NA,NA,NA,NA,NA
2,45,0,NA,NA,NA,NA
1,4,0,21,7,25,5
2,31,5,NA,NA,NA,NA
2,11,2,35,0,39,8
2,32,0,NA,NA,NA,NA
1,3,0,22,8,28,12
1,3,0,45,1,48,4
2,61,0,NA,NA,NA,NA
1,64,7,NA,NA,NA,NA
2,55,4,NA,NA,NA,NA
2,31,1,NA,NA,NA,NA
2,24,4,47,4,50,8
2,29,8,NA,NA,NA,NA
1,37,12,NA,NA,NA,NA
1,15,4,39,0,45,8
1,14,0,35,0,NA,NA
2,17,0,NA,NA,NA,NA
2,37,0,NA,NA,NA,NA
2,19,NA,NA,NA,NA,NA
1,66,3,NA,NA,NA,NA
1,9,1,31,4,52,8
1,34,8,NA,NA,NA,NA
2,5,0,36,2,38,0
1,2,0,22,5,32,0
1,34,7,NA,NA,NA,NA
2,1,0,20,3,26,7
1,24,4,55,2,60,5
2,17,3,34,0,NA,NA
2,14,5,55,0,NA,NA
2,18,4,NA,NA,NA,NA
2,22,4,39,8,45,3
1,14,3,42,2,47,3
1,3,0,40,0,NA,NA
2,3,0,23,6,26,3
1,22,8,NA,NA,NA,NA
2,4,NA,NA,NA,NA,NA
1,0,0,27,0,30,8
1,1,0,33,0,36,6
2,53,2,NA,NA,NA,NA
2,39,0,NA,NA,NA,NA
2,5,0,42,0,NA,NA
2,54,0,NA,NA,NA,NA
2,11,3,25,8,35,6
2,1,0,24,6,27,0
2,23,0,44,0,49,0
2,22,0,NA,NA,NA,NA
1,13,0,44,0,49,0
2,0,0,31,0,37,0
2,14,4,31,0,NA,NA
1,8,3,49,0,51,5
1,27,8,NA,NA,NA,NA
2,6,1,22,8,27,8
1,6,1,37,0,40,5
2,36,2,NA,NA,NA,NA
1,30,0,NA,NA,NA,NA
2,65,0,NA,NA,NA,NA
2,1,0,23,0,26,2
1,3,0,35,4,39,8
2,4,0,25,6,30,12
1,53,6,NA,NA,NA,NA
2,8,1,27,0,30,7
1,-2,NA,NA,NA,NA,NA
1,13,4,51,7,57,8
1,14,2,37,0,NA,NA
2,21,0,37,0,NA,NA
2,45,0,NA,NA,NA,NA
1,4,0,44,0,48,0
2,15,0,40,8,47,8
2,24,0,63,0,NA,NA
1,8,2,32,5,32,6
2,28,7,56,6,NA,NA
2,55,0,83,2,NA,NA
2,52,0,NA,NA,NA,NA
2,9,NA,NA,NA,NA,NA
2,41,0,NA,NA,NA,NA
2,1,0,23,7,30,7
1,15,6,32,2,48,4
1,12,3,36,0,NA,NA
2,4,0,21,6,30,12
1,47,0,NA,NA,NA,NA
1,0,0,35,0,37,12
2,58,0,NA,NA,NA,NA
1,17,NA,NA,NA,NA,NA
1,11,2,44,0,NA,NA
2,2,0,33,8,35,12
2,61,7,NA,NA,NA,NA
2,9,0,26,0,NA,NA
2,60,0,NA,NA,NA,NA
1,13,0,51,0,57,0
2,11,1,55,0,NA,NA
2,9,NA,NA,NA,NA,NA
2,5,0,28,6,29,4
1,6,1,35,8,38,6
1,19,6,55,0,NA,NA
2,8,0,32,0,37,7
1,0,0,18,4,23,0
1,30,5,NA,NA,NA,NA
2,4,0,31,0,NA,NA
2,11,NA,NA,NA,NA,NA
1,8,0,32,0,NA,NA
1,32,11,NA,NA,NA,NA
2,13,2,34,0,39,6
1,17,5,53,0,NA,NA
2,19,0,NA,NA,NA,NA
2,4,0,31,6,NA,NA
2,20,8,NA,NA,NA,NA
1,41,5,NA,NA,NA,NA
2,21,5,63,0,NA,NA
2,15,NA,NA,NA,NA,NA
2,35,0,77,0,79,0
2,1,0,24,0,NA,NA
2,79,0,NA,NA,NA,NA
2,10,2,27,0,29,4
2,14,7,31,7,NA,NA
2,7,0,37,0,55,2
1,4,0,30,4,NA,NA
1,16,3,31,0,36,0
2,16,3,34,0,38,3
1,16,4,33,0,NA,NA
2,29,8,NA,NA,NA,NA
1,70,0,NA,NA,NA,NA
1,29,8,57,0,NA,NA
2,33,8,NA,NA,NA,NA
2,12,0,31,0,43,8
1,29,4,NA,NA,NA,NA
2,0,0,23,8,27,8
2,55,4,NA,NA,NA,NA
2,33,2,NA,NA,NA,NA
2,30,2,NA,NA,NA,NA
1,9,NA,33,0,38,0
1,26,4,NA,NA,NA,NA
2,3,0,33,0,39,8
1,24,NA,NA,NA,NA,NA
2,36,2,57,1,67,0
1,21,8,49,0,NA,NA
2,52,0,NA,NA,NA,NA
1,13,1,31,8,NA,NA
2,12,3,35,0,39,9
1,14,NA,NA,NA,NA,NA
2,55,0,NA,NA,NA,NA
1,23,6,NA,NA,NA,NA
1,1,0,31,0,NA,NA
1,27,1,NA,NA,NA,NA
2,6,3,41,0,NA,NA
1,6,0,37,0,40,5
2,27,2,NA,NA,NA,NA
2,1,0,19,2,25,NA
2,55,0,NA,NA,NA,NA
2,54,0,NA,NA,NA,NA
1,4,0,40,6,49,3
1,6,0,24,9,27,0
1,16,0,33,0,33,0
2,47,0,NA,NA,NA,NA
2,31,5,NA,NA,NA,NA
1,11,1,37,0,40,5
1,14,2,53,0,63,0
2,39,0,NA,NA,NA,NA
2,20,5,38,4,NA,NA
1,3,0,26,0,33,6
2,8,1,24,0,28,0
1,4,0,25,0,30,5
1,10,3,27,5,33,8
2,21,6,47,6,52,6
1,24,8,NA,NA,NA,NA
1,37,0,NA,NA,NA,NA
2,25,7,NA,NA,NA,NA
1,19,8,48,2,65,4
1,5,1,24,0,NA,NA
2,13,0,37,0,55,2
2,10,0,36,0,42,5
2,26,2,NA,NA,NA,NA
2,57,2,NA,NA,NA,NA
2,23,1,NA,NA,NA,NA
1,40,7,NA,NA,NA,NA
2,32,7,NA,NA,NA,NA
1,18,0,45,0,NA,NA
1,35,9,NA,NA,NA,NA
2,0,NA,NA,NA,NA,NA
1,1,0,30,7,30,7
2,27,3,37,5,39,3
2,77,0,NA,NA,NA,NA
2,6,0,37,0,38,8
2,2,0,26,4,29,4
1,10,0,41,8,NA,NA
1,13,3,37,0,40,7
1,17,7,46,0,57,2
2,10,3,31,0,37,8
1,14,5,38,0,49,4
1,3,NA,NA,NA,NA,NA
1,25,0,NA,NA,NA,NA
1,18,2,50,0,57,0
1,36,8,NA,NA,NA,NA
1,13,2,32,0,NA,NA
1,13,NA,55,4,57,5
1,18,5,41,0,53,7
2,7,1,41,0,NA,NA
1,2,0,18,4,23,0
2,38,4,NA,NA,NA,NA
2,2,0,21,6,28,7
1,15,6,39,4,NA,NA
2,24,6,55,2,62,3
1,7,2,31,9,NA,NA
2,10,2,39,0,49,8
2,9,2,42,0,NA,NA
2,64,4,NA,NA,NA,NA
2,3,0,25,0,32,7
2,20,2,NA,NA,NA,NA
1,33,5,NA,NA,NA,NA
1,1,0,27,0,NA,NA
2,3,0,29,8,48,12
1,16,7,48,5,56,3
1,12,4,55,0,62,5
2,18,8,55,2,55,4
2,11,1,38,3,NA,NA
2,24,0,NA,NA,NA,NA
2,18,6,31,8,NA,NA
1,15,8,48,0,52,2
2,5,NA,NA,NA,NA,NA
1,12,0,45,3,55,4
2,1,0,34,8,38,8
1,19,0,43,4,50,5
2,24,2,40,0,NA,NA
1,2,0,25,0,30,6
2,13,NA,NA,NA,NA,NA
1,5,NA,27,6,31,8
1,34,7,NA,NA,NA,NA
1,10,NA,NA,NA,NA,NA
1,19,5,47,6,52,6
2,26,0,NA,NA,NA,NA
2,51,0,71,0,NA,NA
1,9,NA,NA,NA,NA,NA
2,33,0,NA,NA,NA,NA
2,8,0,35,3,43,6
2,20,7,NA,NA,NA,NA
2,35,3,NA,NA,NA,NA
2,1,0,28,0,30,7
1,1,0,21,0,24,0
2,51,0,NA,NA,NA,NA
2,9,NA,NA,NA,NA,NA
1,9,2,32,0,35,8
2,30,0,NA,NA,NA,NA
1,3,0,37,2,48,5
2,5,0,37,0,NA,NA
2,14,4,52,0,NA,NA
1,49,4,NA,NA,NA,NA
2,24,14,NA,NA,NA,NA
2,59,0,NA,NA,NA,NA
2,1,0,32,0,NA,NA
1,3,0,21,0,25,0
2,7,NA,NA,NA,NA,NA
1,49,8,77,0,79,0
1,6,0,39,0,NA,NA
1,74,0,NA,NA,NA,NA
2,20,7,NA,NA,NA,NA
1,18,0,61,0,NA,NA
2,13,4,41,6,50,8
2,8,0,35,0,39,8
2,31,8,NA,NA,NA,NA
2,8,1,29,4,31,8
1,8,1,32,0,NA,NA
2,22,0,NA,NA,NA,NA
1,43,12,NA,NA,NA,NA
1,2,0,20,2,NA,NA
1,30,6,NA,NA,NA,NA
2,17,0,NA,NA,NA,NA
1,29,8,NA,NA,NA,NA
1,9,NA,28,3,33,6
2,23,3,51,0,NA,NA
2,36,0,NA,NA,NA,NA
1,18,0,NA,NA,NA,NA
2,22,8,47,4,50,8
2,1,0,30,0,37,8
2,6,0,35,0,NA,NA
1,29,8,NA,NA,NA,NA
1,17,5,32,0,39,0
2,55,0,NA,NA,NA,NA
2,10,2,34,0,35,0
1,6,0,27,0,30,0
2,24,2,NA,NA,NA,NA
1,16,4,33,0,NA,NA
2,13,4,36,3,NA,NA
1,55,0,NA,NA,NA,NA
2,25,0,NA,NA,NA,NA
2,18,3,NA,NA,NA,NA
2,42,0,NA,NA,NA,NA
1,27,4,NA,NA,NA,NA
1,10,2,38,4,62,3
1,9,2,37,1,41,0
1,10,0,49,0,59,2
2,9,1,33,2,NA,NA
1,14,2,53,2,NA,NA
1,21,5,57,3,NA,NA
2,27,2,NA,NA,NA,NA
2,30,7,NA,NA,NA,NA
1,79,0,NA,NA,NA,NA
2,57,0,NA,NA,NA,NA
2,6,1,47,4,61,8
2,10,2,31,7,NA,NA
1,9,3,32,0,35,8
2,35,5,NA,NA,NA,NA
1,7,1,24,6,31,7
2,23,7,NA,NA,NA,NA
1,3,0,36,4,NA,NA
2,19,0,25,0,41,12
1,22,10,52,0,NA,NA
1,33,8,NA,NA,NA,NA
2,8,2,34,2,45,6
2,1,0,45,2,49,0
1,3,0,30,2,37,8
2,9,NA,NA,NA,NA,NA
2,28,0,NA,NA,NA,NA
2,32,0,NA,NA,NA,NA
1,33,8,NA,NA,NA,NA
2,49,1,NA,NA,NA,NA
1,5,0,26,0,30,0
1,12,3,47,4,50,8
1,13,5,35,0,37,8
1,12,6,26,6,32,4
2,20,3,NA,NA,NA,NA
1,3,0,25,0,29,0
1,7,1,58,4,NA,NA
2,25,0,NA,NA,NA,NA
1,8,2,35,0,39,0
1,19,7,59,0,NA,NA
2,20,2,NA,NA,NA,NA
2,33,8,NA,NA,NA,NA
2,43,4,NA,NA,NA,NA
1,2,0,29,6,34,12
2,53,1,NA,NA,NA,NA
2,47,0,NA,NA,NA,NA
2,11,2,24,1,33,8
2,45,1,NA,NA,NA,NA
2,11,NA,NA,NA,NA,NA
2,27,6,NA,NA,NA,NA
2,51,0,NA,NA,NA,NA
2,15,5,50,3,NA,NA
2,16,3,42,4,47,7
2,3,0,20,4,29,0
2,52,0,NA,NA,NA,NA
1,72,0,NA,NA,NA,NA
1,18,7,41,0,33,8
2,16,5,NA,NA,NA,NA
1,23,8,48,0,NA,NA
2,0,0,25,0,NA,NA
2,11,3,50,3,NA,NA
1,0,0,20,6,25,2
1,12,3,45,0,NA,NA
1,13,NA,NA,NA,NA,NA
1,3,0,32,0,38,8
1,21,3,55,0,NA,NA
2,45,0,NA,NA,NA,NA
2,19,0,NA,NA,NA,NA
2,1,0,25,3,34,8
2,53,0,NA,NA,NA,NA
2,17,7,32,0,NA,NA
2,5,1,35,0,39,9
1,28,8,NA,NA,NA,NA
1,30,5,NA,NA,NA,NA
1,13,2,31,0,39,8
1,33,8,55,2,62,3
2,36,8,NA,NA,NA,NA
1,2,0,20,4,30,12
2,23,14,NA,NA,NA,NA
1,8,NA,NA,NA,NA,NA
2,8,NA,39,0,41,4
1,14,4,37,0,NA,NA
2,4,0,26,0,38,7
1,8,1,54,0,NA,NA
1,12,0,35,0,NA,NA
2,51,2,NA,NA,NA,NA
2,10,NA,NA,NA,NA,NA
1,22,8,NA,NA,NA,NA
1,21,NA,NA,NA,NA,NA
2,1,0,32,0,38,8
1,7,NA,NA,NA,NA,NA
1,4,NA,NA,NA,NA,NA
2,5,0,27,2,NA,NA
2,11,2,38,0,43,5
1,22,12,48,5,56,3
1,4,0,28,0,33,7
1,4,0,33,0,NA,NA
1,18,5,36,0,NA,NA
2,37,0,NA,NA,NA,NA
2,19,3,NA,NA,NA,NA
2,15,7,43,0,49,2
2,53,2,NA,NA,NA,NA
1,21,8,40,0,NA,NA
2,25,3,NA,NA,NA,NA
2,9,2,33,2,42,0
1,16,NA,NA,NA,NA,NA
1,28,7,NA,NA,NA,NA
1,1,0,40,6,49,3
2,11,0,39,0,NA,NA
2,23,7,53,0,63,0
1,21,4,NA,NA,NA,NA
1,15,6,49,1,79,0
1,16,0,50,0,47,8
1,32,6,NA,NA,NA,NA
2,18,8,51,7,57,8
1,4,0,26,0,29,0
2,27,5,NA,NA,NA,NA
1,15,12,38,4,NA,NA
1,17,4,39,0,42,2
1,19,1,69,0,73,0
2,36,0,NA,NA,NA,NA
2,10,3,30,0,37,8
2,16,8,48,0,52,3
1,18,2,46,0,50,0
1,16,4,36,0,43,6
1,27,7,NA,NA,NA,NA
1,11,0,35,3,NA,NA
1,4,0,27,3,30,8
2,4,0,25,3,34,8
2,5,NA,29,4,31,8
2,9,0,33,0,36,0
2,49,0,NA,NA,NA,NA
1,12,NA,NA,NA,NA,NA
1,12,2,43,4,50,5
1,2,0,33,2,39,7
2,0,0,25,0,34,5
2,54,0,NA,NA,NA,NA
2,28,0,NA,NA,NA,NA
1,40,6,60,0,NA,NA
1,11,4,30,7,30,7
2,-2,NA,NA,NA,NA,NA
1,17,2,45,0,47,5
2,34,5,NA,NA,NA,NA
2,27,0,79,0,NA,NA
2,24,0,NA,NA,NA,NA
2,4,0,23,1,27,6
1,0,0,34,7,37,8
1,33,3,NA,NA,NA,NA
1,14,4,50,0,47,8
1,10,3,39,0,NA,NA
1,4,2,39,0,49,5
2,5,0,22,8,25,3
1,19,2,37,5,39,3
1,27,0,NA,NA,NA,NA
2,48,6,NA,NA,NA,NA
2,67,0,NA,NA,NA,NA
2,17,3,37,0,NA,NA
1,39,8,NA,NA,NA,NA
2,29,0,45,0,47,5
1,23,14,48,0,52,3
1,14,2,41,0,NA,NA
1,3,0,28,7,32,14
1,29,8,NA,NA,NA,NA
1,5,0,25,0,27,6
2,20,0,NA,NA,NA,NA
2,13,NA,NA,NA,NA,NA
2,8,2,30,7,37,12
1,7,0,25,2,NA,NA
1,7,0,27,0,28,3
1,27,9,NA,NA,NA,NA
1,1,0,23,10,33,7
2,50,3,NA,NA,NA,NA
1,25,0,NA,NA,NA,NA
2,19,4,NA,NA,NA,NA
2,5,0,33,0,37,0
1,0,0,23,0,26,0
2,22,14,NA,NA,NA,NA
2,21,0,NA,NA,NA,NA
2,7,1,28,14,NA,NA
2,6,0,28,0,33,7
1,13,NA,33,6,39,0
1,25,10,57,0,NA,NA
1,7,1,46,2,52,0
1,-2,NA,NA,NA,NA,NA
1,26,7,NA,NA,NA,NA
2,19,5,NA,NA,NA,NA
2,37,0,NA,NA,NA,NA
1,1,0,26,0,NA,NA
2,56,0,NA,NA,NA,NA
2,16,3,NA,NA,NA,NA
2,10,3,30,2,37,8
2,19,4,37,0,41,0
2,47,0,NA,NA,NA,NA
2,1,0,23,14,27,12
2,48,7,NA,NA,NA,NA
1,28,8,NA,NA,NA,NA
2,28,4,NA,NA,NA,NA
1,21,NA,NA,NA,NA,NA
1,59,6,NA,NA,NA,NA
1,23,0,NA,NA,NA,NA
1,33,6,NA,NA,NA,NA
2,35,0,NA,NA,NA,NA
2,23,3,51,0,60,0
2,4,0,32,5,NA,NA
2,17,5,75,3,NA,NA
1,40,0,NA,NA,NA,NA
1,1,0,37,8,43,9
1,7,0,23,0,29,6
1,22,9,NA,NA,NA,NA
2,31,0,NA,NA,NA,NA
1,0,0,27,6,30,99
2,21,4,48,6,NA,NA
1,19,7,52,0,55,0
1,3,0,27,0,NA,NA
2,1,0,19,0,27,8
2,18,7,NA,NA,NA,NA
2,42,4,NA,NA,NA,NA
2,15,6,58,2,70,4
2,8,2,55,0,NA,NA
1,13,4,33,0,37,6
2,1,0,30,0,39,8
1,3,0,21,1,29,0
2,37,0,NA,NA,NA,NA
1,1,0,35,3,43,6
2,8,0,29,4,32,8
1,39,8,NA,NA,NA,NA
2,7,1,34,0,37,0
2,14,5,34,0,37,5
2,19,8,38,4,NA,NA
2,83,2,NA,NA,NA,NA
2,17,3,53,0,NA,NA
2,13,4,37,4,39,3
2,40,0,NA,NA,NA,NA
2,20,0,61,0,NA,NA
2,32,4,NA,NA,NA,NA
2,29,5,NA,NA,NA,NA
2,56,0,NA,NA,NA,NA
1,2,0,22,2,27,4
1,13,0,38,0,45,8
1,20,5,44,7,46,11
1,22,5,NA,NA,NA,NA
2,7,1,25,4,34,5
1,20,0,NA,NA,NA,NA
2,21,1,37,2,39,3
2,9,2,33,7,37,8
1,14,NA,NA,NA,NA,NA
2,21,4,NA,NA,NA,NA
2,32,4,NA,NA,NA,NA
1,6,0,25,5,31,8
1,2,0,25,8,32,8
1,33,6,NA,NA,NA,NA
2,3,NA,33,0,38,0
2,31,2,NA,NA,NA,NA
1,35,8,NA,NA,NA,NA
2,7,1,28,0,32,6
2,5,0,35,0,39,8
2,12,2,27,0,29,0
2,48,0,NA,NA,NA,NA
2,37,13,68,2,NA,NA
2,27,5,NA,NA,NA,NA
1,5,0,31,3,NA,NA
1,13,2,36,2,38,7
1,6,0,27,2,NA,NA
2,63,0,NA,NA,NA,NA
1,0,0,37,0,38,8
1,10,NA,NA,NA,NA,NA
2,31,8,NA,NA,NA,NA
1,19,12,31,0,39,8
2,40,0,NA,NA,NA,NA
1,20,12,47,3,NA,NA
1,16,7,34,0,40,5
1,17,NA,NA,NA,NA,NA
1,6,1,25,3,30,7
1,45,3,NA,NA,NA,NA
2,2,0,23,0,34,8
2,17,3,29,8,NA,NA
1,17,6,39,3,40,0
1,7,1,31,8,44,8
1,14,4,32,6,NA,NA
2,14,4,34,0,40,8
1,7,2,27,3,33,3
2,4,0,43,4,NA,NA
1,11,0,37,0,NA,NA
1,6,NA,33,0,38,0
2,16,NA,NA,NA,NA,NA
1,25,12,NA,NA,NA,NA
1,21,NA,NA,NA,NA,NA
2,5,0,33,8,37,8
2,28,0,NA,NA,NA,NA
1,4,0,31,0,37,8
2,19,12,NA,NA,NA,NA
2,4,0,21,2,NA,NA
1,24,7,NA,NA,NA,NA
2,54,0,NA,NA,NA,NA
2,38,2,NA,NA,NA,NA
2,4,0,21,4,25,7
1,33,8,NA,NA,NA,NA
2,27,5,NA,NA,NA,NA
2,50,3,NA,NA,NA,NA
1,39,8,NA,NA,NA,NA
2,19,0,48,0,NA,NA
1,3,0,31,0,34,6
1,29,0,54,0,NA,NA
1,41,0,NA,NA,NA,NA
2,18,0,45,0,55,0
2,14,4,43,2,49,8
2,63,0,NA,NA,NA,NA
1,55,2,NA,NA,NA,NA
2,5,0,33,8,35,12
2,15,NA,NA,NA,NA,NA
1,2,0,31,0,NA,NA
1,7,0,33,10,37,8
1,2,0,25,3,32,3
1,18,0,34,0,NA,NA
1,7,0,47,0,NA,NA
1,48,3,NA,NA,NA,NA
2,9,NA,NA,NA,NA,NA
1,3,0,25,8,27,12
2,22,0,NA,NA,NA,NA
2,49,0,NA,NA,NA,NA
1,19,4,37,0,43,0
2,55,3,NA,NA,NA,NA
2,3,0,35,2,41,4
2,31,0,NA,NA,NA,NA
1,0,0,24,0,NA,NA
2,25,0,56,6,NA,NA
2,7,NA,NA,NA,NA,NA
2,0,0,25,3,29,8
2,49,0,NA,NA,NA,NA
2,3,0,33,2,NA,NA
1,14,7,35,5,NA,NA
2,7,2,37,0,NA,NA
1,2,0,25,7,NA,NA
2,4,1,35,8,39,12
1,12,2,40,3,NA,NA
1,21,0,NA,NA,NA,NA
1,44,0,NA,NA,NA,NA
1,7,3,27,2,NA,NA
1,4,0,26,4,33,8
1,39,8,NA,NA,NA,NA
1,1,0,27,8,29,10
1,39,3,NA,NA,NA,NA
1,25,7,41,0,NA,NA
2,14,4,58,4,NA,NA
1,2,0,39,5,NA,NA
2,23,0,NA,NA,NA,NA
2,7,0,24,12,26,12
1,12,NA,NA,NA,NA,NA
2,23,5,NA,NA,NA,NA
1,33,12,NA,NA,NA,NA
1,35,8,NA,NA,NA,NA
1,22,5,62,3,NA,NA
2,11,0,46,0,50,0
2,12,0,-2,0,NA,NA
2,5,0,25,0,36,7
1,23,7,46,7,50,0
1,1,0,20,7,NA,NA
2,53,0,NA,NA,NA,NA
2,18,4,43,4,NA,NA
1,40,5,NA,NA,NA,NA
2,8,2,28,2,33,11
2,3,0,24,0,26,0
1,26,6,NA,NA,NA,NA
1,5,0,23,0,34,0
2,1,0,21,0,NA,NA
2,12,4,32,2,48,4
1,5,0,45,5,NA,NA
2,5,1,29,0,NA,NA
2,23,1,NA,NA,NA,NA
2,5,0,26,0,NA,NA
1,65,1,NA,NA,NA,NA
2,0,0,33,2,39,7
1,11,3,28,6,NA,NA
2,46,7,NA,NA,NA,NA
2,0,0,53,0,NA,NA
2,15,4,30,4,33,7
2,9,3,27,4,NA,NA
1,63,6,NA,NA,NA,NA
1,25,3,57,0,59,0
1,7,1,22,3,39,10
1,33,5,NA,NA,NA,NA
1,3,0,21,0,28,6
2,8,0,27,2,36,8
1,39,5,NA,NA,NA,NA
1,22,NA,NA,NA,NA,NA
2,20,4,40,0,NA,NA
1,22,3,NA,NA,NA,NA
2,3,0,45,3,48,3
1,2,0,23,5,29,7
1,47,8,NA,NA,NA,NA
1,29,0,NA,NA,NA,NA
2,35,0,NA,NA,NA,NA
2,2,0,27,0,30,7
1,64,NA,NA,NA,NA,NA
2,8,2,47,0,NA,NA
1,3,0,25,5,30,5
2,5,0,22,4,NA,NA
2,35,0,NA,NA,NA,NA
1,14,5,38,0,43,5
2,13,0,41,8,NA,NA
2,6,1,23,6,27,0
1,0,0,33,8,37,8
1,5,0,27,0,32,6
2,8,4,41,0,NA,NA
2,64,0,NA,NA,NA,NA
2,5,0,29,4,33,12
1,-2,NA,NA,NA,NA,NA
2,8,NA,NA,NA,NA,NA
2,23,0,NA,NA,NA,NA
2,45,0,NA,NA,NA,NA
2,25,7,NA,NA,NA,NA
2,23,10,NA,NA,NA,NA
2,3,0,18,8,49,8
2,7,2,28,0,NA,NA
1,27,0,NA,NA,NA,NA
2,9,1,30,0,NA,NA
2,20,8,38,1,42,0
2,27,7,NA,NA,NA,NA
2,20,8,NA,NA,NA,NA
2,10,0,25,0,27,0
2,9,0,32,0,NA,NA
2,21,0,NA,NA,NA,NA
1,33,8,NA,NA,NA,NA
2,19,7,NA,NA,NA,NA
1,2,0,25,0,30,7
1,12,4,37,8,39,2
1,7,0,35,3,NA,NA
1,8,2,45,5,NA,NA
2,21,1,NA,NA,NA,NA
1,12,5,51,0,60,0
1,1,0,21,7,NA,NA
2,4,0,35,8,38,6
1,13,2,37,0,44,0
1,26,5,NA,NA,NA,NA
1,21,1,46,2,52,0
2,12,3,34,0,37,5
1,7,0,32,0,43,1
2,53,0,NA,NA,NA,NA
1,13,0,36,0,NA,NA
2,2,0,23,7,28,14
1,14,5,39,0,NA,NA
1,1,0,31,2,47,3
2,21,0,41,0,43,0
2,8,0,32,0,33,4
2,7,1,39,4,NA,NA
1,6,1,26,4,NA,NA
1,10,5,49,0,51,5
2,18,9,47,0,48,7
2,21,3,NA,NA,NA,NA
1,15,3,45,5,NA,NA
2,45,3,NA,NA,NA,NA
2,77,0,NA,NA,NA,NA
1,21,0,NA,NA,NA,NA
2,58,0,NA,NA,NA,NA
1,12,5,30,0,44,7
1,11,2,33,10,37,8
1,41,6,NA,NA,NA,NA
2,24,0,54,0,NA,NA
2,12,4,47,0,NA,NA
1,25,5,NA,NA,NA,NA
1,49,0,NA,NA,NA,NA
1,0,0,25,3,32,3
2,33,0,NA,NA,NA,NA
2,53,0,NA,NA,NA,NA
2,43,0,NA,NA,NA,NA
1,1,0,23,0,34,0
2,53,6,NA,NA,NA,NA
2,18,1,NA,NA,NA,NA
2,28,0,NA,NA,NA,NA
1,10,2,31,0,NA,NA
1,5,0,23,0,NA,NA
2,17,4,47,6,52,6
2,16,7,46,0,NA,NA
1,20,2,58,0,NA,NA
2,1,0,25,0,27,0
1,5,0,27,6,NA,NA
1,66,0,NA,NA,NA,NA
2,23,2,NA,NA,NA,NA
2,5,0,23,4,27,8
2,1,0,25,7,29,8
2,11,2,35,4,40,8
2,3,0,22,6,26,14
2,36,0,NA,NA,NA,NA
2,8,0,36,5,NA,NA
2,7,NA,33,6,39,0
1,14,3,39,0,49,8
1,1,0,18,10,NA,NA
1,30,7,NA,NA,NA,NA
1,2,0,19,5,24,8
2,10,2,31,0,41,8
2,0,0,37,3,39,8
1,18,4,44,0,NA,NA
1,6,0,21,7,25,5
2,17,3,37,0,41,0
2,3,0,23,7,30,7
1,7,2,27,4,NA,NA
1,37,8,NA,NA,NA,NA
1,6,0,29,0,32,8
1,23,3,57,0,59,0
2,44,0,NA,NA,NA,NA
1,8,2,32,6,NA,NA
2,34,0,NA,NA,NA,NA
2,2,0,22,5,25,6
1,7,0,37,2,48,5
2,8,1,39,0,45,8
1,59,2,NA,NA,NA,NA
1,16,NA,NA,NA,NA,NA
2,18,0,NA,NA,NA,NA
1,47,3,NA,NA,NA,NA
2,1,0,23,3,32,8
1,23,0,48,0,NA,NA
1,2,0,27,0,NA,NA
2,23,0,NA,NA,NA,NA
1,55,3,NA,NA,NA,NA
2,28,0,NA,NA,NA,NA
1,23,4,53,0,NA,NA
2,32,5,NA,NA,NA,NA
2,27,3,NA,NA,NA,NA
1,1,0,24,0,28,4
2,58,0,NA,NA,NA,NA
2,5,0,39,5,NA,NA
1,19,0,51,0,60,0
1,10,4,36,8,49,8
2,27,0,NA,NA,NA,NA
1,40,4,NA,NA,NA,NA
1,32,8,NA,NA,NA,NA
2,28,6,NA,NA,NA,NA
2,19,4,NA,NA,NA,NA
1,30,7,NA,NA,NA,NA
2,1,0,37,0,NA,NA
2,36,7,NA,NA,NA,NA
2,24,0,NA,NA,NA,NA
1,4,0,25,5,29,8
2,24,2,54,0,NA,NA
2,39,0,NA,NA,NA,NA
1,10,1,30,0,33,5
1,34,0,NA,NA,NA,NA
1,2,0,25,3,30,7
2,11,NA,NA,NA,NA,NA
2,3,0,33,0,37,0
1,7,0,25,3,32,3
1,50,7,NA,NA,NA,NA
2,16,0,NA,NA,NA,NA
2,12,0,27,0,28,3
1,10,0,35,0,39,8
1,11,2,31,0,39,8
1,7,4,25,0,41,12
2,16,8,52,0,NA,NA
2,0,0,41,0,NA,NA
2,0,0,23,8,25,6
2,52,3,NA,NA,NA,NA
2,11,2,30,4,33,7
2,1,0,27,6,NA,NA
1,65,0,NA,NA,NA,NA
1,0,0,21,0,25,0
1,5,0,24,0,28,2
2,8,0,32,0,NA,NA
2,40,0,NA,NA,NA,NA
2,1,0,34,0,40,5
1,75,0,NA,NA,NA,NA
2,11,1,37,0,NA,NA
1,0,0,23,4,27,6
2,16,NA,33,6,39,0
2,46,0,NA,NA,NA,NA
2,9,2,29,8,NA,NA
2,69,0,NA,NA,NA,NA
1,57,7,NA,NA,NA,NA
2,27,0,NA,NA,NA,NA
1,1,NA,NA,NA,NA,NA
1,6,0,28,0,33,3
2,1,0,23,2,29,8
1,4,0,30,7,37,12
2,5,0,29,2,31,8
2,21,0,NA,NA,NA,NA
2,34,7,NA,NA,NA,NA
2,28,2,46,0,NA,NA
2,10,1,45,0,52,4
1,21,0,65,0,NA,NA
2,48,0,NA,NA,NA,NA
2,41,0,NA,NA,NA,NA
2,22,3,NA,NA,NA,NA
2,35,0,61,0,NA,NA
2,37,0,NA,NA,NA,NA
2,16,7,45,5,NA,NA
1,5,0,33,7,37,8
1,25,0,40,0,NA,NA
1,2,0,24,0,NA,NA
1,50,4,NA,NA,NA,NA
1,2,0,27,5,33,7
2,17,5,35,0,38,8
2,32,0,49,0,55,0
1,3,0,28,4,33,14
1,7,0,21,0,NA,NA
2,44,0,NA,NA,NA,NA
1,14,3,29,8,NA,NA
1,3,0,21,8,27,6
1,37,8,NA,NA,NA,NA
2,37,0,NA,NA,NA,NA
2,30,11,NA,NA,NA,NA
2,2,0,22,8,28,12
1,27,12,NA,NA,NA,NA
2,14,4,29,0,NA,NA
1,8,0,49,0,55,4
2,39,0,NA,NA,NA,NA
1,7,0,22,0,25,5
2,17,2,NA,NA,NA,NA
1,10,0,41,0,43,0
2,11,5,35,4,NA,NA
2,18,6,55,0,62,5
1,6,0,27,0,NA,NA
2,52,3,NA,NA,NA,NA
2,11,2,35,0,43,0
2,36,3,59,0,61,0
1,57,6,NA,NA,NA,NA
2,3,0,23,10,33,7
2,4,0,38,0,43,5
2,63,0,NA,NA,NA,NA
1,1,0,23,0,25,7
1,1,0,25,4,34,5
2,20,2,54,0,61,0
1,-2,NA,NA,NA,NA,NA
1,10,0,28,0,30,8
2,3,0,21,0,NA,NA
2,22,3,NA,NA,NA,NA
1,7,0,46,0,50,0
2,13,4,55,0,64,0
1,33,8,NA,NA,NA,NA
1,39,3,NA,NA,NA,NA
1,18,5,58,0,63,4
1,1,0,21,6,27,9
1,23,0,NA,NA,NA,NA
2,39,4,NA,NA,NA,NA
2,5,0,30,0,34,8
1,19,0,44,0,49,0
1,57,14,NA,NA,NA,NA
1,30,7,NA,NA,NA,NA
1,7,0,43,0,48,NA
1,2,0,24,2,30,7
2,7,0,34,7,37,8
1,5,0,20,8,28,8
1,21,0,40,0,NA,NA
2,22,12,NA,NA,NA,NA
2,25,0,NA,NA,NA,NA
1,27,8,NA,NA,NA,NA
2,7,0,45,0,NA,NA
2,29,0,NA,NA,NA,NA
2,7,1,38,0,NA,NA
1,28,3,NA,NA,NA,NA
1,1,0,21,6,30,12
1,5,0,32,11,33,14
1,7,1,33,2,NA,NA
2,16,4,40,3,NA,NA
2,56,0,NA,NA,NA,NA
2,46,2,59,0,NA,NA
2,4,0,40,0,63,6
1,18,8,38,5,NA,NA
2,39,2,NA,NA,NA,NA
1,11,4,42,0,47,0
2,4,0,29,0,33,0
1,42,0,NA,NA,NA,NA
1,4,0,39,4,NA,NA
1,1,0,21,7,28,0
2,25,4,NA,NA,NA,NA
1,36,6,NA,NA,NA,NA
2,13,NA,55,4,57,5
1,28,9,NA,NA,NA,NA
2,5,0,35,0,38,8
1,5,0,27,7,NA,NA
2,41,0,NA,NA,NA,NA
2,33,0,59,0,NA,NA
2,22,11,40,0,43,12
2,8,0,48,5,56,3
1,35,2,NA,NA,NA,NA
2,21,5,41,0,NA,NA
1,2,0,21,0,27,3
2,46,4,NA,NA,NA,NA
1,13,NA,NA,NA,NA,NA
2,9,2,38,0,49,4
2,24,6,45,5,NA,NA
1,0,0,19,2,26,0
1,11,0,33,6,35,6
1,21,12,59,0,61,0
1,4,0,41,8,NA,NA
1,52,5,NA,NA,NA,NA
2,25,0,NA,NA,NA,NA
1,32,0,NA,NA,NA,NA
2,21,0,NA,NA,NA,NA
2,6,1,24,8,NA,NA
1,2,0,21,8,23,12
1,15,0,51,1,NA,NA
1,5,0,31,0,35,7
1,57,0,NA,NA,NA,NA
2,31,0,NA,NA,NA,NA
1,17,0,48,0,NA,NA
2,21,6,NA,NA,NA,NA
1,60,0,NA,NA,NA,NA
2,15,3,41,0,33,8
2,8,NA,NA,NA,NA,NA
2,14,1,46,7,50,0
1,28,8,NA,NA,NA,NA
2,1,0,35,2,41,4
2,2,0,29,4,43,6
1,38,10,NA,NA,NA,NA
1,57,0,NA,NA,NA,NA
2,9,0,30,4,33,7
1,14,5,35,5,49,5
2,36,0,NA,NA,NA,NA
1,22,6,62,0,NA,NA
1,20,8,53,2,62,0
1,43,7,NA,NA,NA,NA
1,3,0,23,0,NA,NA
2,2,0,27,0,NA,NA
1,22,11,55,7,NA,NA
2,3,0,23,2,NA,NA
1,17,8,59,0,61,0
2,6,1,51,0,58,12
2,52,0,NA,NA,NA,NA
2,23,8,NA,NA,NA,NA
1,9,0,29,0,33,0
2,24,0,NA,NA,NA,NA
1,10,1,38,0,NA,NA
2,43,0,NA,NA,NA,NA
1,1,0,35,0,39,9
1,29,10,NA,NA,NA,NA
1,13,3,53,0,NA,NA
2,1,0,33,7,37,8
2,8,2,51,0,58,12
2,31,0,NA,NA,NA,NA
2,27,0,NA,NA,NA,NA
1,5,0,29,0,31,0
1,21,8,51,0,60,0
2,45,0,NA,NA,NA,NA
1,14,4,47,4,NA,NA
1,7,0,29,0,NA,NA
1,49,0,NA,NA,NA,NA
2,25,0,NA,NA,NA,NA
2,4,0,31,3,33,8
2,11,3,27,0,30,8
2,45,0,NA,NA,NA,NA
2,12,3,46,0,57,2
1,11,0,46,7,50,0
1,1,0,32,12,36,12
1,6,0,40,0,NA,NA
1,13,0,54,0,NA,NA
2,13,2,34,0,NA,NA
1,28,14,NA,NA,NA,NA
2,16,4,NA,NA,NA,NA
1,47,8,NA,NA,NA,NA
2,74,0,NA,NA,NA,NA
1,3,0,27,2,NA,NA
1,1,0,29,0,34,8
1,32,8,NA,NA,NA,NA
1,28,0,NA,NA,NA,NA
2,18,6,NA,NA,NA,NA
1,29,7,NA,NA,NA,NA
2,53,0,NA,NA,NA,NA
1,37,5,NA,NA,NA,NA
1,-2,0,NA,NA,NA,NA
2,34,3,49,5,NA,NA
2,57,2,NA,NA,NA,NA
1,9,0,37,0,41,0
2,6,1,26,0,37,4
2,2,0,21,5,NA,NA
2,13,4,33,10,37,8
1,23,8,NA,NA,NA,NA
1,14,8,39,5,NA,NA
2,8,1,25,0,NA,NA
1,12,2,32,0,NA,NA
1,5,0,32,5,37,5
1,40,5,NA,NA,NA,NA
1,8,2,30,2,37,8
1,4,0,23,1,27,6
1,72,0,NA,NA,NA,NA
1,31,8,NA,NA,NA,NA
2,24,9,41,0,43,0
1,10,3,55,0,NA,NA
2,0,0,17,3,27,5
2,22,8,NA,NA,NA,NA
1,10,2,30,6,NA,NA
1,43,9,NA,NA,NA,NA
1,22,5,56,0,NA,NA
2,9,1,29,8,NA,NA
1,38,6,47,0,NA,NA
2,3,0,31,0,NA,NA
2,33,4,NA,NA,NA,NA
1,1,0,35,0,36,4
2,35,0,NA,NA,NA,NA
2,24,0,NA,NA,NA,NA
1,1,NA,34,0,39,6
2,8,0,31,0,37,8
2,57,0,NA,NA,NA,NA
1,2,0,17,5,21,3
1,22,8,NA,NA,NA,NA
2,11,2,44,0,NA,NA
1,29,0,NA,NA,NA,NA
2,13,0,33,6,35,6
2,8,NA,NA,NA,NA,NA
1,16,7,49,0,51,5
1,13,NA,NA,NA,NA,NA
2,22,2,NA,NA,NA,NA
1,14,7,51,0,60,0
2,33,2,NA,NA,NA,NA
1,37,10,NA,NA,NA,NA
2,27,3,NA,NA,NA,NA
2,31,3,NA,NA,NA,NA
1,0,0,41,0,39,3
1,6,NA,NA,NA,NA,NA
2,49,0,71,0,NA,NA
1,29,4,NA,NA,NA,NA
1,0,0,21,0,27,3
2,16,5,NA,NA,NA,NA
2,13,3,32,4,NA,NA
2,31,0,54,0,NA,NA
1,10,0,36,0,43,6
1,45,8,NA,NA,NA,NA
1,9,0,33,10,37,8
1,49,0,NA,NA,NA,NA
1,11,0,29,0,35,8
1,33,8,NA,NA,NA,NA
1,33,14,NA,NA,NA,NA
2,22,4,45,0,52,4
2,25,8,NA,NA,NA,NA
1,3,NA,27,3,NA,NA
2,59,0,NA,NA,NA,NA
1,41,8,NA,NA,NA,NA
1,60,0,NA,NA,NA,NA
1,1,0,48,0,67,5
2,6,1,25,6,30,12
2,32,0,NA,NA,NA,NA
2,37,8,56,0,62,9
2,11,NA,NA,NA,NA,NA
2,33,4,NA,NA,NA,NA
2,47,0,NA,NA,NA,NA
2,8,NA,28,0,NA,NA
2,0,0,27,6,34,6
2,73,0,NA,NA,NA,NA
2,23,7,NA,NA,NA,NA
1,53,3,NA,NA,NA,NA
1,62,3,NA,NA,NA,NA
2,7,2,25,8,32,8
1,1,0,26,0,33,6
2,41,0,NA,NA,NA,NA
1,21,2,NA,NA,NA,NA
2,10,2,35,0,NA,NA
1,14,NA,NA,NA,NA,NA
1,49,5,NA,NA,NA,NA
1,8,2,28,0,29,6
1,33,7,NA,NA,NA,NA
2,9,2,49,0,51,2
1,23,7,50,0,NA,NA
2,17,4,50,3,NA,NA
1,19,6,NA,NA,NA,NA
2,33,2,58,0,NA,NA
2,9,0,31,0,NA,NA
2,68,2,NA,NA,NA,NA
2,13,4,45,2,49,0
2,21,8,NA,NA,NA,NA
1,1,0,31,7,NA,NA
2,9,3,41,0,37,8
2,5,0,31,8,44,8
2,6,1,24,0,28,0
1,2,0,46,0,51,0
2,10,0,29,0,33,8
2,21,0,NA,NA,NA,NA
2,22,8,NA,NA,NA,NA
2,6,0,25,0,32,7
1,3,0,41,0,39,3
2,24,0,NA,NA,NA,NA
2,3,0,22,0,25,5
2,1,NA,21,12,NA,NA
1,0,0,33,0,41,8
1,22,4,NA,NA,NA,NA
1,5,0,30,3,39,4
2,10,2,31,6,NA,NA
2,27,3,NA,NA,NA,NA
1,14,4,41,0,42,5
1,27,3,51,0,NA,NA
2,13,0,37,0,39,0
1,25,12,51,7,57,8
2,14,NA,NA,NA,NA,NA
2,9,3,26,0,NA,NA
2,56,0,NA,NA,NA,NA
1,7,1,23,2,29,8
2,5,0,22,0,31,4
1,26,0,52,0,NA,NA
1,11,0,30,0,32,0
1,11,0,35,0,NA,NA
2,30,6,NA,NA,NA,NA
2,9,3,27,0,30,8
1,23,5,NA,NA,NA,NA
1,14,NA,NA,NA,NA,NA
1,10,3,33,0,41,8
2,6,1,33,0,NA,NA
2,10,3,47,0,NA,NA
2,8,1,30,6,33,8
1,42,5,NA,NA,NA,NA
2,41,0,NA,NA,NA,NA
2,3,0,29,5,NA,4
1,3,0,21,0,25,1
2,5,NA,NA,NA,NA,NA
2,0,0,25,0,NA,NA
2,36,5,55,2,62,3
1,14,4,41,0,49,4
1,16,5,53,3,57,5
1,2,0,20,4,23,7
1,5,0,38,0,45,8
1,3,0,22,0,30,6
2,37,0,NA,NA,NA,NA
2,59,0,NA,NA,NA,NA
1,0,0,25,5,NA,NA
2,12,6,32,0,NA,NA
1,7,0,25,7,29,8
1,25,3,51,0,NA,NA
1,27,8,NA,NA,NA,NA
1,18,0,48,6,NA,NA
1,43,0,NA,NA,NA,NA
1,4,0,26,2,29,0
1,60,3,NA,NA,NA,NA
1,34,0,NA,NA,NA,NA
2,31,0,NA,NA,NA,NA
1,2,0,23,8,27,8
1,58,0,NA,NA,NA,NA
2,22,1,NA,NA,NA,NA
1,26,14,49,4,55,8
1,15,0,50,0,NA,NA
2,5,0,29,0,NA,NA
2,33,0,NA,NA,NA,NA
2,37,0,NA,NA,NA,NA
2,13,3,32,0,NA,NA
1,26,2,NA,NA,NA,NA
2,4,0,23,2,29,8
2,54,0,NA,NA,NA,NA
2,29,6,NA,NA,NA,NA
2,22,3,NA,NA,NA,NA
1,19,11,75,3,NA,NA
2,25,0,NA,NA,NA,NA
1,8,5,27,2,33,8
1,0,NA,29,0,35,8
2,23,3,37,2,39,3
2,3,0,44,5,50,7
2,17,6,34,4,40,4
2,32,0,NA,NA,NA,NA
2,19,0,38,0,45,8
1,16,6,42,0,NA,NA
1,36,12,NA,NA,NA,NA
1,15,4,40,0,63,6
2,1,0,27,0,NA,NA
2,1,0,30,0,34,7
2,1,0,33,3,NA,NA
1,27,12,NA,NA,NA,NA
2,38,4,NA,NA,NA,NA
1,14,3,39,0,NA,NA
2,0,0,14,0,22,7
1,5,0,24,0,26,0
1,34,14,NA,NA,NA,NA
1,17,5,66,0,72,0
1,1,0,20,4,23,8
1,7,1,38,0,43,5
2,8,0,31,0,37,0
2,45,0,61,2,NA,NA
2,7,2,26,0,NA,NA
1,14,4,43,4,50,5
1,0,0,21,0,29,0
2,12,NA,NA,NA,NA,NA
2,54,0,NA,NA,NA,NA
2,20,6,NA,NA,NA,NA
1,8,0,39,0,49,8
2,4,0,23,6,27,0
2,5,0,24,6,31,7
1,12,5,35,5,NA,NA
2,25,3,48,0,NA,NA
2,36,0,NA,NA,NA,NA
1,9,0,34,1,43,1
1,16,5,35,2,41,4
1,37,6,NA,NA,NA,NA
1,27,7,NA,NA,NA,NA
1,27,8,NA,NA,NA,NA
2,1,0,34,0,37,6
2,18,3,NA,NA,NA,NA
1,15,7,52,0,55,0
2,5,0,23,8,27,8
1,16,6,55,0,64,0
2,28,0,NA,NA,NA,NA
2,27,3,NA,NA,NA,NA
1,13,0,45,0,47,5
1,1,0,23,0,29,6
1,18,8,39,0,41,4
2,15,4,31,6,39,9
1,23,9,41,0,NA,NA
2,1,0,27,8,35,8
2,31,7,53,4,57,10
2,12,3,43,0,53,5
1,3,0,27,0,30,8
2,10,0,33,0,NA,NA
1,19,6,38,0,NA,NA
1,3,0,27,0,32,0
2,16,0,44,0,49,0
1,10,NA,NA,NA,NA,NA
1,11,3,34,0,39,6
2,0,0,24,0,32,8
1,1,0,33,2,33,0
1,50,0,NA,NA,NA,NA
1,20,0,55,0,62,5
1,21,8,36,0,NA,NA
1,10,2,27,0,30,0
1,55,5,NA,NA,NA,NA
2,34,0,NA,NA,NA,NA
1,4,1,41,0,NA,NA
2,9,0,38,3,NA,NA
2,30,3,NA,NA,NA,NA
1,55,2,NA,NA,NA,NA
2,19,6,51,1,NA,NA
2,30,0,NA,NA,NA,NA
2,70,0,NA,NA,NA,NA
1,13,NA,NA,NA,NA,NA
2,23,8,NA,NA,NA,NA
1,29,6,NA,NA,NA,NA
2,7,1,28,6,NA,NA
2,5,1,23,6,26,3
1,17,4,38,0,NA,NA
1,3,0,33,0,36,8
2,15,8,30,6,32,8
2,9,2,30,0,36,0
2,27,5,NA,NA,NA,NA
1,1,0,24,8,25,12
1,35,8,NA,NA,NA,NA
2,74,0,NA,NA,NA,NA
2,38,0,NA,NA,NA,NA
2,22,NA,NA,NA,NA,NA
1,78,0,NA,NA,NA,NA
2,3,0,21,0,NA,NA
2,18,4,NA,NA,NA,NA
1,28,12,NA,NA,NA,NA
1,3,0,18,10,NA,NA
1,10,0,43,0,NA,NA
1,30,6,NA,NA,NA,NA
2,38,0,NA,NA,NA,NA
2,10,NA,36,5,NA,NA
2,12,2,32,0,NA,NA
2,9,NA,NA,NA,NA,NA
2,33,0,NA,NA,NA,NA
1,32,14,NA,NA,NA,NA
2,5,0,35,0,39,8
1,48,14,NA,NA,NA,NA
2,37,0,31,0,NA,NA
2,15,NA,55,4,57,5
2,21,7,NA,NA,NA,NA
2,13,2,53,2,62,0
1,4,0,39,0,NA,NA
1,2,0,31,0,NA,NA
2,-2,0,NA,NA,NA,NA
1,2,0,30,0,33,5
2,6,0,23,0,33,5
1,6,0,27,6,33,10
1,12,2,29,8,NA,NA
2,1,0,30,0,37,0
2,14,4,38,0,NA,NA
2,21,0,NA,NA,NA,NA
2,48,0,NA,NA,NA,NA
2,10,3,27,0,30,7
2,12,NA,NA,NA,NA,NA
2,34,0,NA,NA,NA,NA
2,26,4,NA,NA,NA,NA
2,28,7,NA,NA,NA,NA
2,26,7,NA,NA,NA,NA
1,24,5,NA,NA,NA,NA
2,3,NA,25,8,29,8
1,25,7,48,6,NA,NA
2,5,0,25,0,NA,NA
2,25,4,NA,NA,NA,NA
2,49,8,NA,NA,NA,NA
1,6,NA,NA,NA,NA,NA
1,37,12,NA,NA,NA,NA
2,8,1,30,0,39,8
1,9,1,27,3,NA,NA
1,1,0,40,5,43,8
2,5,0,23,0,30,0
2,11,NA,NA,NA,NA,NA
1,13,6,33,12,NA,NA
2,23,8,NA,NA,NA,NA
1,23,0,NA,NA,NA,NA
2,33,5,NA,NA,NA,NA
1,5,0,30,4,33,7
1,2,0,29,0,32,8
1,29,8,NA,NA,NA,NA
2,34,0,NA,NA,NA,NA
1,41,0,NA,NA,NA,NA
1,3,0,20,7,30,5
2,16,NA,40,0,42,NA
2,38,4,NA,NA,NA,NA
2,24,0,NA,NA,NA,NA
1,27,14,51,4,57,14
1,3,0,27,2,36,8
1,27,12,51,7,57,8
1,57,0,NA,NA,NA,NA
2,17,7,36,2,39,8
1,0,0,41,0,NA,NA
2,20,4,NA,NA,NA,NA
