"id","male","age","wealth","mid","agetodaym","ageatdeathm","fid","agetodayf","ageatdeathf","wealthp"
"ct88q",0,25.4500007629395,2,NA,NA,NA,NA,NA,NA,NA
"p0s62",0,67,6,NA,NA,NA,NA,NA,NA,NA
"ltxk1",1,57.7000007629395,4,NA,NA,NA,NA,NA,NA,NA
"mtp8i",1,68.6999969482422,5,NA,NA,NA,NA,NA,NA,NA
"z2m12",1,42.2200012207031,3,"sydod",77.4899978637695,NA,"y8ju8",74.6100006103516,NA,5
"lxtws",0,52,3,NA,NA,NA,NA,NA,NA,NA
"ii1ec",0,67.5100021362305,3,NA,NA,NA,NA,NA,NA,NA
"ur7r3",1,28.6000003814697,1,"z9nbx",65.0100021362305,NA,"rcztp",65.0999984741211,NA,4
"d69sx",0,29.4899997711182,4,"t2r2r",66.0400009155273,NA,"q64v6",59.9799995422363,NA,6
"za7xl",0,23.0400009155273,2,NA,NA,NA,NA,NA,NA,NA
"glwjo",0,57.6399993896484,3,NA,NA,NA,NA,NA,NA,NA
"idokq",1,69.5100021362305,7,NA,NA,NA,NA,NA,NA,NA
"z824m",0,69.5199966430664,7,NA,NA,NA,NA,NA,NA,NA
"s2p5v",1,30.9200000762939,2,"wgof5",60.0900001525879,NA,"vyc1v",72.9300003051758,NA,4
"kr5f6",1,36.0099983215332,5,"t95hv",66.879997253418,NA,"aymek",NA,NA,6
"nwdpu",0,58.9700012207031,5,NA,NA,NA,NA,NA,NA,NA
"ikrg6",1,57.9900016784668,4,NA,NA,NA,NA,NA,NA,NA
"nnho2",1,52.9599990844727,8,NA,NA,NA,NA,NA,NA,NA
"ahefc",1,28.9400005340576,4,NA,NA,NA,NA,NA,NA,NA
"ip2tn",0,40.3899993896484,6,"rsr6e",70.2200012207031,NA,"bkr3q",70.1999969482422,69.9899978637695,5
"aquxf",0,41.7700004577637,3,NA,NA,NA,NA,NA,NA,NA
"sx76v",0,66.879997253418,7,NA,NA,NA,NA,NA,NA,NA
"bp18p",0,68.9899978637695,6,NA,NA,NA,NA,NA,NA,NA
"ws2sm",1,73.4899978637695,6,NA,NA,NA,NA,NA,NA,NA
"tp2an",0,34.4900016784668,1,NA,NA,NA,NA,NA,NA,NA
"d31y5",0,59.7000007629395,6,NA,NA,NA,NA,NA,NA,NA
"lyb0t",0,52.8199996948242,4,"up5mj",79.0100021362305,NA,"zjv9r",77.7900009155273,NA,6
"jtxz9",0,36.2900009155273,4,"d1g6j",61.1199989318848,NA,"sc4rb",64.5699996948242,NA,3
"ji9m3",1,64.3399963378906,3,NA,NA,NA,NA,NA,NA,NA
"vthd1",1,69.3300018310547,7,NA,NA,NA,NA,NA,NA,NA
"lpg3g",1,53.0499992370605,4,NA,NA,NA,NA,NA,NA,NA
"zjv9r",1,77.7900009155273,6,NA,NA,NA,NA,NA,NA,NA
"ptiz9",1,28.0300006866455,1,"e7ns9",59.0699996948242,NA,"ddg2y",54.1500015258789,NA,1
"ctx4v",1,51.1699981689453,7,NA,NA,NA,NA,NA,NA,NA
"elrda",0,45,2,NA,NA,NA,NA,NA,NA,NA
"apoul",1,38.1699981689453,4,"gw8ie",66.120002746582,NA,"jjbt7",66.6399993896484,NA,5
"t0mac",0,62.2299995422363,5,NA,NA,NA,NA,NA,NA,NA
"rzttq",0,61.2000007629395,5,NA,NA,NA,NA,NA,NA,NA
"iwq1p",0,26.8899993896484,2,NA,NA,NA,NA,NA,NA,NA
"uv30e",0,40.5200004577637,5,NA,NA,NA,NA,NA,NA,NA
"bx089",0,65.7399978637695,1,NA,NA,NA,NA,NA,NA,NA
"l9rx5",1,37.1100006103516,3,"mci8a",72.4300003051758,NA,"bh0ac",72.4300003051758,NA,6
"oxpy4",0,55.1500015258789,3,NA,NA,NA,NA,NA,NA,NA
"c7529",0,74.8600006103516,4,NA,NA,NA,NA,NA,NA,NA
"kga2a",1,67,5,NA,NA,NA,NA,NA,NA,NA
"twbzp",1,59.4599990844727,7,NA,NA,NA,NA,NA,NA,NA
"gw8ie",0,66.120002746582,5,NA,NA,NA,NA,NA,NA,NA
"xzyj9",0,55.7000007629395,4,NA,NA,NA,NA,NA,NA,NA
"g9di3",0,60.8199996948242,3,NA,NA,NA,NA,NA,NA,NA
"gaoyu",1,77.379997253418,6,NA,NA,NA,NA,NA,NA,NA
"lbghi",0,56.9300003051758,5,NA,NA,NA,NA,NA,NA,NA
"bd09f",1,64.2099990844727,3,NA,NA,NA,NA,NA,NA,NA
"yrnic",1,69.9899978637695,3,NA,NA,NA,NA,NA,NA,NA
"e752v",1,60.3300018310547,3,NA,NA,NA,NA,NA,NA,NA
"jpt78",1,62.8699989318848,5,NA,NA,NA,NA,NA,NA,NA
"j5sdl",1,25.2999992370605,3,"t0mac",62.2299995422363,NA,"kga2a",67,NA,5
"p0zwg",0,62.7599983215332,2,NA,NA,NA,NA,NA,NA,NA
"hf9m4",0,39.9900016784668,1,"skwfq",63.1100006103516,NA,"wgkw4",63.2599983215332,NA,6
"yrtwv",1,80.2200012207031,7,NA,NA,NA,NA,NA,NA,NA
"yug30",1,53.3499984741211,1,NA,NA,NA,NA,NA,NA,NA
"hripd",0,63.5099983215332,1,NA,NA,NA,NA,NA,NA,NA
"kq7fb",1,38.2799987792969,3,"dv094",72.7600021362305,NA,"twfkv",68.9400024414062,NA,2
"tc6tt",1,64.2300033569336,4,NA,NA,NA,NA,NA,NA,NA
"impyp",0,61.9599990844727,5,NA,NA,NA,NA,NA,NA,NA
"ikr8h",0,54.7000007629395,2,NA,NA,NA,NA,NA,NA,NA
"e7ns9",0,59.0699996948242,1,NA,NA,NA,NA,NA,NA,NA
"k0fjr",1,43.1800003051758,6,NA,NA,NA,NA,NA,NA,NA
"h555j",1,61.7400016784668,4,NA,NA,NA,NA,NA,NA,NA
"jybt4",0,74.3000030517578,1,NA,NA,NA,NA,NA,NA,NA
"tpbxk",1,34.2900009155273,2,"d1g6j",61.1199989318848,NA,"sc4rb",64.5699996948242,NA,3
"f3nj6",0,80.2399978637695,1,NA,NA,NA,NA,NA,NA,NA
"u4jxq",1,42.8600006103516,4,NA,NA,NA,NA,NA,NA,NA
"fw6j7",1,38.0200004577637,6,NA,NA,NA,NA,NA,NA,NA
"am0op",0,27.1000003814697,2,"jazmv",59.4599990844727,NA,"s9q8s",53.1500015258789,NA,2
"ea6ze",1,46.3800010681152,3,"xvlyt",82.4000015258789,NA,"iswud",75.8000030517578,NA,5
"fm4gs",1,26.8899993896484,4,NA,NA,NA,NA,NA,NA,NA
"wogfb",1,52.7999992370605,2,NA,NA,NA,NA,NA,NA,NA
"l72no",1,35.7799987792969,5,NA,NA,NA,NA,NA,NA,NA
"ox1jp",0,62.2099990844727,5,NA,NA,NA,NA,NA,NA,NA
"go4ai",0,24.9400005340576,1,"wgof5",60.0900001525879,NA,"vyc1v",72.9300003051758,NA,4
"n94ys",1,82.25,3,NA,NA,NA,NA,NA,NA,NA
"bscec",0,65.6800003051758,7,NA,NA,NA,NA,NA,NA,NA
"khy0k",1,70.25,4,NA,NA,NA,NA,NA,NA,NA
"xx2s4",1,29.8400001525879,4,"ma2rr",58.6300010681152,NA,"dckmv",58.5999984741211,NA,4
"fy852",0,52.5900001525879,4,NA,NA,NA,NA,NA,NA,NA
"xg98e",1,68.2900009155273,3,NA,NA,NA,NA,NA,NA,NA
"nasmv",1,72.4199981689453,5,NA,NA,NA,NA,NA,NA,NA
"g8dnr",1,45.3899993896484,6,NA,NA,NA,NA,NA,NA,NA
"mn034",1,32.2200012207031,5,NA,NA,NA,NA,NA,NA,NA
"g0vj5",0,42.1699981689453,4,NA,NA,NA,NA,NA,NA,NA
"qv1s0",0,33.75,4,NA,NA,NA,NA,NA,NA,NA
"fx67r",0,36.4099998474121,4,NA,NA,NA,NA,NA,NA,NA
"r1vv5",0,55.310001373291,5,"chi5v",81.620002746582,NA,"rhsxz",75.0699996948242,71,8
"z4s38",0,49.9199981689453,5,NA,NA,NA,NA,NA,NA,NA
"g1ye3",1,32.2200012207031,3,"x2b2i",67.879997253418,NA,"m4w6p",68.1800003051758,NA,6
"vf7ug",1,57.1500015258789,4,NA,NA,NA,NA,NA,NA,NA
"laess",1,66.6500015258789,7,"s2pte",88.6600036621094,NA,"qvdnw",89.9100036621094,86,4
"nkh8r",1,64.2799987792969,3,NA,NA,NA,NA,NA,NA,NA
"argdz",0,45.3899993896484,3,NA,NA,NA,NA,NA,NA,NA
"kjw5s",1,66.0100021362305,6,NA,NA,NA,NA,NA,NA,NA
"n4sti",0,55.7599983215332,5,NA,NA,NA,NA,NA,NA,NA
"d99qg",1,38.7799987792969,5,"z5ewt",61.1300010681152,NA,"svfr8",66.2099990844727,NA,4
"apt05",1,54.0900001525879,5,NA,NA,NA,NA,NA,NA,NA
"e81l4",0,59.6300010681152,3,NA,NA,NA,NA,NA,NA,NA
"nidad",0,41.1800003051758,6,"z50wl",71.3000030517578,NA,"nasmv",72.4199981689453,NA,5
"k8pdy",0,29.7299995422363,3,"y4re7",69.879997253418,NA,"noivv",83.6500015258789,83.4899978637695,5
"e3o6m",1,86.3000030517578,6,NA,NA,NA,NA,NA,NA,NA
"ly4zj",0,24.6700000762939,5,"gw8ie",66.120002746582,NA,"jjbt7",66.6399993896484,NA,5
"sc4rb",1,64.5699996948242,3,NA,NA,NA,NA,NA,NA,NA
"n055w",0,38.9599990844727,4,NA,NA,NA,NA,NA,NA,NA
"p5gtf",0,66.120002746582,7,NA,NA,NA,NA,NA,NA,NA
"khj6z",1,52.6800003051758,4,NA,NA,NA,NA,NA,NA,NA
"dpidb",0,55.5999984741211,7,NA,NA,NA,NA,NA,NA,NA
"kroh5",0,39.3300018310547,3,NA,NA,NA,NA,NA,NA,NA
"u75k2",1,79.6100006103516,4,NA,NA,NA,NA,NA,NA,NA
"a0xci",0,34.3300018310547,6,"cxihd",65.5299987792969,NA,"l65sr",67.7200012207031,NA,6
"eihze",0,26.2600002288818,4,NA,NA,NA,NA,NA,NA,NA
"hfmxa",1,33.4099998474121,3,"qde6h",75.2900009155273,NA,"wu08t",70.7799987792969,42.4599990844727,2
"jzz16",0,64.1500015258789,6,NA,NA,NA,NA,NA,NA,NA
"dxqz3",0,65.870002746582,3,NA,NA,NA,NA,NA,NA,NA
"hxiph",0,57.5499992370605,4,NA,NA,NA,NA,NA,NA,NA
"aj1s5",0,34.1100006103516,4,"lnb1b",66.4700012207031,NA,"ruvt2",63.3400001525879,NA,5
"izm0s",1,67.9599990844727,6,NA,NA,NA,NA,NA,NA,NA
"e67h6",0,67.1999969482422,4,NA,NA,NA,NA,NA,NA,NA
"i2qy8",1,29.1900005340576,5,"lyb0t",52.8199996948242,NA,"b385i",56.4799995422363,NA,4
"v3idb",1,71.7699966430664,6,NA,NA,NA,NA,NA,NA,NA
"kvo3n",1,60.7299995422363,5,NA,NA,NA,NA,NA,NA,NA
"vmjrr",0,34.1800003051758,2,NA,NA,NA,NA,NA,NA,NA
"n21ve",1,49.4199981689453,4,NA,NA,NA,NA,NA,NA,NA
"q47pd",0,59.1699981689453,4,NA,NA,NA,NA,NA,NA,NA
"qde6h",0,75.2900009155273,2,NA,NA,NA,NA,NA,NA,NA
"mbj8s",1,33.310001373291,2,NA,NA,NA,NA,NA,NA,NA
"fels5",0,68.4100036621094,4,NA,NA,NA,NA,NA,NA,NA
"z50wl",0,71.3000030517578,5,NA,NA,NA,NA,NA,NA,NA
"q08r8",1,33.1599998474121,2,"xqoz6",61.3899993896484,NA,"rauoc",67.7699966430664,NA,1
"lc4jj",0,24.2900009155273,4,"h7jdc",52.4199981689453,NA,"k9fdf",NA,NA,5
"i23wg",1,41.9000015258789,3,NA,NA,NA,NA,NA,NA,NA
"cb971",0,50.5699996948242,5,"chi5v",81.620002746582,NA,"rhsxz",75.0699996948242,71,8
"z02in",0,48.3699989318848,8,NA,NA,NA,NA,NA,NA,NA
"t5wbr",1,61.0400009155273,8,NA,NA,NA,NA,NA,NA,NA
"lbkrw",1,53.0699996948242,4,NA,NA,NA,NA,NA,NA,NA
"m4w6p",1,68.1800003051758,6,NA,NA,NA,NA,NA,NA,NA
"gfn1u",0,51.1100006103516,8,NA,NA,NA,NA,NA,NA,NA
"b1tvp",0,54.8800010681152,6,NA,NA,NA,NA,NA,NA,NA
"ccuyv",1,62.5800018310547,5,NA,NA,NA,NA,NA,NA,NA
"n4btj",0,46.7000007629395,3,NA,NA,NA,NA,NA,NA,NA
"ijl1o",0,57.5,5,NA,NA,NA,NA,NA,NA,NA
"bdjlr",0,31.4599990844727,1,NA,NA,NA,NA,NA,NA,NA
"wt09f",1,27.5400009155273,1,"jd7vy",65.4899978637695,NA,"kjw5s",66.0100021362305,NA,6
"mrzjd",0,30.7099990844727,1,"tzg2a",65.4199981689453,NA,"twbzp",59.4599990844727,NA,7
"vha8v",0,38.560001373291,8,"vdh49",64.3300018310547,NA,"tgppz",72.1699981689453,39.1699981689453,2
"pznll",1,36.7400016784668,4,"chi5v",81.620002746582,NA,"rhsxz",75.0699996948242,71,8
"d1g6j",0,61.1199989318848,3,NA,NA,NA,NA,NA,NA,NA
"y0jbl",0,41.6500015258789,5,"bscec",65.6800003051758,NA,"laess",66.6500015258789,NA,7
"vgz0g",1,71.379997253418,6,NA,NA,NA,NA,NA,NA,NA
"cr8ap",0,43.5400009155273,4,NA,NA,NA,NA,NA,NA,NA
"eughf",0,40.75,8,NA,NA,NA,NA,NA,NA,NA
"pugw7",0,35.689998626709,5,"gw8ie",66.120002746582,NA,"jjbt7",66.6399993896484,NA,5
"bdy3h",1,77.5800018310547,4,NA,NA,NA,NA,NA,NA,NA
"csd5p",1,75.2799987792969,5,NA,NA,NA,NA,NA,NA,NA
"lpll9",1,72.5800018310547,3,NA,NA,NA,NA,NA,NA,NA
"ejzap",0,47.810001373291,5,NA,NA,NA,NA,NA,NA,NA
"l3wsn",1,62.0099983215332,2,NA,NA,NA,NA,NA,NA,NA
"hpjxb",0,70.7399978637695,1,NA,NA,NA,NA,NA,NA,NA
"tzg2a",0,65.4199981689453,7,NA,NA,NA,NA,NA,NA,NA
"hwz1t",0,34.9099998474121,3,"z5ewt",61.1300010681152,NA,"svfr8",66.2099990844727,NA,4
"a4vtj",0,40.2099990844727,5,"qn9jz",70.1100006103516,NA,"vncxv",66.4000015258789,42.2000007629395,3
"nn2ry",0,63.5099983215332,6,NA,NA,NA,NA,NA,NA,NA
"rsmtd",1,53.1300010681152,8,NA,NA,NA,NA,NA,NA,NA
"jznap",1,41.1800003051758,4,"z9nbx",65.0100021362305,NA,"rcztp",65.0999984741211,NA,4
"mba1o",1,73.5500030517578,7,NA,NA,NA,NA,NA,NA,NA
"wkbss",1,60.939998626709,3,NA,NA,NA,NA,NA,NA,NA
"k2ylb",0,66.1600036621094,3,NA,NA,NA,NA,NA,NA,NA
"bj3qq",0,33.5400009155273,4,NA,NA,NA,NA,NA,NA,NA
"x2b2i",0,67.879997253418,6,NA,NA,NA,NA,NA,NA,NA
"lnb1b",0,66.4700012207031,5,NA,NA,NA,NA,NA,NA,NA
"y46tv",1,29.3600006103516,3,"ghazc",63.7999992370605,NA,"hz8de",66.9000015258789,60,4
"k8hgj",1,38.5099983215332,3,NA,NA,NA,NA,NA,NA,NA
"uebx0",0,65.9599990844727,1,NA,NA,NA,NA,NA,NA,NA
"tfg6k",1,42.689998626709,4,"bvi0y",69.3899993896484,NA,"ismkm",66.4899978637695,NA,3
"zgu7g",0,28.1499996185303,1,"y30ub",60.0200004577637,NA,"ltxk1",57.7000007629395,NA,4
"dv094",0,72.7600021362305,2,NA,NA,NA,NA,NA,NA,NA
"ndhak",1,43.2700004577637,3,NA,NA,NA,NA,NA,NA,NA
"lyips",0,38.1399993896484,3,"d1g6j",61.1199989318848,NA,"sc4rb",64.5699996948242,NA,3
"x1ub3",1,58.5999984741211,2,NA,NA,NA,NA,NA,NA,NA
"laibi",0,50.2400016784668,2,NA,NA,NA,NA,NA,NA,NA
"lipyl",0,36.0200004577637,5,NA,NA,NA,NA,NA,NA,NA
"sxads",1,57.0400009155273,4,NA,NA,NA,NA,NA,NA,NA
"s2pte",0,88.6600036621094,4,NA,NA,NA,NA,NA,NA,NA
"kxi9j",1,51.8199996948242,1,NA,NA,NA,NA,NA,NA,NA
"rniqy",0,59.8899993896484,3,NA,NA,NA,NA,NA,NA,NA
"s8tld",1,61.2299995422363,3,NA,NA,NA,NA,NA,NA,NA
"amcml",1,61.9199981689453,4,NA,NA,NA,NA,NA,NA,NA
"zgjbo",0,39.0099983215332,4,"f34m2",68.1999969482422,NA,"ln1sy",64.6100006103516,NA,6
"ntvfx",0,43.1699981689453,4,NA,NA,NA,NA,NA,NA,NA
"h4tz0",1,67.2699966430664,2,NA,NA,NA,NA,NA,NA,NA
"j1ee3",0,43.060001373291,6,NA,NA,NA,NA,NA,NA,NA
"orpma",0,39.9000015258789,7,NA,NA,NA,NA,NA,NA,NA
"jo757",1,39.939998626709,3,"chi5v",81.620002746582,NA,"rhsxz",75.0699996948242,71,8
"kryf5",1,46.3600006103516,4,NA,NA,NA,NA,NA,NA,NA
"a3mgh",0,54.0800018310547,4,NA,NA,NA,NA,NA,NA,NA
"hvz3n",1,75.2399978637695,6,NA,NA,NA,NA,NA,NA,NA
"h6412",0,73.8899993896484,4,NA,NA,NA,NA,NA,NA,NA
"ww0wx",0,48.7099990844727,7,NA,NA,NA,NA,NA,NA,NA
"va899",1,46.0499992370605,5,NA,NA,NA,NA,NA,NA,NA
"ruvt2",1,63.3400001525879,5,NA,NA,NA,NA,NA,NA,NA
"thfub",0,29.9200000762939,1,"x2b2i",67.879997253418,NA,"m4w6p",68.1800003051758,NA,6
"xjlg3",1,57.6399993896484,3,NA,NA,NA,NA,NA,NA,NA
"h61xc",0,32.5999984741211,4,NA,NA,NA,NA,NA,NA,NA
"g0mxc",0,50.5999984741211,5,NA,NA,NA,NA,NA,NA,NA
"wvwbl",1,32.9900016784668,3,"gw8ie",66.120002746582,NA,"jjbt7",66.6399993896484,NA,5
"l65sr",1,67.7200012207031,6,NA,NA,NA,NA,NA,NA,NA
"kkovh",0,45.7200012207031,6,NA,NA,NA,NA,NA,NA,NA
"bfwi7",1,78.2399978637695,4,NA,NA,NA,NA,NA,NA,NA
"p1n4y",1,54.1599998474121,4,NA,NA,NA,NA,NA,NA,NA
"u83zf",1,35.2000007629395,1,NA,NA,NA,NA,NA,NA,NA
"tgweb",0,48.9500007629395,4,NA,NA,NA,NA,NA,NA,NA
"s0qn9",1,36.7799987792969,4,NA,NA,NA,NA,NA,NA,NA
"rtvj4",1,58.5400009155273,5,NA,NA,NA,NA,NA,NA,NA
"feyki",1,29.3899993896484,1,"c062m",61.0299987792969,NA,"rtvj4",58.5400009155273,NA,5
"joadb",0,78.1699981689453,3,NA,NA,NA,NA,NA,NA,NA
"g7j6o",0,34.3300018310547,2,"t2r2r",66.0400009155273,NA,"q64v6",59.9799995422363,NA,6
"sshbm",1,39.0299987792969,1,NA,NA,NA,NA,NA,NA,NA
"dckny",0,51.0400009155273,3,"qde6h",75.2900009155273,NA,"wu08t",70.7799987792969,42.4599990844727,2
"vz8q8",0,54.0400009155273,3,NA,NA,NA,NA,NA,NA,NA
"gvtf2",0,59.9799995422363,8,NA,NA,NA,NA,NA,NA,NA
"ged1l",0,42.0800018310547,4,NA,NA,NA,NA,NA,NA,NA
"gd0bv",0,40,1,NA,NA,NA,NA,NA,NA,NA
"tg4dm",1,43.310001373291,2,"z9nbx",65.0100021362305,NA,"rcztp",65.0999984741211,NA,4
"b5mn1",1,37.5400009155273,7,"skwfq",63.1100006103516,NA,"wgkw4",63.2599983215332,NA,6
"o9dps",0,64.6500015258789,1,NA,NA,NA,NA,NA,NA,NA
"pyiqb",0,74.2399978637695,3,NA,NA,NA,NA,NA,NA,NA
"j07u3",1,50.3899993896484,6,NA,NA,NA,NA,NA,NA,NA
"jg5od",0,52.8600006103516,5,NA,NA,NA,NA,NA,NA,NA
"ii00l",1,54.7999992370605,7,NA,NA,NA,NA,NA,NA,NA
"zx1ep",0,50.4799995422363,3,"yliq7",80.0999984741211,76,"khjc6",77.870002746582,NA,1
"vqld6",1,34.1399993896484,5,"impyp",61.9599990844727,NA,"ceh54",66.5599975585938,38.7299995422363,5
"z1hv5",0,59.1599998474121,5,NA,NA,NA,NA,NA,NA,NA
"ghazc",0,63.7999992370605,4,NA,NA,NA,NA,NA,NA,NA
"qarxt",0,66.629997253418,6,NA,NA,NA,NA,NA,NA,NA
"g6nic",1,74.3899993896484,4,NA,NA,NA,NA,NA,NA,NA
"zhd0u",0,41.8699989318848,5,NA,NA,NA,NA,NA,NA,NA
"nw7ao",0,52.9900016784668,5,NA,NA,NA,NA,NA,NA,NA
"chr1j",0,84.8600006103516,6,NA,NA,NA,NA,NA,NA,NA
"v3cfa",0,34.810001373291,2,"c7529",74.8600006103516,NA,"khy0k",70.25,NA,4
"h4gbz",1,66.4199981689453,7,NA,NA,NA,NA,NA,NA,NA
"bh0ac",1,72.4300003051758,6,NA,NA,NA,NA,NA,NA,NA
"su5t3",0,78.2799987792969,6,NA,NA,NA,NA,NA,NA,NA
"b6431",1,57.9900016784668,5,NA,NA,NA,NA,NA,NA,NA
"rna8j",0,39.1500015258789,2,"joadb",78.1699981689453,NA,"zxrna",80.2900009155273,46.0800018310547,3
"kcuji",1,33.0900001525879,2,NA,NA,NA,NA,NA,NA,NA
"rvnb8",0,17.25,4,NA,NA,NA,NA,NA,NA,NA
"uwj7g",1,48.6500015258789,7,NA,NA,NA,NA,NA,NA,NA
"fyr25",1,54.060001373291,3,NA,NA,NA,NA,NA,NA,NA
"nezf9",0,43.2799987792969,4,"joadb",78.1699981689453,NA,"zxrna",80.2900009155273,46.0800018310547,3
"ixr6w",1,27.1000003814697,5,"c062m",61.0299987792969,NA,"rtvj4",58.5400009155273,NA,5
"f4l9s",1,47.9199981689453,5,"uu0tg",80.1900024414062,NA,"kpkzu",74.3099975585938,NA,6
"bvi0y",0,69.3899993896484,3,NA,NA,NA,NA,NA,NA,NA
"yctkl",0,38.1800003051758,5,NA,NA,NA,NA,NA,NA,NA
"f34m2",0,68.1999969482422,6,NA,NA,NA,NA,NA,NA,NA
"yd5iz",0,28.9200000762939,1,"oj7ig",58.1399993896484,NA,"fpeiq",63.6100006103516,NA,8
"p4609",0,60.9000015258789,3,NA,NA,NA,NA,NA,NA,NA
"i603v",1,26.7999992370605,2,"d1g6j",61.1199989318848,NA,"sc4rb",64.5699996948242,NA,3
"u111z",0,57.7200012207031,4,NA,NA,NA,NA,NA,NA,NA
"py7el",1,36.5999984741211,2,"qarxt",66.629997253418,NA,"ravg8",62.8800010681152,NA,6
"f6sk8",0,62.0099983215332,6,NA,NA,NA,NA,NA,NA,NA
"xz7d4",1,30.8899993896484,4,"xqoz6",61.3899993896484,NA,"rauoc",67.7699966430664,NA,1
"ktxg6",1,59.4799995422363,4,NA,NA,NA,NA,NA,NA,NA
"jiwcr",0,55.1599998474121,6,NA,NA,NA,NA,NA,NA,NA
"dmrhe",1,33.4500007629395,4,"wgof5",60.0900001525879,NA,"vyc1v",72.9300003051758,NA,4
"d97m4",0,42.6100006103516,7,NA,NA,NA,NA,NA,NA,NA
"i0tir",0,31.8799991607666,3,"ox1jp",62.2099990844727,NA,"b6431",57.9900016784668,NA,5
"sh20k",1,60.4199981689453,4,NA,NA,NA,NA,NA,NA,NA
"h9dv1",0,61.0999984741211,6,NA,NA,NA,NA,NA,NA,NA
"pz33w",0,54.8800010681152,6,NA,NA,NA,NA,NA,NA,NA
"up5mj",0,79.0100021362305,6,NA,NA,NA,NA,NA,NA,NA
"zs5vp",1,26.4799995422363,1,"tb4al",52.5699996948242,NA,"k5lvr",49.4199981689453,NA,5
"ffl3e",1,58.4799995422363,4,NA,NA,NA,NA,NA,NA,NA
"qpnes",0,40.1399993896484,5,NA,NA,NA,NA,NA,NA,NA
"rlb48",1,74.1399993896484,2,NA,NA,NA,NA,NA,NA,NA
"oerh2",1,37.5999984741211,1,"u111z",57.7200012207031,NA,"sxads",57.0400009155273,NA,4
"n9u44",1,65.3399963378906,4,NA,NA,NA,NA,NA,NA,NA
"pafi0",0,44.3300018310547,4,NA,NA,NA,NA,NA,NA,NA
"qn9jz",0,70.1100006103516,3,NA,NA,NA,NA,NA,NA,NA
"g74u9",0,23.3700008392334,3,NA,NA,NA,NA,NA,NA,NA
"lu1at",0,55.2799987792969,4,NA,NA,NA,NA,NA,NA,NA
"ce0b7",0,63.2099990844727,4,NA,NA,NA,NA,NA,NA,NA
"fujr0",0,56.4000015258789,2,NA,NA,NA,NA,NA,NA,NA
"u5exv",1,73.4199981689453,6,NA,NA,NA,NA,NA,NA,NA
"tb4al",0,52.5699996948242,5,NA,NA,NA,NA,NA,NA,NA
"jjcdc",0,32.8800010681152,1,NA,NA,NA,NA,NA,NA,NA
"o7rn5",1,56.2700004577637,7,NA,NA,NA,NA,NA,NA,NA
"k50y5",0,64.9700012207031,2,NA,NA,NA,NA,NA,NA,NA
"qv2ss",0,32.1500015258789,1,NA,NA,NA,NA,NA,NA,NA
"clj6h",0,59.1500015258789,7,NA,NA,NA,NA,NA,NA,NA
"smgu8",0,58.2799987792969,1,NA,NA,NA,NA,NA,NA,NA
"w0ikq",0,46.2799987792969,4,NA,NA,NA,NA,NA,NA,NA
"irwux",0,33.8199996948242,8,"nwdpu",58.9700012207031,NA,"ccuyv",62.5800018310547,NA,5
"uhv98",0,48.2299995422363,2,NA,NA,NA,NA,NA,NA,NA
"w9i0h",0,80.1100006103516,3,NA,NA,NA,NA,NA,NA,NA
"zjjjx",0,32.5499992370605,3,"h9dv1",61.0999984741211,NA,"g878u",60.939998626709,45.8600006103516,6
"fu982",0,64.1399993896484,3,NA,NA,NA,NA,NA,NA,NA
"dxhau",1,70,3,NA,NA,NA,NA,NA,NA,NA
"q73gx",0,49.3199996948242,2,"w9i0h",80.1100006103516,NA,"n94ys",82.25,NA,3
"c09nu",0,77.2799987792969,6,NA,NA,NA,NA,NA,NA,NA
"ddg2y",1,54.1500015258789,1,NA,NA,NA,NA,NA,NA,NA
"c062m",0,61.0299987792969,5,NA,NA,NA,NA,NA,NA,NA
"iyisj",0,55.6500015258789,3,NA,NA,NA,NA,NA,NA,NA
"b385i",1,56.4799995422363,4,NA,NA,NA,NA,NA,NA,NA
"zp0k6",1,57.9599990844727,4,NA,NA,NA,NA,NA,NA,NA
"hrwco",0,50.0299987792969,4,NA,NA,NA,NA,NA,NA,NA
"dopaf",0,74.4700012207031,5,NA,NA,NA,NA,NA,NA,NA
"q64v6",1,59.9799995422363,6,NA,NA,NA,NA,NA,NA,NA
"mparl",0,85.7300033569336,8,NA,NA,NA,NA,NA,NA,NA
"vyha7",0,33.6500015258789,5,"yidhe",69.1999969482422,NA,"w7h0w",63.7099990844727,NA,4
"rs4vn",1,51.3499984741211,8,NA,NA,NA,NA,NA,NA,NA
"th4kc",0,32.25,4,NA,NA,NA,NA,NA,NA,NA
"b0q9r",1,61.6300010681152,5,NA,NA,NA,NA,NA,NA,NA
"j4cuy",1,46.5499992370605,5,"q55z7",63,NA,"lodvw",80.3000030517578,NA,6
"twfkv",1,68.9400024414062,2,NA,NA,NA,NA,NA,NA,NA
"e4v3q",1,61.2700004577637,3,NA,NA,NA,NA,NA,NA,NA
"vdh49",0,64.3300018310547,2,NA,NA,NA,NA,NA,NA,NA
"bx510",0,48.4000015258789,5,NA,NA,NA,NA,NA,NA,NA
"kpkzu",1,74.3099975585938,6,NA,NA,NA,NA,NA,NA,NA
"d5kn5",1,37.7999992370605,6,NA,NA,NA,NA,NA,NA,NA
"zab2r",0,73.2699966430664,3,NA,NA,NA,NA,NA,NA,NA
"nel0h",0,36.3199996948242,5,"f8ed0",67.8099975585938,36.810001373291,"l1hki",65.2099990844727,NA,3
"c1arw",0,33.9199981689453,2,"uebx0",65.9599990844727,NA,"yvynq",87.75,81.9199981689453,1
"xrpf2",1,34.8199996948242,5,NA,NA,NA,NA,NA,NA,NA
"qzpxl",1,51.7000007629395,2,NA,NA,NA,NA,NA,NA,NA
"qz8z1",1,31.3299999237061,2,"z9nbx",65.0100021362305,NA,"rcztp",65.0999984741211,NA,4
"mvkd4",1,74.8600006103516,5,NA,NA,NA,NA,NA,NA,NA
"j1vex",1,45.7900009155273,3,NA,NA,NA,NA,NA,NA,NA
"rcztp",1,65.0999984741211,4,NA,NA,NA,NA,NA,NA,NA
"q0p2g",0,41.2299995422363,3,NA,NA,NA,NA,NA,NA,NA
"lqgnp",0,44.3199996948242,5,"bscec",65.6800003051758,NA,"laess",66.6500015258789,NA,7
"avt8c",1,54.0900001525879,5,NA,NA,NA,NA,NA,NA,NA
"eqqtl",1,62.689998626709,6,NA,NA,NA,NA,NA,NA,NA
"pvv7q",1,34,3,"hripd",63.5099983215332,NA,"leat8",62.5400009155273,55.0400009155273,1
"w7h0w",1,63.7099990844727,4,NA,NA,NA,NA,NA,NA,NA
"bhpww",0,65.2600021362305,3,NA,NA,NA,NA,NA,NA,NA
"r91lj",1,50.3600006103516,3,"uvpuh",80.7699966430664,NA,"gt3eb",83.120002746582,69.3899993896484,3
"bjh4e",0,54.4300003051758,3,NA,NA,NA,NA,NA,NA,NA
"cxihd",0,65.5299987792969,6,NA,NA,NA,NA,NA,NA,NA
"t241j",1,34.4500007629395,2,"fb9y1",67.6800003051758,NA,"h4tz0",67.2699966430664,NA,2
"ct7ka",1,81.9300003051758,5,NA,NA,NA,NA,NA,NA,NA
"sivxk",0,79.6800003051758,2,NA,NA,NA,NA,NA,NA,NA
"m9vhj",0,73.3300018310547,7,NA,NA,NA,NA,NA,NA,NA
"db403",0,72.6500015258789,6,NA,NA,NA,NA,NA,NA,NA
"xc8zy",0,50.2299995422363,7,NA,NA,NA,NA,NA,NA,NA
"xvlyt",0,82.4000015258789,5,NA,NA,NA,NA,NA,NA,NA
"lybuk",0,55.8300018310547,6,NA,NA,NA,NA,NA,NA,NA
"qr8qs",1,62.6300010681152,6,NA,NA,NA,NA,NA,NA,NA
"wrkhb",1,52.6399993896484,5,NA,NA,NA,NA,NA,NA,NA
"w3i1e",0,62.9300003051758,3,NA,NA,NA,NA,NA,NA,NA
"xalgt",1,46.1800003051758,4,NA,NA,NA,NA,NA,NA,NA
"u3hmr",0,52.439998626709,5,NA,NA,NA,NA,NA,NA,NA
"te23s",1,23.3299999237061,3,"z02in",48.3699989318848,NA,"nnho2",52.9599990844727,NA,8
"ismkm",1,66.4899978637695,3,NA,NA,NA,NA,NA,NA,NA
"wgkw4",1,63.2599983215332,6,NA,NA,NA,NA,NA,NA,NA
"kpa4m",1,34.3300018310547,1,"skwfq",63.1100006103516,NA,"wgkw4",63.2599983215332,NA,6
"o3dp4",1,43.5,5,NA,NA,NA,NA,NA,NA,NA
"t6km6",0,50.3400001525879,4,NA,NA,NA,NA,NA,NA,NA
"eprau",1,73.4499969482422,7,NA,NA,NA,NA,NA,NA,NA
"w3uws",0,30.3899993896484,4,"cxihd",65.5299987792969,NA,"l65sr",67.7200012207031,NA,6
"luy0p",1,27.6499996185303,2,"xqoz6",61.3899993896484,NA,"rauoc",67.7699966430664,NA,1
"mir66",0,58.2400016784668,6,"s2pte",88.6600036621094,NA,"qvdnw",89.9100036621094,86,4
"m4dv7",1,64.9300003051758,6,NA,NA,NA,NA,NA,NA,NA
"oj7ig",0,58.1399993896484,8,NA,NA,NA,NA,NA,NA,NA
"tvg1p",0,40.0999984741211,4,"i0o1y",73.7099990844727,NA,"csd5p",75.2799987792969,NA,5
"wk3vq",0,56.9900016784668,4,NA,NA,NA,NA,NA,NA,NA
"fcgog",0,48.810001373291,7,NA,NA,NA,NA,NA,NA,NA
"htc9u",0,44.7700004577637,5,NA,NA,NA,NA,NA,NA,NA
"hiqpp",0,31.4599990844727,3,NA,NA,NA,NA,NA,NA,NA
"qjdty",1,36.7900009155273,8,NA,NA,NA,NA,NA,NA,NA
"y3lda",0,67.3099975585938,4,NA,NA,NA,NA,NA,NA,NA
"cr1eq",0,84.1900024414062,5,NA,NA,NA,NA,NA,NA,NA
"x87xg",1,47.9199981689453,8,NA,NA,NA,NA,NA,NA,NA
"y4re7",0,69.879997253418,5,NA,NA,NA,NA,NA,NA,NA
"sydod",0,77.4899978637695,5,NA,NA,NA,NA,NA,NA,NA
"h78y7",0,56.1800003051758,7,NA,NA,NA,NA,NA,NA,NA
"n6xhv",0,43.1599998474121,6,NA,NA,NA,NA,NA,NA,NA
"qfzdr",1,80.5999984741211,1,NA,NA,NA,NA,NA,NA,NA
"khjc6",1,77.870002746582,1,NA,NA,NA,NA,NA,NA,NA
"e2a1q",0,49.0800018310547,4,NA,NA,NA,NA,NA,NA,NA
"sj7pv",1,42.2400016784668,4,"e4axm",76.3099975585938,59.8699989318848,"g6nic",74.3899993896484,NA,4
"rezo8",0,66.129997253418,6,NA,NA,NA,NA,NA,NA,NA
"jxyrt",0,31.1299991607666,2,NA,NA,NA,NA,NA,NA,NA
"uu0tg",0,80.1900024414062,6,NA,NA,NA,NA,NA,NA,NA
"rgyk8",0,50.6500015258789,5,NA,NA,NA,NA,NA,NA,NA
"x8qqa",1,54.2799987792969,4,NA,NA,NA,NA,NA,NA,NA
"gcmze",1,34.9500007629395,5,"d31y5",59.7000007629395,NA,"jivcv",63.2999992370605,NA,6
"aghf8",0,56.0099983215332,4,NA,NA,NA,NA,NA,NA,NA
"jivcv",1,63.2999992370605,6,NA,NA,NA,NA,NA,NA,NA
"smeqn",0,36.9500007629395,2,"z9nbx",65.0100021362305,NA,"rcztp",65.0999984741211,NA,4
"rarho",0,42,3,NA,NA,NA,NA,NA,NA,NA
"kev2e",0,34.4500007629395,7,NA,NA,NA,NA,NA,NA,NA
"kkx0y",1,24.1800003051758,1,"t6km6",50.3400001525879,NA,"r336p",64.9199981689453,NA,4
"btngr",0,28.3500003814697,3,NA,NA,NA,NA,NA,NA,NA
"p08x4",0,29.3500003814697,2,"b1tvp",54.8800010681152,NA,"a5rhk",59.6300010681152,NA,6
"y30ub",0,60.0200004577637,4,NA,NA,NA,NA,NA,NA,NA
"ojtw5",0,31.4699993133545,5,"w3i1e",62.9300003051758,NA,"nkh8r",64.2799987792969,NA,3
"vaqpq",0,36.7299995422363,3,NA,NA,NA,NA,NA,NA,NA
"dtuox",1,58.9500007629395,5,NA,NA,NA,NA,NA,NA,NA
"dd4sn",0,50.0200004577637,1,NA,NA,NA,NA,NA,NA,NA
"nk5jo",0,27.2299995422363,3,"p0gyl",52.9700012207031,31.5599994659424,"amcml",61.9199981689453,NA,4
"jjixw",1,58.8899993896484,5,NA,NA,NA,NA,NA,NA,NA
"yidhe",0,69.1999969482422,4,NA,NA,NA,NA,NA,NA,NA
"swwec",0,77.8600006103516,6,NA,NA,NA,NA,NA,NA,NA
"z9nbx",0,65.0100021362305,4,NA,NA,NA,NA,NA,NA,NA
"bar2r",1,60.2599983215332,7,NA,NA,NA,NA,NA,NA,NA
"ravg8",1,62.8800010681152,6,NA,NA,NA,NA,NA,NA,NA
"dggbr",0,44.4599990844727,2,"pyiqb",74.2399978637695,NA,"i3n51",65.6999969482422,24.7000007629395,3
"nyypf",0,43.8800010681152,7,"m9vhj",73.3300018310547,NA,"vthd1",69.3300018310547,NA,7
"ltb2t",0,49.25,3,NA,NA,NA,NA,NA,NA,NA
"ewcax",1,34.5699996948242,4,"xqoz6",61.3899993896484,NA,"rauoc",67.7699966430664,NA,1
"yhq4z",0,65.5599975585938,6,NA,NA,NA,NA,NA,NA,NA
"yd6h5",1,67.879997253418,1,NA,NA,NA,NA,NA,NA,NA
"kxeur",1,86.4899978637695,1,NA,NA,NA,NA,NA,NA,NA
"mci8a",0,72.4300003051758,6,NA,NA,NA,NA,NA,NA,NA
"due0c",0,59.6599998474121,4,NA,NA,NA,NA,NA,NA,NA
"s9q8s",1,53.1500015258789,2,NA,NA,NA,NA,NA,NA,NA
"ft2ln",1,47.3600006103516,2,"mci8a",72.4300003051758,NA,"bh0ac",72.4300003051758,NA,6
"fav23",0,40.1199989318848,3,"x2b2i",67.879997253418,NA,"m4w6p",68.1800003051758,NA,6
"k5lvr",1,49.4199981689453,5,NA,NA,NA,NA,NA,NA,NA
"kyb4u",0,66.6900024414062,5,NA,NA,NA,NA,NA,NA,NA
"sbl1s",0,53.9099998474121,5,NA,NA,NA,NA,NA,NA,NA
"o0pad",1,62.0099983215332,4,NA,NA,NA,NA,NA,NA,NA
"fwsfp",1,49.8800010681152,5,NA,NA,NA,NA,NA,NA,NA
"yfsq5",0,61.9300003051758,5,NA,NA,NA,NA,NA,NA,NA
"iswud",1,75.8000030517578,5,NA,NA,NA,NA,NA,NA,NA
"wgof5",0,60.0900001525879,4,NA,NA,NA,NA,NA,NA,NA
"eq4oh",1,59.060001373291,6,"xvlyt",82.4000015258789,NA,"iswud",75.8000030517578,NA,5
"mwtgi",1,64.2200012207031,7,NA,NA,NA,NA,NA,NA,NA
"pashj",1,55.7599983215332,4,NA,NA,NA,NA,NA,NA,NA
"uvpuh",0,80.7699966430664,3,NA,NA,NA,NA,NA,NA,NA
"px6jo",1,50.6500015258789,7,NA,NA,NA,NA,NA,NA,NA
"f7lax",1,43.1300010681152,6,"rezo8",66.129997253418,NA,"lodvw",80.3000030517578,NA,6
"z5ewt",0,61.1300010681152,4,NA,NA,NA,NA,NA,NA,NA
"qv3a5",0,25.8799991607666,2,NA,NA,NA,NA,NA,NA,NA
"fpeiq",1,63.6100006103516,8,NA,NA,NA,NA,NA,NA,NA
"yzj08",1,36.7000007629395,3,"oggi0",64.120002746582,NA,"tzlql",65.0699996948242,61,7
"osb6h",0,50.0900001525879,5,NA,NA,NA,NA,NA,NA,NA
"dq2s9",0,35.9799995422363,3,NA,NA,NA,NA,NA,NA,NA
"scc1y",1,63.2099990844727,4,NA,NA,NA,NA,NA,NA,NA
"ma2rr",0,58.6300010681152,4,NA,NA,NA,NA,NA,NA,NA
"pl5td",1,60.7000007629395,5,NA,NA,NA,NA,NA,NA,NA
"skwfq",0,63.1100006103516,6,NA,NA,NA,NA,NA,NA,NA
"z4kbe",0,21.6200008392334,4,NA,NA,NA,NA,NA,NA,NA
"ffzvd",0,62.0400009155273,4,NA,NA,NA,NA,NA,NA,NA
"ptfs9",0,57.5200004577637,1,NA,NA,NA,NA,NA,NA,NA
"q9uq6",0,60.7799987792969,3,NA,NA,NA,NA,NA,NA,NA
"i0o1y",0,73.7099990844727,5,NA,NA,NA,NA,NA,NA,NA
"rauoc",1,67.7699966430664,1,NA,NA,NA,NA,NA,NA,NA
"fdfqy",1,50.8199996948242,5,NA,NA,NA,NA,NA,NA,NA
"bj5r0",0,54.3600006103516,4,"chr1j",84.8600006103516,NA,"ouj0k",83.9899978637695,NA,6
"ji7ys",1,44,4,NA,NA,NA,NA,NA,NA,NA
"vyc1v",1,72.9300003051758,4,NA,NA,NA,NA,NA,NA,NA
"u3lma",0,79.0100021362305,5,NA,NA,NA,NA,NA,NA,NA
"lodvw",1,80.3000030517578,6,NA,NA,NA,NA,NA,NA,NA
"waexf",0,33.9900016784668,4,NA,NA,NA,NA,NA,NA,NA
"bjsub",0,36.3199996948242,2,"uebx0",65.9599990844727,NA,"yvynq",87.75,81.9199981689453,1
"c1fyd",1,37.8400001525879,5,"hpjxb",70.7399978637695,NA,"yd6h5",67.879997253418,NA,1
"a5rhk",1,59.6300010681152,6,NA,NA,NA,NA,NA,NA,NA
"f5qyf",0,41.6800003051758,1,"v68gx",81.4000015258789,67.2300033569336,"qfzdr",80.5999984741211,NA,1
"y8ju8",1,74.6100006103516,5,NA,NA,NA,NA,NA,NA,NA
"o2owd",0,76.7900009155273,7,NA,NA,NA,NA,NA,NA,NA
"he0ha",0,46.4000015258789,5,NA,NA,NA,NA,NA,NA,NA
"dckmv",1,58.5999984741211,4,NA,NA,NA,NA,NA,NA,NA
"g4esx",1,24.8199996948242,4,"c062m",61.0299987792969,NA,"rtvj4",58.5400009155273,NA,5
"us35p",1,64.5299987792969,5,NA,NA,NA,NA,NA,NA,NA
"jd7vy",0,65.4899978637695,6,NA,NA,NA,NA,NA,NA,NA
"kqupu",1,27.0900001525879,2,NA,NA,NA,NA,NA,NA,NA
"xqoz6",0,61.3899993896484,1,NA,NA,NA,NA,NA,NA,NA
"osj1c",0,46.6599998474121,5,NA,NA,NA,NA,NA,NA,NA
"ki7v5",1,55.4599990844727,2,NA,NA,NA,NA,NA,NA,NA
"tx2eq",0,74.5699996948242,5,NA,NA,NA,NA,NA,NA,NA
"lw7r8",1,47.2099990844727,4,NA,NA,NA,NA,NA,NA,NA
"vz0qq",0,48.8199996948242,5,NA,NA,NA,NA,NA,NA,NA
"i262m",1,54.3199996948242,2,"k4l2r",84,40,"qfzdr",80.5999984741211,NA,1
"r0bku",0,62.7000007629395,3,NA,NA,NA,NA,NA,NA,NA
"gr7f1",0,24.2999992370605,1,NA,NA,NA,NA,NA,NA,NA
"ozes2",1,29.9799995422363,4,"bscec",65.6800003051758,NA,"laess",66.6500015258789,NA,7
"e6ppz",1,60.2200012207031,5,NA,NA,NA,NA,NA,NA,NA
"kmkii",0,55.6100006103516,6,NA,NA,NA,NA,NA,NA,NA
"ltiao",0,81.129997253418,4,NA,NA,NA,NA,NA,NA,NA
"lul4y",0,33.1300010681152,4,"qn9jz",70.1100006103516,NA,"vncxv",66.4000015258789,42.2000007629395,3
"husrh",1,24.1800003051758,1,"m1j43",52.5800018310547,49,"n21ve",49.4199981689453,NA,4
"ln1sy",1,64.6100006103516,6,NA,NA,NA,NA,NA,NA,NA
"sa0h3",1,37.8400001525879,4,"hripd",63.5099983215332,NA,"leat8",62.5400009155273,55.0400009155273,1
"a44q8",0,37.1800003051758,7,NA,NA,NA,NA,NA,NA,NA
"kuzhf",1,33.6300010681152,2,"w3i1e",62.9300003051758,NA,"nkh8r",64.2799987792969,NA,3
"eoywe",0,50.9300003051758,7,NA,NA,NA,NA,NA,NA,NA
"jteaz",0,37.8800010681152,5,"pyiqb",74.2399978637695,NA,"i3n51",65.6999969482422,24.7000007629395,3
"r6b6d",0,66.9100036621094,6,NA,NA,NA,NA,NA,NA,NA
"gsviu",0,68,5,NA,NA,NA,NA,NA,NA,NA
"ew05q",1,45.0800018310547,1,"joadb",78.1699981689453,NA,"zxrna",80.2900009155273,46.0800018310547,3
"yp3ma",0,50.0400009155273,4,NA,NA,NA,NA,NA,NA,NA
"tvb50",1,84,1,NA,NA,NA,NA,NA,NA,NA
"c5k42",1,38.7200012207031,3,"z9nbx",65.0100021362305,NA,"rcztp",65.0999984741211,NA,4
"jazmv",0,59.4599990844727,2,NA,NA,NA,NA,NA,NA,NA
"t95hv",0,66.879997253418,6,NA,NA,NA,NA,NA,NA,NA
"t2r2r",0,66.0400009155273,6,NA,NA,NA,NA,NA,NA,NA
"chi5v",0,81.620002746582,8,NA,NA,NA,NA,NA,NA,NA
"h7jdc",0,52.4199981689453,5,NA,NA,NA,NA,NA,NA,NA
"t46oq",0,60.3400001525879,5,NA,NA,NA,NA,NA,NA,NA
"p9l0g",0,27.9799995422363,5,"bhpww",65.2600021362305,NA,"v7o20",64.0199966430664,42.6300010681152,3
"xsl7d",0,56.9900016784668,7,NA,NA,NA,NA,NA,NA,NA
"o007k",0,58.2799987792969,5,NA,NA,NA,NA,NA,NA,NA
"vkmxi",0,76.629997253418,4,NA,NA,NA,NA,NA,NA,NA
"wheq0",1,38.560001373291,4,NA,NA,NA,NA,NA,NA,NA
"g3ofm",1,26.2099990844727,2,"b1tvp",54.8800010681152,NA,"a5rhk",59.6300010681152,NA,6
"x6wdi",1,70.9599990844727,5,NA,NA,NA,NA,NA,NA,NA
"rsr6e",0,70.2200012207031,5,NA,NA,NA,NA,NA,NA,NA
"f9icz",1,50.7700004577637,5,NA,NA,NA,NA,NA,NA,NA
"ouj0k",1,83.9899978637695,6,NA,NA,NA,NA,NA,NA,NA
"gq9bn",0,61.2400016784668,4,NA,NA,NA,NA,NA,NA,NA
"jjbt7",1,66.6399993896484,5,NA,NA,NA,NA,NA,NA,NA
"svh80",0,31.1900005340576,6,NA,NA,NA,NA,NA,NA,NA
"oog2i",0,56.0699996948242,4,NA,NA,NA,NA,NA,NA,NA
"iajz7",1,41.0099983215332,2,"uebx0",65.9599990844727,NA,"yvynq",87.75,81.9199981689453,1
"zn621",1,53.1500015258789,5,NA,NA,NA,NA,NA,NA,NA
"svfr8",1,66.2099990844727,4,NA,NA,NA,NA,NA,NA,NA
"j1ytb",0,55.6100006103516,7,NA,NA,NA,NA,NA,NA,NA
"hmuaa",0,36.9900016784668,3,NA,NA,NA,NA,NA,NA,NA
"l1hki",1,65.2099990844727,3,NA,NA,NA,NA,NA,NA,NA
"oggi0",0,64.120002746582,7,NA,NA,NA,NA,NA,NA,NA
"sdjii",0,68.1999969482422,1,NA,NA,NA,NA,NA,NA,NA
"nuu5x",1,44.6500015258789,5,NA,NA,NA,NA,NA,NA,NA
"r336p",1,64.9199981689453,4,NA,NA,NA,NA,NA,NA,NA
"ux1q4",0,74.879997253418,6,NA,NA,NA,NA,NA,NA,NA
"zgpiq",0,69.7600021362305,4,NA,NA,NA,NA,NA,NA,NA
"q9vf1",1,52.7000007629395,5,NA,NA,NA,NA,NA,NA,NA
"wsce6",1,31.7199993133545,4,"ghazc",63.7999992370605,NA,"hz8de",66.9000015258789,60,4
