"id","male","age","rs","idf","agef","rsf","code","idm","agem","rsm"
"sv8lt",0,27,0,"ge189",62,4,"fd",NA,NA,NA
"e7vm5",0,29,1,"kuc5t",59,6,"fd",NA,NA,NA
"x5svm",1,18,0,NA,NA,NA,"ms","plx7e",39,2
"bnxfg",0,22,0,"gqx0i",51,1,"fd",NA,NA,NA
"wylai",0,38,2,"gu34s",75,7,"fd",NA,NA,NA
"xqgun",1,27,1,"m63yf",54,4,"fs",NA,NA,NA
"bh1jo",0,20,0,NA,NA,NA,"md","fjrvd",39,2
"w3090",0,34,0,NA,NA,NA,"md","wneqi",62,4
"wi09j",0,29,1,"vdls1",66,4,"fd",NA,NA,NA
"cptdm",1,29,0,NA,NA,NA,"ms","i3s7n",55,4
"nkb2u",1,39,1,NA,NA,NA,"ms","edbtv",77,8
"vdkpm",1,55,2,NA,NA,NA,"ms","a16ov",79,2
"nghky",1,27,1,"d6wl9",51,3,"fs",NA,NA,NA
"jxmqk",1,23,0,NA,NA,NA,"ms","ubbbo",50,3
"enott",0,35,2,"v8caa",78,5,"fd",NA,NA,NA
"ysqzo",0,41,1,NA,NA,NA,"md","j0sj4",66,7
"axfuy",0,36,1,NA,NA,NA,"md","cxrym",66,5
"syhrw",0,30,2,NA,NA,NA,"md","k5m2z",53,4
"x1qkk",1,22,0,"xvwvx",46,2,"fs",NA,NA,NA
"zcuvu",0,18,0,NA,NA,NA,"md","mnlzk",45,1
"dlhz5",1,17,0,"nju1r",35,1,"fs",NA,NA,NA
"tvlz5",0,30,1,NA,NA,NA,"md","epux3",58,4
"umrxv",1,19,0,NA,NA,NA,"ms","qobqj",43,2
"havfz",0,36,0,NA,NA,NA,"md","kvbt8",61,3
"mas5l",0,20,0,NA,NA,NA,"md","o156z",46,3
"v67nv",0,30,0,"lqjbw",55,6,"fd",NA,NA,NA
"ftvc8",0,21,0,NA,NA,NA,"md","sa7l5",42,3
"bd1c9",0,22,0,NA,NA,NA,"md","fkdib",45,3
"obccs",1,29,0,NA,NA,NA,"ms","akeaq",53,4
"uqbp5",1,47,2,NA,NA,NA,"ms","j0sj4",66,7
"e7lzq",1,54,2,NA,NA,NA,"ms","w2mff",75,6
"c5tnt",0,34,1,"l6fkg",53,3,"fd",NA,NA,NA
"sky5o",1,31,2,"f5hyq",59,3,"fs",NA,NA,NA
"gsvse",0,43,2,NA,NA,NA,"md","yfaon",70,7
"zb7n2",0,31,0,NA,NA,NA,"md","svxej",52,2
"x0o6y",0,37,2,NA,NA,NA,"md","pha1c",66,4
"kdgzd",0,35,2,NA,NA,NA,"md","y8mxf",65,4
"b71wq",0,32,0,NA,NA,NA,"md","p0r9x",63,6
"gnop4",0,24,1,NA,NA,NA,"md","fc4qu",44,3
"nyvei",0,34,0,NA,NA,NA,"md","xxbgl",57,6
"qruer",0,35,0,NA,NA,NA,"md","layzg",58,3
"qqmoa",0,24,0,NA,NA,NA,"md","icu7n",56,2
"ds3lz",0,50,2,NA,NA,NA,"md","xet7k",69,6
"b07ez",1,18,0,NA,NA,NA,"ms","bawx9",44,1
"o98k3",1,33,3,NA,NA,NA,"ms","qett5",53,2
"b85oj",0,38,2,"cmrat",60,5,"fd",NA,NA,NA
"spl0a",0,40,2,"okvvh",59,5,"fd",NA,NA,NA
"cdmpr",1,33,2,NA,NA,NA,"ms","qdwnu",66,5
"kwkpz",0,28,1,NA,NA,NA,"md","g7qx6",51,3
"zr7sn",0,23,0,"py7wk",52,3,"fd",NA,NA,NA
"z2dvv",1,34,0,NA,NA,NA,"ms","k5m2z",53,4
"tf32y",0,30,1,NA,NA,NA,"md","zoq22",70,4
"fhgqp",1,17,0,NA,NA,NA,"ms","qobqj",43,2
"w132i",1,27,0,"gndql",52,3,"fs",NA,NA,NA
"tv7vg",1,25,0,"jx3s6",49,2,"fs",NA,NA,NA
"bdnxu",1,54,0,NA,NA,NA,"ms","jgm50",74,5
"s0eeb",0,47,3,NA,NA,NA,"md","t5t9d",78,2
"hio0x",1,29,1,NA,NA,NA,"ms","g20me",48,3
"xp6yl",1,23,0,"yqvl4",53,2,"fs",NA,NA,NA
"s4phu",0,17,0,"l5nm8",41,2,"fd",NA,NA,NA
"evxan",1,38,2,NA,NA,NA,"ms","cxrym",66,5
"fhln8",0,35,2,NA,NA,NA,"md","su6r7",58,4
"jupdt",0,51,2,NA,NA,NA,"md","l0zjx",70,5
"tql8g",0,25,0,"w1s8d",54,3,"fd",NA,NA,NA
"p5wb3",1,47,2,NA,NA,NA,"ms","n1mks",72,7
"qqsh7",1,34,2,NA,NA,NA,"ms","vxw91",51,3
"czl0g",1,27,1,NA,NA,NA,"ms","g20me",48,3
"wthdn",1,35,0,"v8caa",78,5,"fs",NA,NA,NA
"mix4s",0,43,2,NA,NA,NA,"md","hnq3h",67,4
"vg602",0,32,1,NA,NA,NA,"md","lwrz8",58,3
"p1ojs",0,30,1,NA,NA,NA,"md","ykeq7",66,8
"h9mgw",1,20,0,"v5hbn",45,2,"fs",NA,NA,NA
"ybuj5",1,47,3,NA,NA,NA,"ms","yre07",80,2
"pod2b",0,17,0,"xsu4c",41,2,"fd",NA,NA,NA
"mqr4o",1,34,0,NA,NA,NA,"ms","v4r1l",73,4
"a2th1",1,33,1,"gu34s",75,7,"fs",NA,NA,NA
"pt3re",0,31,1,NA,NA,NA,"md","xet7k",69,6
"osuxv",1,20,0,NA,NA,NA,"ms","mwt7c",46,3
"xpn2c",0,45,2,NA,NA,NA,"md","cuiz0",79,6
"t8wng",0,26,0,NA,NA,NA,"md","ixsl2",52,2
"p6dgu",0,41,2,NA,NA,NA,"md","xet7k",69,6
"r9c1g",0,22,0,"idm84",46,2,"fd",NA,NA,NA
"szton",0,58,3,NA,NA,NA,"md","cuiz0",79,6
"hx967",1,25,0,NA,NA,NA,"ms","mwt7c",46,3
"su6r7",0,58,4,NA,NA,NA,"md","ogong",83,5
"khdqm",0,25,0,"i10ko",61,2,"fd",NA,NA,NA
"egrw7",0,19,0,"dolhe",46,3,"fd",NA,NA,NA
"logrc",0,32,2,NA,NA,NA,"md","m6ll9",56,3
"veutt",1,25,0,NA,NA,NA,"ms","bejs5",57,5
"vy8t7",1,31,2,"gu34s",75,7,"fs",NA,NA,NA
"cn3ot",1,33,0,NA,NA,NA,"ms","kh565",61,4
"uxrbt",1,43,3,NA,NA,NA,"ms","axqc6",80,1
"ygfx2",1,32,2,NA,NA,NA,"ms","iw9hx",63,5
"ays6x",1,36,0,NA,NA,NA,"ms","aq9nj",59,3
"yql66",1,39,2,NA,NA,NA,"ms","n1mks",72,7
"q2ptw",1,44,2,NA,NA,NA,"ms","z52e2",65,8
"qhd55",1,38,0,NA,NA,NA,"ms","r2nph",62,4
"u800p",0,21,0,"pv4n9",55,3,"fd",NA,NA,NA
"wxpju",0,32,1,NA,NA,NA,"md","r40p7",63,7
"imil8",0,29,1,NA,NA,NA,"md","s7ymr",56,3
"hu5u6",1,27,0,NA,NA,NA,"ms","awkzf",55,3
"fim4n",0,31,1,NA,NA,NA,"md","q6n3v",61,7
"xm4i0",1,23,0,"f7rsf",53,2,"fs",NA,NA,NA
"pc0mg",1,41,2,NA,NA,NA,"ms","afn6o",61,3
"kfh36",1,34,0,NA,NA,NA,"ms","hb11f",59,2
"wervh",0,38,2,NA,NA,NA,"md","rot7v",80,8
"h6zib",1,32,0,"ge189",62,4,"fs",NA,NA,NA
"kdgzd",0,35,2,"id9r2",73,4,"fd",NA,NA,NA
"wxpju",0,32,1,"xwh4v",71,7,"fd",NA,NA,NA
"stq41",0,19,0,NA,NA,NA,"md","msbpt",39,2
"l0iq8",1,33,1,NA,NA,NA,"ms","z52e2",65,8
"mw6vz",0,31,2,NA,NA,NA,"md","lsy9d",55,5
"o67vw",1,52,3,NA,NA,NA,"ms","zk0kc",68,6
"t47k7",1,25,0,NA,NA,NA,"ms","vw1tf",52,3
"l8jfc",1,42,2,"qd4a8",76,4,"fs",NA,NA,NA
"k5es8",0,31,2,NA,NA,NA,"md","xbssv",51,4
"m84k1",1,36,2,"scqjf",65,2,"fs",NA,NA,NA
"nng03",0,18,0,"n1758",47,2,"fd",NA,NA,NA
"s3l75",0,26,1,"i4e4o",49,3,"fd",NA,NA,NA
"tydub",0,36,1,"kuc5t",59,6,"fd",NA,NA,NA
"l4sb8",1,30,2,NA,NA,NA,"ms","ibjf4",60,2
"ndzb9",1,43,1,"gu34s",75,7,"fs",NA,NA,NA
"eq6e2",1,32,0,"lqjbw",55,6,"fs",NA,NA,NA
"cg3xs",1,33,2,NA,NA,NA,"ms","iw9hx",63,5
"e3xwc",1,28,0,"qoe76",55,1,"fs",NA,NA,NA
"pv4n9",1,55,3,NA,NA,NA,"ms","v5x3d",82,5
"p6dgu",0,41,2,"d5roy",70,6,"fd",NA,NA,NA
"evell",1,32,1,NA,NA,NA,"ms","fscx0",59,4
"x6wg4",1,24,0,NA,NA,NA,"ms","r8exq",49,3
"lyt1t",1,28,0,NA,NA,NA,"ms","zxt98",52,6
"snoyz",0,35,2,NA,NA,NA,"md","edbtv",77,8
"d12kd",1,31,0,NA,NA,NA,"ms","y59aq",75,8
"a7zq0",0,43,2,NA,NA,NA,"md","b54ff",68,5
"v1j3e",0,31,1,NA,NA,NA,"md","t391l",62,3
"capkj",0,23,1,"iox70",49,3,"fd",NA,NA,NA
"twidb",1,21,0,"npcss",49,2,"fs",NA,NA,NA
"b604a",0,39,2,NA,NA,NA,"md","j0sj4",66,7
"r6x69",0,32,3,NA,NA,NA,"md","prf7w",66,6
"ojj69",0,23,0,NA,NA,NA,"md","vtzpi",40,2
"js6kp",0,43,2,NA,NA,NA,"md","xet7k",69,6
"stq41",0,19,0,"xb75a",48,2,"fd",NA,NA,NA
"bxg7k",0,43,2,NA,NA,NA,"md","n1mks",72,7
"lt2gy",0,37,2,"vdls1",66,4,"fd",NA,NA,NA
"j4rcf",0,36,1,NA,NA,NA,"md","r40p7",63,7
"zpije",0,38,0,NA,NA,NA,"md","y8mxf",65,4
"q6c3e",0,18,0,"iox70",49,3,"fd",NA,NA,NA
"cd04o",0,30,0,NA,NA,NA,"md","dbzhs",68,6
"lpzu0",1,51,2,NA,NA,NA,"ms","uz2sy",75,2
"tvynv",0,19,0,NA,NA,NA,"md","sa7l5",42,3
"ko7fh",1,44,3,"gn1ck",76,6,"fs",NA,NA,NA
"bgjuh",1,28,1,NA,NA,NA,"ms","t6hx7",51,3
"zud0y",0,43,2,NA,NA,NA,"md","w2mff",75,6
"nju1r",1,35,1,NA,NA,NA,"ms","v5x3d",82,5
"z4nek",0,18,0,NA,NA,NA,"md","y6cej",42,2
"crwu9",1,31,1,NA,NA,NA,"ms","z8365",59,6
"c2wei",1,39,3,NA,NA,NA,"ms","fwf87",61,4
"hayjt",0,28,0,NA,NA,NA,"md","hzzzo",52,2
"qdxof",1,20,1,NA,NA,NA,"ms","s0eeb",47,3
"e31dh",0,18,1,NA,NA,NA,"md","n05lo",37,2
"ph7wa",1,21,0,NA,NA,NA,"ms","nz79w",53,2
"pewc4",1,39,2,NA,NA,NA,"ms","l0zjx",70,5
"cgkn0",1,21,0,"eqkwy",54,3,"fs",NA,NA,NA
"z8365",0,59,6,NA,NA,NA,"md","kinlx",83,3
"b0tyk",1,32,1,"azmm3",63,4,"fs",NA,NA,NA
"wcqrk",0,17,0,"jie2m",35,2,"fd",NA,NA,NA
"l4342",0,27,1,NA,NA,NA,"md","dhogj",49,3
"egrw7",0,19,0,NA,NA,NA,"md","rd9tt",42,3
"udulv",0,23,0,"ekgy1",49,3,"fd",NA,NA,NA
"ttki5",0,22,0,"mruwu",56,4,"fd",NA,NA,NA
"syhrw",0,30,2,"wush8",65,4,"fd",NA,NA,NA
"hg68d",0,17,0,NA,NA,NA,"md","p80fs",37,2
"c85cl",0,33,2,NA,NA,NA,"md","jtzhh",54,4
"mjgfg",0,24,0,"d6wl9",51,3,"fd",NA,NA,NA
"lga4o",0,30,2,"l6fkg",53,3,"fd",NA,NA,NA
"jlfyt",0,20,0,NA,NA,NA,"md","f1nmv",44,2
"i7yow",0,36,1,NA,NA,NA,"md","yqmqf",58,4
"mffvc",0,25,0,"py7wk",52,3,"fd",NA,NA,NA
"d47i1",1,25,0,NA,NA,NA,"ms","g2umi",42,2
"lpwdl",1,22,0,NA,NA,NA,"ms","nc790",43,3
"enott",0,35,2,NA,NA,NA,"md","dknj7",70,5
"gzeic",0,56,2,NA,NA,NA,"md","edbtv",77,8
"t47k7",1,25,0,"eqkwy",54,3,"fs",NA,NA,NA
"ew7yz",0,32,1,NA,NA,NA,"md","g8yno",51,3
"jlfyt",0,20,0,"t4y3x",45,2,"fd",NA,NA,NA
"gwsey",0,46,2,NA,NA,NA,"md","qvlxh",71,4
"klfme",1,45,2,NA,NA,NA,"ms","qdwnu",66,5
"pa9jo",0,28,1,NA,NA,NA,"md","ixsl2",52,2
"svowe",1,26,0,NA,NA,NA,"ms","yloia",43,3
"qz4ah",0,39,2,NA,NA,NA,"md","jgm50",74,5
"ie6od",0,40,2,NA,NA,NA,"md","t391l",62,3
"mrfce",1,27,0,"dqks7",67,3,"fs",NA,NA,NA
"sv8lt",0,27,0,NA,NA,NA,"md","fwf87",61,4
"im0zw",0,42,2,NA,NA,NA,"md","edbtv",77,8
"m4eay",0,37,1,NA,NA,NA,"md","ykeq7",66,8
"h5ixz",0,26,1,NA,NA,NA,"md","iu8yu",63,7
"o5o6o",0,21,1,"d2m52",54,3,"fd",NA,NA,NA
"i7m46",1,25,0,NA,NA,NA,"ms","ubbbo",50,3
"xsswl",0,25,1,NA,NA,NA,"md","vdh66",48,3
"spwxb",1,38,2,NA,NA,NA,"ms","xet7k",69,6
"jigdv",0,27,2,NA,NA,NA,"md","ilek2",49,2
"ez81e",1,38,2,NA,NA,NA,"ms","yfaon",70,7
"pr3wy",1,25,0,"uxrbt",43,3,"fs",NA,NA,NA
"s4phu",0,17,0,NA,NA,NA,"md","vs0la",43,2
"b0tyk",1,32,1,NA,NA,NA,"ms","i3s7n",55,4
"b5j6y",1,24,0,NA,NA,NA,"ms","kzrg5",46,4
"jigdv",0,27,2,"l1qn0",55,2,"fd",NA,NA,NA
"ufb40",1,43,2,NA,NA,NA,"ms","q6n3v",61,7
"i6jct",1,28,0,NA,NA,NA,"ms","bejs5",57,5
"zu5iz",1,18,0,NA,NA,NA,"ms","c8y3s",41,3
"oe8cu",1,22,0,"gauu6",42,2,"fs",NA,NA,NA
"rt4pk",1,34,1,"lqjbw",55,6,"fs",NA,NA,NA
"sy7ib",0,34,0,NA,NA,NA,"md","yfaon",70,7
"gmme2",0,27,0,NA,NA,NA,"md","dfbht",72,5
"twidb",1,21,0,NA,NA,NA,"ms","b0sze",44,2
"qqmoa",0,24,0,"olrcv",52,2,"fd",NA,NA,NA
"if94y",0,37,1,NA,NA,NA,"md","xtj24",71,3
"kqwof",1,35,1,NA,NA,NA,"ms","y1gd6",60,3
"ohziu",1,27,1,NA,NA,NA,"ms","xxbgl",57,6
"ep0r1",0,36,1,NA,NA,NA,"md","wneqi",62,4
"q6c3e",0,18,0,NA,NA,NA,"md","u6tg7",44,3
"tql8g",0,25,0,NA,NA,NA,"md","pgrm8",45,3
"pp5d2",0,28,1,"k9w4y",76,3,"fd",NA,NA,NA
"h7n8q",1,39,0,NA,NA,NA,"ms","rptvm",70,6
"bo4ce",0,28,2,"gmf9g",52,2,"fd",NA,NA,NA
"os6ke",0,25,1,NA,NA,NA,"md","xbssv",51,4
"e7vm5",0,29,1,NA,NA,NA,"md","ftd64",61,6
"vqbdf",0,33,0,NA,NA,NA,"md","rptvm",70,6
"lvg3t",0,40,2,NA,NA,NA,"md","dknj7",70,5
"cg3xs",1,33,2,"wgvv3",67,5,"fs",NA,NA,NA
"g2msj",1,42,2,NA,NA,NA,"ms","y59aq",75,8
"o2vdq",1,45,3,NA,NA,NA,"ms","spy9y",67,3
"vyi98",1,33,0,NA,NA,NA,"ms","sbt9w",75,7
"wziw6",1,17,0,NA,NA,NA,"ms","luohs",37,2
"ie6od",0,40,2,"la9qm",69,3,"fd",NA,NA,NA
"zeyax",0,28,0,NA,NA,NA,"md","zoq22",70,4
"xscmi",1,37,2,NA,NA,NA,"ms","iw9hx",63,5
"duvja",0,25,0,"p5wb3",47,2,"fd",NA,NA,NA
"hx967",1,25,0,"o5xf4",43,3,"fs",NA,NA,NA
"n9v6i",0,21,0,NA,NA,NA,"md","n5rgq",38,2
"a2th1",1,33,1,NA,NA,NA,"ms","n53vg",64,7
"p7vwy",1,34,1,"okvvh",59,5,"fs",NA,NA,NA
"x0qm1",1,20,0,NA,NA,NA,"ms","nc790",43,3
"bo4ce",0,28,2,NA,NA,NA,"md","iuq2c",53,2
"j4rcf",0,36,1,"xwh4v",71,7,"fd",NA,NA,NA
"eyfet",0,40,1,NA,NA,NA,"md","b54ff",68,5
"swpbs",1,49,2,NA,NA,NA,"ms","edbtv",77,8
"ogtrs",1,23,0,"vnyoe",47,2,"fs",NA,NA,NA
"l0vc4",0,20,0,NA,NA,NA,"md","vdh66",48,3
"l4342",0,27,1,"n7tas",56,3,"fd",NA,NA,NA
"yxteo",0,35,1,NA,NA,NA,"md","kqs4c",67,4
"gxzvt",1,22,0,"krmkr",56,4,"fs",NA,NA,NA
"rr6lm",1,23,0,"mau3w",46,3,"fs",NA,NA,NA
"vwdo0",0,51,4,NA,NA,NA,"md","s4rmj",71,9
"ne5a6",0,19,0,"omxoc",37,3,"fd",NA,NA,NA
"eo8wh",1,32,1,NA,NA,NA,"ms","awkzf",55,3
"vg602",0,32,1,"kld17",58,3,"fd",NA,NA,NA
"nng03",0,18,0,NA,NA,NA,"md","gsvse",43,2
"dqaxv",0,41,2,NA,NA,NA,"md","ikfti",61,5
"b5ndb",0,34,2,"la9qm",69,3,"fd",NA,NA,NA
"xx8gc",1,24,0,"m63yf",54,4,"fs",NA,NA,NA
"ev3uz",0,25,0,NA,NA,NA,"md","n67jh",46,3
"u2lrn",0,44,2,NA,NA,NA,"md","r40p7",63,7
"adtnu",1,18,0,"nuhmn",38,2,"fs",NA,NA,NA
"qcsso",1,19,0,NA,NA,NA,"ms","lyh2h",40,2
"tzlki",1,17,0,"dolhe",46,3,"fs",NA,NA,NA
"ymfq7",1,46,2,NA,NA,NA,"ms","kqs4c",67,4
"z1cnl",0,29,2,"lyspj",60,3,"fd",NA,NA,NA
"hvp6s",1,44,2,NA,NA,NA,"ms","j0sj4",66,7
"snb9x",1,23,0,NA,NA,NA,"ms","swvf9",42,2
"dyogp",1,37,2,"wtdxh",67,4,"fs",NA,NA,NA
"euncv",1,36,1,NA,NA,NA,"ms","iu8yu",63,7
"gefny",1,34,1,NA,NA,NA,"ms","jgm50",74,5
"svowe",1,26,0,"r6x3g",55,3,"fs",NA,NA,NA
"hvpum",0,27,1,NA,NA,NA,"md","jtzhh",54,4
"twn6f",0,37,0,NA,NA,NA,"md","rptvm",70,6
"b85oj",0,38,2,NA,NA,NA,"md","lsy9d",55,5
"u8vb1",1,44,2,NA,NA,NA,"ms","ikfti",61,5
"x7o2f",1,20,0,NA,NA,NA,"ms","k6rw3",48,2
"tgqcg",0,41,2,NA,NA,NA,"md","r2nph",62,4
"l2n7p",0,18,0,NA,NA,NA,"md","ksc75",40,2
"y3cjn",1,22,0,"r6x3g",55,3,"fs",NA,NA,NA
"t6nz7",1,36,0,NA,NA,NA,"ms","khfui",72,6
"pim9x",0,41,1,NA,NA,NA,"md","n53vg",64,7
"e31dh",0,18,1,"h5wss",41,2,"fd",NA,NA,NA
"v67nv",0,30,0,NA,NA,NA,"md","zxt98",52,6
"k3ait",0,30,1,NA,NA,NA,"md","p0r9x",63,6
"koc4x",0,37,2,"azmm3",63,4,"fd",NA,NA,NA
"gwaci",1,36,2,"ruy7o",83,5,"fs",NA,NA,NA
"g5q8q",0,30,0,NA,NA,NA,"md","kvbt8",61,3
"z2k07",1,24,1,"gmf9g",52,2,"fs",NA,NA,NA
"i4dkz",0,31,2,"kld17",58,3,"fd",NA,NA,NA
"eq6e2",1,32,0,NA,NA,NA,"ms","zxt98",52,6
"w42sd",1,35,1,NA,NA,NA,"ms","ikfti",61,5
"zrrez",0,18,0,"omxoc",37,3,"fd",NA,NA,NA
"ypo99",0,27,0,NA,NA,NA,"md","ftd64",61,6
"tp2kl",1,33,2,NA,NA,NA,"ms","zk0kc",68,6
"cn3ot",1,33,0,"ywq4d",62,4,"fs",NA,NA,NA
"bk6cs",0,26,0,NA,NA,NA,"md","q6n3v",61,7
"esrgf",1,46,2,NA,NA,NA,"ms","dbzhs",68,6
"x6mzd",1,22,0,"gg2o1",46,2,"fs",NA,NA,NA
"o19rd",1,44,2,NA,NA,NA,"ms","s4rmj",71,9
"yqe9g",1,22,0,NA,NA,NA,"ms","pgrm8",45,3
"z2dvv",1,34,0,"wush8",65,4,"fs",NA,NA,NA
"r8l7s",0,41,2,NA,NA,NA,"md","iwft0",66,4
"dqdaj",0,20,0,NA,NA,NA,"md","m0mcf",45,2
"gbwwo",0,33,1,NA,NA,NA,"md","z8365",59,6
"o5q3x",0,27,0,"vwhj6",41,3,"fd",NA,NA,NA
"nbbw5",0,32,2,NA,NA,NA,"md","khfui",72,6
"b07ez",1,18,0,"mjlkg",43,1,"fs",NA,NA,NA
"oq9dw",0,26,1,NA,NA,NA,"md","z8365",59,6
"ejpsy",1,39,2,NA,NA,NA,"ms","hnq3h",67,4
"dks80",1,40,2,NA,NA,NA,"ms","p28b4",67,4
"wthdn",1,35,0,NA,NA,NA,"ms","dknj7",70,5
"uelbd",0,19,0,NA,NA,NA,"md","rg6na",44,3
"gh1ig",1,37,0,NA,NA,NA,"ms","xxbgl",57,6
"usliz",1,21,0,NA,NA,NA,"ms","qs1jj",40,2
"rt4pk",1,34,1,NA,NA,NA,"ms","zxt98",52,6
"rgwus",1,32,2,NA,NA,NA,"ms","s7ymr",56,3
"j458l",0,40,2,NA,NA,NA,"md","w2mff",75,6
"kbs76",1,32,1,NA,NA,NA,"ms","ykeq7",66,8
"zu5iz",1,18,0,"laejc",41,3,"fs",NA,NA,NA
"w1r2v",0,43,2,NA,NA,NA,"md","v8pe4",60,2
"mczt5",1,47,2,NA,NA,NA,"ms","en9wq",79,5
"oarxd",1,25,0,"z85yr",49,3,"fs",NA,NA,NA
"ne5a6",0,19,0,NA,NA,NA,"md","ulr8y",37,3
"kho1o",0,23,0,NA,NA,NA,"md","qsdz6",42,3
"lfm0m",0,53,4,NA,NA,NA,"md","y59aq",75,8
"un09d",0,28,2,"x7owx",50,3,"fd",NA,NA,NA
"wwnt3",0,25,0,"f7rsf",53,2,"fd",NA,NA,NA
"tp78n",0,34,2,NA,NA,NA,"md","i3s7n",55,4
"m5dru",1,51,1,NA,NA,NA,"ms","en9wq",79,5
"dycas",0,17,0,NA,NA,NA,"md","gn9pm",34,2
"n3l3k",0,33,1,NA,NA,NA,"md","murwa",64,4
"hhaek",0,24,0,"lpzu0",51,2,"fd",NA,NA,NA
"y6s6v",0,38,2,"wtdxh",67,4,"fd",NA,NA,NA
"or0i7",1,18,0,"lk1e6",45,2,"fs",NA,NA,NA
"kwdx1",0,26,1,NA,NA,NA,"md","r8exq",49,3
"jflmr",1,37,0,NA,NA,NA,"ms","l0zjx",70,5
"j59w9",0,22,0,NA,NA,NA,"md","ildaq",44,2
"tydub",0,36,1,NA,NA,NA,"md","ftd64",61,6
"bd7b3",0,30,2,"ekgy1",49,3,"fd",NA,NA,NA
"pha1c",0,66,4,NA,NA,NA,"md","s556z",91,2
"ykttq",1,27,0,NA,NA,NA,"ms","ut2pq",52,3
"spl0a",0,40,2,NA,NA,NA,"md","bejs5",57,5
"xz2qk",1,22,0,NA,NA,NA,"ms","u6tg7",44,3
"rl4z8",1,29,1,"xwh4v",71,7,"fs",NA,NA,NA
"mhe7e",1,47,0,NA,NA,NA,"ms","hnq3h",67,4
"n026r",0,37,2,NA,NA,NA,"md","p0r9x",63,6
"xutdp",1,20,0,NA,NA,NA,"ms","r8exq",49,3
"jr7k8",1,27,1,"svooh",71,5,"fs",NA,NA,NA
"uviec",1,29,0,NA,NA,NA,"ms","dhogj",49,3
"fetnj",1,31,0,NA,NA,NA,"ms","uy3d0",59,5
"wuq34",0,21,0,"yqvl4",53,2,"fd",NA,NA,NA
"qwehq",1,27,0,"xwh4v",71,7,"fs",NA,NA,NA
"x7e9d",1,34,2,NA,NA,NA,"ms","epux3",58,4
"z7djy",1,38,1,NA,NA,NA,"ms","iu8yu",63,7
"c58jr",0,43,0,NA,NA,NA,"md","xtj24",71,3
"snvvj",1,30,0,NA,NA,NA,"ms","cxrym",66,5
"xm4i0",1,23,0,NA,NA,NA,"ms","majod",55,2
"gfhsl",1,22,0,"uxrbt",43,3,"fs",NA,NA,NA
"rr6lm",1,23,0,NA,NA,NA,"ms","g3h25",44,3
"blfnx",1,28,1,NA,NA,NA,"ms","z8365",59,6
"fn8ns",0,30,1,"p1730",57,3,"fd",NA,NA,NA
"isf5w",0,30,1,"nqcfb",66,3,"fd",NA,NA,NA
"r5w8m",0,18,0,NA,NA,NA,"md","d2g0i",38,3
"tgqcg",0,41,2,"js407",65,4,"fd",NA,NA,NA
"g7ttk",1,33,2,NA,NA,NA,"ms","dbzhs",68,6
"wocb8",1,23,0,NA,NA,NA,"ms","frhjp",44,2
"psw0o",0,18,0,"nr6u6",40,2,"fd",NA,NA,NA
"vw6e0",0,17,0,NA,NA,NA,"md","jn156",42,2
"u4e9t",0,41,2,"c2amv",72,5,"fd",NA,NA,NA
"uerji",0,20,0,NA,NA,NA,"md","qy117",43,2
"vx5fp",0,28,2,"z85yr",49,3,"fd",NA,NA,NA
"y5ikf",1,21,0,"mau3w",46,3,"fs",NA,NA,NA
"jxmqk",1,23,0,"kqkhg",55,3,"fs",NA,NA,NA
"havfz",0,36,0,"dqks7",67,3,"fd",NA,NA,NA
"o98k3",1,33,3,"brbl2",66,2,"fs",NA,NA,NA
"lwdp6",0,48,2,"jiwri",71,7,"fd",NA,NA,NA
"j177j",0,40,2,"rddfg",62,3,"fd",NA,NA,NA
"vzgyo",0,35,2,NA,NA,NA,"md","m6ll9",56,3
"i9opi",1,46,0,NA,NA,NA,"ms","iwft0",66,4
"c5tnt",0,34,1,NA,NA,NA,"md","t6hx7",51,3
"omba2",0,31,2,NA,NA,NA,"md","awkzf",55,3
"mbls5",1,33,0,NA,NA,NA,"ms","ikfti",61,5
"ed4hm",1,29,1,NA,NA,NA,"ms","ab92j",57,3
"e7vq3",1,21,0,"x9mvy",55,2,"fs",NA,NA,NA
"ly49t",1,17,0,"ez81e",38,2,"fs",NA,NA,NA
"ibpe2",0,39,2,NA,NA,NA,"md","kqs4c",67,4
"m801i",0,40,1,"jiwri",71,7,"fd",NA,NA,NA
"uowpf",1,32,0,NA,NA,NA,"ms","fatiq",55,4
"l5eid",1,19,0,"x87q3",55,2,"fs",NA,NA,NA
"pkye5",1,34,1,"yco10",66,5,"fs",NA,NA,NA
"kzbxa",0,41,2,NA,NA,NA,"md","z47qi",79,6
"x6bny",0,31,0,NA,NA,NA,"md","iu8yu",63,7
"subvm",1,27,1,"eqkwy",54,3,"fs",NA,NA,NA
"pjoa7",0,18,0,NA,NA,NA,"md","s0eeb",47,3
"c6fjq",0,42,3,NA,NA,NA,"md","v5x3d",82,5
"bzd16",0,23,1,NA,NA,NA,"md","fb9uj",45,3
"rhxux",1,31,0,"ywq4d",62,4,"fs",NA,NA,NA
"obccs",1,29,0,"m63yf",54,4,"fs",NA,NA,NA
"s4oar",1,25,0,"n7tas",56,3,"fs",NA,NA,NA
"qlnua",1,46,1,NA,NA,NA,"ms","ykeq7",66,8
"b604a",0,39,2,"ruy7o",83,5,"fd",NA,NA,NA
"wop5p",1,41,0,NA,NA,NA,"ms","vrflj",86,2
"n1758",1,47,2,NA,NA,NA,"ms","khfui",72,6
"n9v6i",0,21,0,"dl9ey",55,2,"fd",NA,NA,NA
"o1vsx",1,36,1,NA,NA,NA,"ms","otb71",56,3
"ttki5",0,22,0,NA,NA,NA,"md","xbssv",51,4
"pkye5",1,34,1,NA,NA,NA,"ms","blu2i",57,5
"ndex3",1,17,0,NA,NA,NA,"ms","kzrg5",46,4
"tjuwf",0,31,2,"brbl2",66,2,"fd",NA,NA,NA
"t7rx7",1,18,0,"ejrvx",43,2,"fs",NA,NA,NA
"d0fuf",0,26,1,"lqjbw",55,6,"fd",NA,NA,NA
"fjrvd",0,39,2,NA,NA,NA,"md","iu8yu",63,7
"c0ue1",1,47,2,NA,NA,NA,"ms","sbt9w",75,7
"skl4z",1,44,2,NA,NA,NA,"ms","b54ff",68,5
"mrfce",1,27,0,NA,NA,NA,"ms","kvbt8",61,3
"iwft0",0,66,4,NA,NA,NA,"md","bi6u0",88,1
"yloia",0,43,3,NA,NA,NA,"md","gyo0o",71,2
"o6d9o",0,34,1,NA,NA,NA,"md","ibjf4",60,2
"qy117",0,43,2,"d5roy",70,6,"fd",NA,NA,NA
"i4dkz",0,31,2,NA,NA,NA,"md","lwrz8",58,3
"lj6l9",0,32,1,NA,NA,NA,"md","qdgdq",62,6
"rl4z8",1,29,1,NA,NA,NA,"ms","r40p7",63,7
"ds1n6",0,21,0,NA,NA,NA,"md","xpn2c",45,2
"g2ufx",1,21,0,"d6wl9",51,3,"fs",NA,NA,NA
"tzlki",1,17,0,NA,NA,NA,"ms","rd9tt",42,3
"capkj",0,23,1,NA,NA,NA,"md","u6tg7",44,3
"qwtol",0,35,2,"c2amv",72,5,"fd",NA,NA,NA
"oo7b5",0,51,2,"ruy7o",83,5,"fd",NA,NA,NA
"om0z3",1,25,1,"x7owx",50,3,"fs",NA,NA,NA
"wjvk2",0,37,3,NA,NA,NA,"md","epux3",58,4
"r6x3g",1,55,3,NA,NA,NA,"ms","u4oyd",80,7
"hnygf",1,37,1,NA,NA,NA,"ms","prf7w",66,6
"i7yow",0,36,1,"v0s2k",61,4,"fd",NA,NA,NA
"u9ah3",1,39,1,NA,NA,NA,"ms","k17i5",64,5
"howgw",0,35,1,"js407",65,4,"fd",NA,NA,NA
"ei2bg",0,36,1,NA,NA,NA,"md","v4r1l",73,4
"ooirm",0,37,1,NA,NA,NA,"md","p28b4",67,4
"u800p",0,21,0,NA,NA,NA,"md","fb9uj",45,3
"fvqde",1,50,2,NA,NA,NA,"ms","jer0u",77,2
"x7q5v",1,41,1,NA,NA,NA,"ms","sbt9w",75,7
"psxjm",0,32,1,NA,NA,NA,"md","blu2i",57,5
"kwwvl",1,32,1,"wush8",65,4,"fs",NA,NA,NA
"a9036",0,33,1,NA,NA,NA,"md","rot7v",80,8
"kvbt8",0,61,3,NA,NA,NA,"md","hj2we",86,1
"tej8l",1,24,0,NA,NA,NA,"ms","hlwuf",52,2
"olem7",1,22,0,NA,NA,NA,"ms","l44gb",58,2
"ecveo",0,35,1,NA,NA,NA,"md","s4rmj",71,9
"rmkgi",1,40,2,"vdls1",66,4,"fs",NA,NA,NA
"acw1g",1,31,0,"v8caa",78,5,"fs",NA,NA,NA
"duvja",0,25,0,NA,NA,NA,"md","frhjp",44,2
"y84y3",1,17,0,NA,NA,NA,"ms","j4bf3",37,2
"gnhnw",0,44,2,NA,NA,NA,"md","zoq22",70,4
"aq9nj",0,59,3,NA,NA,NA,"md","en9wq",79,5
"ipzsc",1,44,2,NA,NA,NA,"ms","z47qi",79,6
"evxan",1,38,2,"svooh",71,5,"fs",NA,NA,NA
"evell",1,32,1,"vdls1",66,4,"fs",NA,NA,NA
"a2onc",0,37,2,"c2amv",72,5,"fd",NA,NA,NA
"vmn4b",0,31,1,NA,NA,NA,"md","s4rmj",71,9
"waja4",1,45,2,NA,NA,NA,"ms","y59aq",75,8
"agpii",0,33,2,"rddfg",62,3,"fd",NA,NA,NA
"dsbql",1,19,0,NA,NA,NA,"ms","cj0g5",36,2
"zr7sn",0,23,0,NA,NA,NA,"md","o156z",46,3
"if79q",0,32,2,"krmkr",56,4,"fd",NA,NA,NA
"b6gbp",0,17,0,NA,NA,NA,"md","nitq5",39,3
"mo062",1,34,1,NA,NA,NA,"ms","k17i5",64,5
"jrtqg",1,24,1,NA,NA,NA,"ms","nc790",43,3
"iudvu",1,37,1,NA,NA,NA,"ms","n1mks",72,7
"bzzrh",1,22,0,NA,NA,NA,"ms","js5cn",51,3
"qsdz6",0,42,3,NA,NA,NA,"md","dknj7",70,5
"u0qzr",0,23,0,"npcss",49,2,"fd",NA,NA,NA
"bqacg",1,25,0,NA,NA,NA,"ms","gescz",51,4
"gnop4",0,24,1,"o67vw",52,3,"fd",NA,NA,NA
"pdy1n",1,43,1,NA,NA,NA,"ms","kqs4c",67,4
"k8ofd",1,60,3,NA,NA,NA,"ms","u4oyd",80,7
"eno0f",0,31,2,"kuc5t",59,6,"fd",NA,NA,NA
"vndpg",0,23,0,NA,NA,NA,"md","i673v",41,2
"rz1iq",1,31,2,NA,NA,NA,"ms","guwpw",66,5
"jhxp4",1,39,2,NA,NA,NA,"ms","s4rmj",71,9
"zcoqw",1,56,0,NA,NA,NA,"ms","z47qi",79,6
"qej8z",1,21,0,NA,NA,NA,"ms","c6fjq",42,3
"gpubu",0,31,2,"k5hwb",60,3,"fd",NA,NA,NA
"gsvse",0,43,2,"jiwri",71,7,"fd",NA,NA,NA
"d0hh1",1,17,0,"a79fw",39,2,"fs",NA,NA,NA
"exf7i",1,37,1,NA,NA,NA,"ms","b54ff",68,5
"kwwvl",1,32,1,NA,NA,NA,"ms","k5m2z",53,4
"i7m46",1,25,0,"kqkhg",55,3,"fs",NA,NA,NA
"x1qkk",1,22,0,NA,NA,NA,"ms","ifgjt",45,2
"ksi41",0,39,0,NA,NA,NA,"md","iwft0",66,4
"y6dzm",1,18,0,NA,NA,NA,"ms","n5rgq",38,2
"mrzwd",1,21,0,"gu34s",75,7,"fs",NA,NA,NA
"x9p2o",1,18,0,NA,NA,NA,"ms","y6s6v",38,2
"bqwey",0,34,0,NA,NA,NA,"md","ykeq7",66,8
"ly49t",1,17,0,NA,NA,NA,"ms","nazyp",36,2
"lufyg",0,30,3,NA,NA,NA,"md","fatiq",55,4
"udp2o",0,18,0,"ze6tu",42,1,"fd",NA,NA,NA
"jr7k8",1,27,1,NA,NA,NA,"ms","cxrym",66,5
"uffj7",0,39,1,NA,NA,NA,"md","n53vg",64,7
"ev3uz",0,25,0,"gndql",52,3,"fd",NA,NA,NA
"sa7l5",0,42,3,NA,NA,NA,"md","kao3k",65,2
"dn63s",0,18,0,"tdmbu",50,2,"fd",NA,NA,NA
"d0fuf",0,26,1,NA,NA,NA,"md","zxt98",52,6
"umrxv",1,19,0,"kqd5a",45,2,"fs",NA,NA,NA
"g5q8q",0,30,0,"dqks7",67,3,"fd",NA,NA,NA
"ahvyi",0,25,1,"k5hwb",60,3,"fd",NA,NA,NA
"uitsg",0,33,0,"id9r2",73,4,"fd",NA,NA,NA
"uerji",0,20,0,"gg2o1",46,2,"fd",NA,NA,NA
"lwdp6",0,48,2,NA,NA,NA,"md","yfaon",70,7
"hu5u6",1,27,0,"qjb94",54,3,"fs",NA,NA,NA
"h9mgw",1,20,0,NA,NA,NA,"ms","leupe",44,2
"udulv",0,23,0,NA,NA,NA,"md","i4yk2",50,3
"rz45k",1,30,1,"okvvh",59,5,"fs",NA,NA,NA
"xhds6",0,25,1,"v0s2k",61,4,"fd",NA,NA,NA
"lt2gy",0,37,2,NA,NA,NA,"md","fscx0",59,4
"bzg7j",1,22,0,"tdmbu",50,2,"fs",NA,NA,NA
"ceah2",0,54,2,NA,NA,NA,"md","cuiz0",79,6
"qos9y",1,55,0,NA,NA,NA,"ms","sbt9w",75,7
"l2zzm",0,22,0,"xwh4v",71,7,"fd",NA,NA,NA
"cpcjs",0,21,0,NA,NA,NA,"md","swvf9",42,2
"fgxnk",0,23,1,NA,NA,NA,"md","yloia",43,3
"z5qx2",1,28,1,"p1730",57,3,"fs",NA,NA,NA
"zhnos",0,21,0,"ksnzs",45,2,"fd",NA,NA,NA
"z1lug",1,26,0,NA,NA,NA,"ms","svh73",48,1
"uitsg",0,33,0,NA,NA,NA,"md","y8mxf",65,4
"l5ocd",0,45,2,NA,NA,NA,"md","w2mff",75,6
"nddc8",0,24,1,NA,NA,NA,"md","pgrm8",45,3
"l44gb",0,58,2,NA,NA,NA,"md","z47qi",79,6
"zxt98",0,52,6,NA,NA,NA,"md","a16ov",79,2
"qcsso",1,19,0,"b22c6",40,2,"fs",NA,NA,NA
"wwnt3",0,25,0,NA,NA,NA,"md","majod",55,2
"e7vq3",1,21,0,NA,NA,NA,"ms","hlwuf",52,2
"y6s6v",0,38,2,NA,NA,NA,"md","ijhhq",59,4
"ypo99",0,27,0,"kuc5t",59,6,"fd",NA,NA,NA
"qp3bh",0,36,2,NA,NA,NA,"md","guwpw",66,5
"tdz4c",1,29,0,NA,NA,NA,"ms","xxbgl",57,6
"on5hq",1,44,3,NA,NA,NA,"ms","edbtv",77,8
"ibj5b",0,27,0,"kqkhg",55,3,"fd",NA,NA,NA
"hjv98",1,46,2,NA,NA,NA,"ms","xtj24",71,3
"axfuy",0,36,1,"svooh",71,5,"fd",NA,NA,NA
"i6wzg",1,51,1,NA,NA,NA,"ms","g22jt",67,4
"doh30",1,22,0,"pv4n9",55,3,"fs",NA,NA,NA
"mrzwd",1,21,0,NA,NA,NA,"ms","n53vg",64,7
"dsbql",1,19,0,"w7jev",39,2,"fs",NA,NA,NA
"dhvjd",1,61,0,NA,NA,NA,"ms","ogong",83,5
"p7vwy",1,34,1,NA,NA,NA,"ms","bejs5",57,5
"bzd16",0,23,1,"pv4n9",55,3,"fd",NA,NA,NA
"nbig0",0,33,2,NA,NA,NA,"md","aq9nj",59,3
"b94f0",1,17,0,NA,NA,NA,"ms","qsdz6",42,3
"qj2me",0,34,0,NA,NA,NA,"md","iu8yu",63,7
"l5nm8",1,41,2,NA,NA,NA,"ms","prf7w",66,6
"hhtgd",0,39,2,"xettd",68,2,"fd",NA,NA,NA
"oj233",1,23,0,"ooa02",54,2,"fs",NA,NA,NA
"lp5h6",0,30,2,NA,NA,NA,"md","yqmqf",58,4
"ekbu4",0,22,0,"b2aqk",42,3,"fd",NA,NA,NA
"o2szt",0,50,3,NA,NA,NA,"md","ogong",83,5
"qhd55",1,38,0,"js407",65,4,"fs",NA,NA,NA
"h25ba",1,17,0,"vwsa6",42,1,"fs",NA,NA,NA
"dn63s",0,18,0,NA,NA,NA,"md","h64mq",42,2
"mow8f",0,20,0,NA,NA,NA,"md","fkdib",45,3
"x0qm1",1,20,0,"poeld",49,3,"fs",NA,NA,NA
"dyogp",1,37,2,NA,NA,NA,"ms","ijhhq",59,4
"xlsgu",0,18,0,NA,NA,NA,"md","vtzpi",40,2
"xhds6",0,25,1,NA,NA,NA,"md","yqmqf",58,4
"os6ke",0,25,1,"mruwu",56,4,"fd",NA,NA,NA
"azm6s",1,21,0,NA,NA,NA,"ms","mnjif",68,4
"eno0f",0,31,2,NA,NA,NA,"md","ftd64",61,6
"m8yc3",1,29,2,"l1qn0",55,2,"fs",NA,NA,NA
"qpamg",1,23,0,NA,NA,NA,"ms","mwt7c",46,3
"wgtk4",1,36,1,NA,NA,NA,"ms","hnq3h",67,4
"i3s7n",0,55,4,NA,NA,NA,"md","ovlv1",76,1
"jn9ti",1,31,1,NA,NA,NA,"ms","n1mks",72,7
"xbmdx",0,50,2,NA,NA,NA,"md","cuiz0",79,6
"uviec",1,29,0,"n7tas",56,3,"fs",NA,NA,NA
"l2n7p",0,18,0,"dsfiu",42,2,"fd",NA,NA,NA
"spwxb",1,38,2,"d5roy",70,6,"fs",NA,NA,NA
"veutt",1,25,0,"okvvh",59,5,"fs",NA,NA,NA
"z1cnl",0,29,2,NA,NA,NA,"md","n96ta",57,3
"gqh6e",1,38,1,NA,NA,NA,"ms","fatiq",55,4
"khdqm",0,25,0,NA,NA,NA,"md","svxej",52,2
"r9c1g",0,22,0,NA,NA,NA,"md","k6rw3",48,2
"or0i7",1,18,0,NA,NA,NA,"ms","fjrvd",39,2
"psxjm",0,32,1,"yco10",66,5,"fd",NA,NA,NA
"ynlxb",0,38,1,NA,NA,NA,"md","q6n3v",61,7
"jzwsl",0,20,0,NA,NA,NA,"md","qsdz6",42,3
"qehhi",1,35,0,NA,NA,NA,"ms","ab92j",57,3
"zpije",0,38,0,"id9r2",73,4,"fd",NA,NA,NA
"e2d16",1,25,0,NA,NA,NA,"ms","mi7so",43,3
"jiw99",0,22,0,"lqjbw",55,6,"fd",NA,NA,NA
"wzqno",1,41,0,NA,NA,NA,"ms","epux3",58,4
"subvm",1,27,1,NA,NA,NA,"ms","vw1tf",52,3
"dwfih",0,17,0,NA,NA,NA,"md","bv7vw",34,2
"hayjt",0,28,0,"ooa02",54,2,"fd",NA,NA,NA
"m8yc3",1,29,2,NA,NA,NA,"ms","ilek2",49,2
"ekbu4",0,22,0,NA,NA,NA,"md","rg6na",44,3
"cwamt",0,44,3,NA,NA,NA,"md","qvlxh",71,4
"u4dhc",1,40,0,NA,NA,NA,"ms","t5t9d",78,2
"whgit",0,30,2,NA,NA,NA,"md","m6ll9",56,3
"xscmi",1,37,2,"wgvv3",67,5,"fs",NA,NA,NA
"tittp",0,23,0,NA,NA,NA,"md","lsy9d",55,5
"c58jr",0,43,0,"y5svp",69,3,"fd",NA,NA,NA
"a1y3k",1,41,0,"iyud6",65,3,"fs",NA,NA,NA
"cx08y",0,34,1,NA,NA,NA,"md","guwpw",66,5
"qu77q",1,39,2,NA,NA,NA,"ms","layzg",58,3
"d7510",0,24,0,NA,NA,NA,"md","z52e2",65,8
"a06fe",1,35,2,"qd4a8",76,4,"fs",NA,NA,NA
"xz2qk",1,22,0,"iox70",49,3,"fs",NA,NA,NA
"sdz7g",0,27,1,NA,NA,NA,"md","l0zjx",70,5
"bqacg",1,25,0,"krmkr",56,4,"fs",NA,NA,NA
"mjlkg",1,43,1,NA,NA,NA,"ms","en9wq",79,5
"wx5hj",0,43,3,NA,NA,NA,"md","ywuew",74,8
"zn1o9",0,25,1,"a4cla",50,2,"fd",NA,NA,NA
"usa3j",1,18,0,NA,NA,NA,"ms","j458l",40,2
"tej8l",1,24,0,"x9mvy",55,2,"fs",NA,NA,NA
"e6xqj",0,40,0,"kuc5t",59,6,"fd",NA,NA,NA
"z1lug",1,26,0,"bcsbv",50,1,"fs",NA,NA,NA
"ivct5",0,17,0,NA,NA,NA,"md","c8y3s",41,3
"p59tg",1,39,1,NA,NA,NA,"ms","t6y0i",75,2
"mffvc",0,25,0,NA,NA,NA,"md","o156z",46,3
"g0q7a",1,39,2,NA,NA,NA,"ms","dbzhs",68,6
"u4e9t",0,41,2,NA,NA,NA,"md","qdwnu",66,5
"z494k",0,21,0,"b2aqk",42,3,"fd",NA,NA,NA
"a6it5",1,35,2,NA,NA,NA,"ms","pha1c",66,4
"ityv2",0,33,2,NA,NA,NA,"md","rot7v",80,8
"rhxux",1,31,0,NA,NA,NA,"ms","kh565",61,4
"ty66s",0,34,2,NA,NA,NA,"md","lwrz8",58,3
"o1vsx",1,36,1,"nqcfb",66,3,"fs",NA,NA,NA
"bz4h6",1,27,0,"a4cla",50,2,"fs",NA,NA,NA
"tum7o",0,17,0,NA,NA,NA,"md","wervh",38,2
"hv5vy",0,20,0,NA,NA,NA,"md","xbssv",51,4
"fwjgg",0,46,3,NA,NA,NA,"md","ywuew",74,8
"xp6yl",1,23,0,NA,NA,NA,"ms","ja0us",46,2
"gwdio",1,49,3,NA,NA,NA,"ms","ywuew",74,8
"q5au2",0,22,0,NA,NA,NA,"md","g2umi",42,2
"as1c0",0,18,0,"x87q3",55,2,"fd",NA,NA,NA
"y6dzm",1,18,0,"dl9ey",55,2,"fs",NA,NA,NA
"tp78n",0,34,2,"azmm3",63,4,"fd",NA,NA,NA
"w4gbs",0,29,1,NA,NA,NA,"md","fwf87",61,4
"snvvj",1,30,0,"svooh",71,5,"fs",NA,NA,NA
"sazt3",1,41,2,NA,NA,NA,"ms","rot7v",80,8
"fyqjg",0,32,2,NA,NA,NA,"md","w2mff",75,6
"puigu",0,23,1,"o67vw",52,3,"fd",NA,NA,NA
"sxlcs",0,40,0,NA,NA,NA,"md","ykeq7",66,8
"ibj5b",0,27,0,NA,NA,NA,"md","ubbbo",50,3
"pr3wy",1,25,0,NA,NA,NA,"ms","u5msj",45,3
"lcdfl",0,25,1,NA,NA,NA,"md","l7pq2",51,2
"lpwdl",1,22,0,"poeld",49,3,"fs",NA,NA,NA
"gfhsl",1,22,0,NA,NA,NA,"ms","u5msj",45,3
"b3hxb",1,35,0,NA,NA,NA,"ms","prf7w",66,6
"h594n",1,29,0,"yco10",66,5,"fs",NA,NA,NA
"m84k1",1,36,2,NA,NA,NA,"ms","hb11f",59,2
"x536o",0,25,1,NA,NA,NA,"md","ykeq7",66,8
"doh30",1,22,0,NA,NA,NA,"ms","fb9uj",45,3
"hbpu1",0,36,2,NA,NA,NA,"md","q6n3v",61,7
"jiiou",1,30,1,"id9r2",73,4,"fs",NA,NA,NA
"js6kp",0,43,2,"d5roy",70,6,"fd",NA,NA,NA
"qxsbb",0,40,2,NA,NA,NA,"md","gyo0o",71,2
"o6pew",1,35,1,NA,NA,NA,"ms","ijhhq",59,4
"e5n30",0,32,2,NA,NA,NA,"md","afn6o",61,3
"eglv4",0,21,1,NA,NA,NA,"md","rd9tt",42,3
"cgkn0",1,21,0,NA,NA,NA,"ms","vw1tf",52,3
"bzg7j",1,22,0,NA,NA,NA,"ms","h64mq",42,2
"dlk7k",1,40,0,NA,NA,NA,"ms","p0r9x",63,6
"mvvqp",1,45,3,NA,NA,NA,"ms","s4rmj",71,9
"t4zkq",1,50,2,NA,NA,NA,"ms","dfbht",72,5
"o0xgu",1,30,0,NA,NA,NA,"ms","gescz",51,4
"a79fw",1,39,2,NA,NA,NA,"ms","spy9y",67,3
"ogtrs",1,23,0,NA,NA,NA,"ms","u5eli",45,2
"u0qzr",0,23,0,NA,NA,NA,"md","b0sze",44,2
"m801i",0,40,1,NA,NA,NA,"md","yfaon",70,7
"g2ufx",1,21,0,NA,NA,NA,"ms","g2l8o",46,3
"dby3g",0,34,1,NA,NA,NA,"md","afn6o",61,3
"oam62",1,35,0,NA,NA,NA,"ms","rptvm",70,6
"gwsp4",0,18,0,NA,NA,NA,"md","mi7so",43,3
"gbht3",0,32,1,NA,NA,NA,"md","rz3ar",56,4
"u2lrn",0,44,2,"xwh4v",71,7,"fd",NA,NA,NA
"ogusy",0,40,0,NA,NA,NA,"md","uy3d0",59,5
"ez81e",1,38,2,"jiwri",71,7,"fs",NA,NA,NA
"d2sgc",0,23,0,NA,NA,NA,"md","fvqoo",44,2
"bbn0x",1,49,3,NA,NA,NA,"ms","hsjh7",72,3
"z5qx2",1,28,1,NA,NA,NA,"ms","g8yno",51,3
"qgdln",1,44,2,NA,NA,NA,"ms","guwpw",66,5
"xbjhy",0,39,2,NA,NA,NA,"md","qdgdq",62,6
"eglv4",0,21,1,"dolhe",46,3,"fd",NA,NA,NA
"eej73",1,31,2,NA,NA,NA,"ms","jd17s",67,2
"w1r2v",0,43,2,"yghtg",70,2,"fd",NA,NA,NA
"c8p00",1,27,0,NA,NA,NA,"ms","p0r9x",63,6
"moke8",0,41,1,NA,NA,NA,"md","ywuew",74,8
"a6qob",0,25,0,"lyspj",60,3,"fd",NA,NA,NA
"ze6tu",1,42,1,NA,NA,NA,"ms","k17i5",64,5
"oa995",1,47,2,NA,NA,NA,"ms","n3j33",74,2
"zkndy",1,32,2,"wtdxh",67,4,"fs",NA,NA,NA
"jiw99",0,22,0,NA,NA,NA,"md","zxt98",52,6
"k5es8",0,31,2,"mruwu",56,4,"fd",NA,NA,NA
"qzgzz",0,21,0,"gndql",52,3,"fd",NA,NA,NA
"x7x4v",1,21,0,"o67vw",52,3,"fs",NA,NA,NA
"rvdk0",0,52,2,NA,NA,NA,"md","kinlx",83,3
"rmkgi",1,40,2,NA,NA,NA,"ms","fscx0",59,4
"cikm3",0,18,0,NA,NA,NA,"md","hdtkx",39,3
"cw7v3",0,31,0,NA,NA,NA,"md","z52e2",65,8
"owxek",0,21,0,NA,NA,NA,"md","ifgjt",45,2
"o5o6o",0,21,1,NA,NA,NA,"md","g20me",48,3
"dueeq",1,30,0,NA,NA,NA,"ms","qdgdq",62,6
"xqgun",1,27,1,NA,NA,NA,"ms","akeaq",53,4
"enk96",1,32,1,NA,NA,NA,"ms","jtzhh",54,4
"vnmi9",1,26,0,NA,NA,NA,"ms","z52e2",65,8
"nc790",0,43,3,NA,NA,NA,"md","amylr",70,2
"awgny",1,38,2,NA,NA,NA,"ms","cuiz0",79,6
"gxzvt",1,22,0,NA,NA,NA,"ms","gescz",51,4
"gru56",0,39,3,"yco10",66,5,"fd",NA,NA,NA
"kq0n0",1,39,2,NA,NA,NA,"ms","jd17s",67,2
"h594n",1,29,0,NA,NA,NA,"ms","blu2i",57,5
"cptdm",1,29,0,"azmm3",63,4,"fs",NA,NA,NA
"ek0oa",0,30,0,NA,NA,NA,"md","aq9nj",59,3
"fkdib",0,45,3,NA,NA,NA,"md","u4oyd",80,7
"jvl6q",1,33,2,NA,NA,NA,"ms","r2nph",62,4
"a2onc",0,37,2,NA,NA,NA,"md","qdwnu",66,5
"gzozr",0,25,0,"vnyoe",47,2,"fd",NA,NA,NA
"ei0ds",1,38,1,NA,NA,NA,"ms","w2mff",75,6
"v5u88",0,18,0,"hc036",46,3,"fd",NA,NA,NA
"uelbd",0,19,0,"b2aqk",42,3,"fd",NA,NA,NA
"d7s7a",0,26,1,NA,NA,NA,"md","su6r7",58,4
"osuxv",1,20,0,"o5xf4",43,3,"fs",NA,NA,NA
"nz79w",0,53,2,NA,NA,NA,"md","yre07",80,2
"el7jw",1,34,3,NA,NA,NA,"ms","mnjif",68,4
"h6zib",1,32,0,NA,NA,NA,"ms","fwf87",61,4
"jkadn",1,36,0,NA,NA,NA,"ms","z8365",59,6
"pmfta",0,25,2,NA,NA,NA,"md","ut2pq",52,3
"c2wei",1,39,3,"ge189",62,4,"fs",NA,NA,NA
"lp5h6",0,30,2,"v0s2k",61,4,"fd",NA,NA,NA
"meouz",1,40,0,NA,NA,NA,"ms","y59aq",75,8
"ivz05",0,27,0,NA,NA,NA,"md","r3fkw",57,1
"dsfiu",1,42,2,NA,NA,NA,"ms","jer0u",77,2
"c530a",1,23,1,"i4e4o",49,3,"fs",NA,NA,NA
"z494k",0,21,0,NA,NA,NA,"md","rg6na",44,3
"puigu",0,23,1,NA,NA,NA,"md","fc4qu",44,3
"ew7yz",0,32,1,"p1730",57,3,"fd",NA,NA,NA
"bd7b3",0,30,2,NA,NA,NA,"md","i4yk2",50,3
"y2f56",1,21,0,NA,NA,NA,"ms","w29iy",44,3
"ygfx2",1,32,2,"wgvv3",67,5,"fs",NA,NA,NA
"wylai",0,38,2,NA,NA,NA,"md","n53vg",64,7
"uffj7",0,39,1,"gu34s",75,7,"fd",NA,NA,NA
"qsdz6",0,42,3,"v8caa",78,5,"fd",NA,NA,NA
"cfa43",1,36,1,NA,NA,NA,"ms","zk0kc",68,6
"sy7ib",0,34,0,"jiwri",71,7,"fd",NA,NA,NA
"klfme",1,45,2,"c2amv",72,5,"fs",NA,NA,NA
"x5svm",1,18,0,"kvare",38,2,"fs",NA,NA,NA
"yfo2q",1,43,0,NA,NA,NA,"ms","kao3k",65,2
"zrc7l",0,25,0,NA,NA,NA,"md","g3h25",44,3
"hjv98",1,46,2,"y5svp",69,3,"fs",NA,NA,NA
"l2zzm",0,22,0,NA,NA,NA,"md","r40p7",63,7
"v1mc6",0,17,0,"dsfiu",42,2,"fd",NA,NA,NA
"recjc",0,39,2,NA,NA,NA,"md","wneqi",62,4
"dnozq",1,37,0,NA,NA,NA,"ms","z52e2",65,8
"et1zn",1,30,1,NA,NA,NA,"ms","su6r7",58,4
"mdknt",1,39,2,NA,NA,NA,"ms","guwpw",66,5
"tjuwf",0,31,2,NA,NA,NA,"md","qett5",53,2
"fy1g3",1,18,0,"v5hbn",45,2,"fs",NA,NA,NA
"dqdaj",0,20,0,"mczt5",47,2,"fd",NA,NA,NA
"y2qk0",0,40,2,NA,NA,NA,"md","q6n3v",61,7
"idjv8",0,32,1,NA,NA,NA,"md","xxbgl",57,6
"gy4gs",0,29,0,NA,NA,NA,"md","jtzhh",54,4
"ggwch",1,26,0,NA,NA,NA,"ms","kzrg5",46,4
"p38rm",0,24,0,"k9w4y",76,3,"fd",NA,NA,NA
"t245a",1,20,0,NA,NA,NA,"ms","lsy9d",55,5
"cdmpr",1,33,2,"c2amv",72,5,"fs",NA,NA,NA
"j59w9",0,22,0,"jx3s6",49,2,"fd",NA,NA,NA
"bh1jo",0,20,0,"lk1e6",45,2,"fd",NA,NA,NA
"x7o2f",1,20,0,"idm84",46,2,"fs",NA,NA,NA
"dc5ws",0,23,0,"n1758",47,2,"fd",NA,NA,NA
"vf4kr",0,28,1,NA,NA,NA,"md","kh565",61,4
"wi09j",0,29,1,NA,NA,NA,"md","fscx0",59,4
"qwtol",0,35,2,NA,NA,NA,"md","qdwnu",66,5
"fn8ns",0,30,1,NA,NA,NA,"md","g8yno",51,3
"dnstq",1,31,1,NA,NA,NA,"ms","y1gd6",60,3
"earjp",1,42,0,NA,NA,NA,"ms","murwa",64,4
"ixogf",0,38,2,NA,NA,NA,"md","qdgdq",62,6
"p8ovs",1,36,2,NA,NA,NA,"ms","xxbgl",57,6
"l19gs",0,32,1,"v0s2k",61,4,"fd",NA,NA,NA
"tm76j",1,50,2,NA,NA,NA,"ms","y59aq",75,8
"jxx1e",1,23,0,"ksnzs",45,2,"fs",NA,NA,NA
"l5eid",1,19,0,NA,NA,NA,"ms","kxy3g",45,2
"vw6e0",0,17,0,"vcabt",45,2,"fd",NA,NA,NA
"a6o6n",1,55,1,NA,NA,NA,"ms","s556z",91,2
"qr6sr",0,28,1,NA,NA,NA,"md","l44gb",58,2
"qy117",0,43,2,NA,NA,NA,"md","xet7k",69,6
"pod2b",0,17,0,NA,NA,NA,"md","zdkpt",39,2
"w29iy",0,44,3,NA,NA,NA,"md","hsjh7",72,3
"b5ndb",0,34,2,NA,NA,NA,"md","t391l",62,3
"zlnch",1,22,0,NA,NA,NA,"ms","kzrg5",46,4
"r1ehu",0,33,1,NA,NA,NA,"md","q6n3v",61,7
"jl7re",1,30,0,NA,NA,NA,"ms","pha1c",66,4
"elqr9",0,41,2,NA,NA,NA,"md","khfui",72,6
"qpamg",1,23,0,"o5xf4",43,3,"fs",NA,NA,NA
"lbsic",1,39,1,NA,NA,NA,"ms","dfbht",72,5
"urxj6",1,25,0,NA,NA,NA,"ms","lsy9d",55,5
"un09d",0,28,2,NA,NA,NA,"md","vxw91",51,3
"as1c0",0,18,0,NA,NA,NA,"md","kxy3g",45,2
"z262t",0,20,0,NA,NA,NA,"md","icu7n",56,2
"l19gs",0,32,1,NA,NA,NA,"md","yqmqf",58,4
"z3zdf",1,36,1,NA,NA,NA,"ms","y59aq",75,8
"i6wzg",1,51,1,"qd4a8",76,4,"fs",NA,NA,NA
"mbm05",0,37,2,NA,NA,NA,"md","s4rmj",71,9
"vx5fp",0,28,2,NA,NA,NA,"md","js5cn",51,3
"omqpr",1,31,1,NA,NA,NA,"ms","dbzhs",68,6
"mcr6k",1,43,2,NA,NA,NA,"ms","rot7v",80,8
"u3lik",0,35,1,NA,NA,NA,"md","sbt9w",75,7
"ds3lz",0,50,2,"d5roy",70,6,"fd",NA,NA,NA
"ewy1e",0,19,0,NA,NA,NA,"md","lal2w",37,2
"zb7n2",0,31,0,"i10ko",61,2,"fd",NA,NA,NA
"sqgmx",0,19,1,"vwhj6",41,3,"fd",NA,NA,NA
"usjai",1,38,0,NA,NA,NA,"ms","ikfti",61,5
"q0zwn",1,34,1,"f5hyq",59,3,"fs",NA,NA,NA
"fgxnk",0,23,1,"r6x3g",55,3,"fd",NA,NA,NA
"luz14",0,41,2,NA,NA,NA,"md","n3j33",74,2
"a6qob",0,25,0,NA,NA,NA,"md","n96ta",57,3
"s4oar",1,25,0,NA,NA,NA,"ms","dhogj",49,3
"cri5v",0,38,2,NA,NA,NA,"md","r40p7",63,7
"hio0x",1,29,1,"d2m52",54,3,"fs",NA,NA,NA
"i33wm",0,55,1,NA,NA,NA,"md","ogong",83,5
"bci8k",0,38,1,NA,NA,NA,"md","ywuew",74,8
"whvr0",0,34,2,NA,NA,NA,"md","y59aq",75,8
"g1m5r",1,45,0,"iyud6",65,3,"fs",NA,NA,NA
"qh4a4",1,38,1,"qd4a8",76,4,"fs",NA,NA,NA
"z262t",0,20,0,"olrcv",52,2,"fd",NA,NA,NA
"hdtkx",0,39,3,NA,NA,NA,"md","y1gd6",60,3
"bv7vw",0,34,2,NA,NA,NA,"md","t6y0i",75,2
"bnorj",1,25,0,NA,NA,NA,"ms","fvqoo",44,2
"zoa6z",0,34,2,NA,NA,NA,"md","n1mks",72,7
"zr1ni",1,42,1,NA,NA,NA,"ms","uy3d0",59,5
"ug38r",0,23,1,NA,NA,NA,"md","ywuew",74,8
"jskmc",0,44,2,NA,NA,NA,"md","v4r1l",73,4
"eo8wh",1,32,1,"qjb94",54,3,"fs",NA,NA,NA
"y5ikf",1,21,0,NA,NA,NA,"ms","g3h25",44,3
"nghky",1,27,1,NA,NA,NA,"ms","g2l8o",46,3
"jrmq0",0,18,0,NA,NA,NA,"md","qp3bh",36,2
"o2q13",0,22,0,NA,NA,NA,"md","vdh66",48,3
"qtp3y",0,33,2,NA,NA,NA,"md","s4rmj",71,9
"tv7vg",1,25,0,NA,NA,NA,"ms","ildaq",44,2
"te32h",1,36,0,NA,NA,NA,"ms","dbzhs",68,6
"jrtqg",1,24,1,"poeld",49,3,"fs",NA,NA,NA
"z2k07",1,24,1,NA,NA,NA,"ms","iuq2c",53,2
"bnxfg",0,22,0,NA,NA,NA,"md","vgtcr",40,1
"czl0g",1,27,1,"d2m52",54,3,"fs",NA,NA,NA
"y3cjn",1,22,0,NA,NA,NA,"ms","yloia",43,3
"mw6vz",0,31,2,"cmrat",60,5,"fd",NA,NA,NA
"ipj1s",1,43,1,NA,NA,NA,"ms","prf7w",66,6
"ixsl2",0,52,2,NA,NA,NA,"md","ywuew",74,8
"wuq34",0,21,0,NA,NA,NA,"md","ja0us",46,2
"h73iq",1,22,0,NA,NA,NA,"ms","qdgdq",62,6
"aj6dl",1,34,1,"kuc5t",59,6,"fs",NA,NA,NA
"maasn",0,34,2,NA,NA,NA,"md","p0r9x",63,6
"bu1lr",1,41,1,NA,NA,NA,"ms","zk0kc",68,6
"yqe9g",1,22,0,"w1s8d",54,3,"fs",NA,NA,NA
"acw1g",1,31,0,NA,NA,NA,"ms","dknj7",70,5
"kfh36",1,34,0,"scqjf",65,2,"fs",NA,NA,NA
"yguus",0,32,0,"nqcfb",66,3,"fd",NA,NA,NA
"fhgqp",1,17,0,"kqd5a",45,2,"fs",NA,NA,NA
"lk1e6",1,45,2,NA,NA,NA,"ms","yfaon",70,7
"vy8t7",1,31,2,NA,NA,NA,"ms","n53vg",64,7
"jvl6q",1,33,2,"js407",65,4,"fs",NA,NA,NA
"qbh2p",1,20,0,NA,NA,NA,"ms","fxnri",44,2
"l8jfc",1,42,2,NA,NA,NA,"ms","g22jt",67,4
"hhaek",0,24,0,NA,NA,NA,"md","dw1u1",45,2
"mw8l9",0,22,0,NA,NA,NA,"md","nz79w",53,2
"yjc1y",1,32,0,NA,NA,NA,"ms","k17i5",64,5
"wcqrk",0,17,0,NA,NA,NA,"md","mq73w",40,2
"t245a",1,20,0,"cmrat",60,5,"fs",NA,NA,NA
"gzozr",0,25,0,NA,NA,NA,"md","u5eli",45,2
"z725a",1,29,2,NA,NA,NA,"ms","ut2pq",52,3
"w132i",1,27,0,NA,NA,NA,"ms","n67jh",46,3
"ajash",0,26,1,NA,NA,NA,"md","kh565",61,4
"udp2o",0,18,0,NA,NA,NA,"md","uffj7",39,1
"ajash",0,26,1,"ywq4d",62,4,"fd",NA,NA,NA
"vf4kr",0,28,1,"ywq4d",62,4,"fd",NA,NA,NA
"tittp",0,23,0,"cmrat",60,5,"fd",NA,NA,NA
"clb7s",0,46,2,NA,NA,NA,"md","cuiz0",79,6
"urxj6",1,25,0,"cmrat",60,5,"fs",NA,NA,NA
"fayaf",1,42,3,NA,NA,NA,"ms","iw9hx",63,5
"lzt50",1,21,0,NA,NA,NA,"ms","dw1u1",45,2
"bjj8e",1,28,0,NA,NA,NA,"ms","n1mks",72,7
"pt3re",0,31,1,"d5roy",70,6,"fd",NA,NA,NA
"d2g0i",0,38,3,NA,NA,NA,"md","uz2sy",75,2
"x7x4v",1,21,0,NA,NA,NA,"ms","fc4qu",44,3
"co7o3",0,44,2,NA,NA,NA,"md","v5x3d",82,5
"yguus",0,32,0,NA,NA,NA,"md","otb71",56,3
"rg95n",1,45,2,NA,NA,NA,"ms","rptvm",70,6
"howgw",0,35,1,NA,NA,NA,"md","r2nph",62,4
"my30l",0,43,2,NA,NA,NA,"md","iwft0",66,4
"yug1r",1,21,0,NA,NA,NA,"ms","c6fjq",42,3
"fy1g3",1,18,0,NA,NA,NA,"ms","leupe",44,2
"brwda",0,42,3,NA,NA,NA,"md","prf7w",66,6
"zkndy",1,32,2,NA,NA,NA,"ms","ijhhq",59,4
"d0hh1",1,17,0,NA,NA,NA,"ms","lal2w",37,2
"aj6dl",1,34,1,NA,NA,NA,"ms","ftd64",61,6
"jo354",1,46,2,"svooh",71,5,"fs",NA,NA,NA
"bykpy",0,44,2,NA,NA,NA,"md","p28b4",67,4
"pim9x",0,41,1,"gu34s",75,7,"fd",NA,NA,NA
"hbooy",1,33,2,"k9w4y",76,3,"fs",NA,NA,NA
"c2ev6",1,53,2,NA,NA,NA,"ms","kinlx",83,3
"iziy6",0,23,2,"vwhj6",41,3,"fd",NA,NA,NA
"waiqu",0,40,1,NA,NA,NA,"md","pha1c",66,4
"o1ujb",1,19,0,NA,NA,NA,"ms","wervh",38,2
"q7w7g",0,35,0,NA,NA,NA,"md","uy3d0",59,5
"oarxd",1,25,0,NA,NA,NA,"ms","js5cn",51,3
"zuxcz",1,37,2,NA,NA,NA,"ms","qvlxh",71,4
"o6pew",1,35,1,"wtdxh",67,4,"fs",NA,NA,NA
"h7qvj",1,25,0,NA,NA,NA,"ms","rz3ar",56,4
"e6xqj",0,40,0,NA,NA,NA,"md","ftd64",61,6
"apg0r",0,51,2,NA,NA,NA,"md","jgm50",74,5
"cdd1i",1,41,2,"ruy7o",83,5,"fs",NA,NA,NA
"v5u88",0,18,0,NA,NA,NA,"md","t5869",40,3
"qzgzz",0,21,0,NA,NA,NA,"md","n67jh",46,3
"cri5v",0,38,2,"xwh4v",71,7,"fd",NA,NA,NA
"gru56",0,39,3,NA,NA,NA,"md","blu2i",57,5
"whzcc",1,39,0,NA,NA,NA,"ms","j0sj4",66,7
"adtnu",1,18,0,NA,NA,NA,"ms","j3roe",38,2
"exu1l",1,36,1,"yco10",66,5,"fs",NA,NA,NA
"iq1e5",1,42,99,NA,NA,NA,"ms","wneqi",62,4
"ma3n4",1,37,2,NA,NA,NA,"ms","uy3d0",59,5
"rz45k",1,30,1,NA,NA,NA,"ms","bejs5",57,5
"e9mzz",1,34,0,"ruy7o",83,5,"fs",NA,NA,NA
"z903e",0,40,2,NA,NA,NA,"md","qvlxh",71,4
"v1mc6",0,17,0,NA,NA,NA,"md","ksc75",40,2
"d79gf",0,30,1,NA,NA,NA,"md","i33wm",55,1
"ebrr7",0,25,3,NA,NA,NA,"md","c6fjq",42,3
"tch41",1,21,0,NA,NA,NA,"ms","mnjif",68,4
"ry42p",1,34,1,NA,NA,NA,"ms","qdgdq",62,6
"dc5ws",0,23,0,NA,NA,NA,"md","gsvse",43,2
"ua52n",1,40,0,NA,NA,NA,"ms","dfbht",72,5
"slh96",0,36,2,NA,NA,NA,"md","rot7v",80,8
"vndpg",0,23,0,"x522z",48,1,"fd",NA,NA,NA
"omba2",0,31,2,"qjb94",54,3,"fd",NA,NA,NA
"v1j3e",0,31,1,"la9qm",69,3,"fd",NA,NA,NA
"mt4bo",0,45,2,"wgvv3",67,5,"fd",NA,NA,NA
"xx8gc",1,24,0,NA,NA,NA,"ms","akeaq",53,4
"wocb8",1,23,0,"p5wb3",47,2,"fs",NA,NA,NA
"mjgfg",0,24,0,NA,NA,NA,"md","g2l8o",46,3
"t7uii",1,28,1,NA,NA,NA,"ms","ywuew",74,8
"mt4bo",0,45,2,NA,NA,NA,"md","iw9hx",63,5
"sx0c5",0,46,1,NA,NA,NA,"md","ogong",83,5
"om0z3",1,25,1,NA,NA,NA,"ms","vxw91",51,3
"x6mzd",1,22,0,NA,NA,NA,"ms","qy117",43,2
"qh4a4",1,38,1,NA,NA,NA,"ms","g22jt",67,4
"w4gbs",0,29,1,"ge189",62,4,"fd",NA,NA,NA
"swvf9",0,42,2,NA,NA,NA,"md","s4rmj",71,9
"nddc8",0,24,1,"w1s8d",54,3,"fd",NA,NA,NA
"bgjuh",1,28,1,"l6fkg",53,3,"fs",NA,NA,NA
"u5eli",0,45,2,NA,NA,NA,"md","dfbht",72,5
"t7xo9",1,40,0,NA,NA,NA,"ms","en9wq",79,5
"nazyp",0,36,2,NA,NA,NA,"md","k17i5",64,5
"jo354",1,46,2,NA,NA,NA,"ms","cxrym",66,5
"lvg3t",0,40,2,"v8caa",78,5,"fd",NA,NA,NA
"psw0o",0,18,0,NA,NA,NA,"md","cib0a",39,2
"y2f56",1,21,0,"e8v46",38,3,"fs",NA,NA,NA
"lzql2",1,39,3,NA,NA,NA,"ms","ykeq7",66,8
"lzt50",1,21,0,"lpzu0",51,2,"fs",NA,NA,NA
"lk1e6",1,45,2,"jiwri",71,7,"fs",NA,NA,NA
"isf5w",0,30,1,NA,NA,NA,"md","otb71",56,3
"xtsf7",0,27,2,NA,NA,NA,"md","s7ymr",56,3
"oj233",1,23,0,NA,NA,NA,"ms","hzzzo",52,2
"z4nek",0,18,0,"cdd1i",41,2,"fd",NA,NA,NA
"jqq3w",1,52,2,NA,NA,NA,"ms","khfui",72,6
"rb0xp",1,19,0,NA,NA,NA,"ms","hdtkx",39,3
"nl5g2",0,25,0,"ekgy1",49,3,"fd",NA,NA,NA
"w2hpr",1,39,2,NA,NA,NA,"ms","v8pe4",60,2
"iq228",1,27,0,NA,NA,NA,"ms","l7pq2",51,2
"y0yo3",0,24,0,NA,NA,NA,"md","su6r7",58,4
"fayaf",1,42,3,"wgvv3",67,5,"fs",NA,NA,NA
"ilhmk",1,51,2,NA,NA,NA,"ms","z47qi",79,6
"gjd1n",0,31,0,NA,NA,NA,"md","v4r1l",73,4
"bzzrh",1,22,0,"z85yr",49,3,"fs",NA,NA,NA
"da7vt",1,22,0,NA,NA,NA,"ms","mi7so",43,3
"a99pm",0,38,3,NA,NA,NA,"md","z8365",59,6
"i6jct",1,28,0,"okvvh",59,5,"fs",NA,NA,NA
"oe8cu",1,22,0,NA,NA,NA,"ms","fxnri",44,2
"bpwfv",1,44,2,NA,NA,NA,"ms","l0zjx",70,5
"qqsh7",1,34,2,"x7owx",50,3,"fs",NA,NA,NA
"owxek",0,21,0,"xvwvx",46,2,"fd",NA,NA,NA
"gw8ow",0,31,1,"rddfg",62,3,"fd",NA,NA,NA
"ueir6",0,37,2,NA,NA,NA,"md","murwa",64,4
"t7rx7",1,18,0,NA,NA,NA,"ms","njg5a",38,2
"gg2o1",1,46,2,NA,NA,NA,"ms","rot7v",80,8
"y84y3",1,17,0,"u8vb1",44,2,"fs",NA,NA,NA
"os5vs",1,51,2,NA,NA,NA,"ms","hsjh7",72,3
"dwfih",0,17,0,"i3j9o",43,2,"fd",NA,NA,NA
"mo8uc",1,39,1,NA,NA,NA,"ms","z52e2",65,8
"o0xgu",1,30,0,"krmkr",56,4,"fs",NA,NA,NA
"xc82h",0,28,1,"f5hyq",59,3,"fd",NA,NA,NA
"twp85",0,36,1,NA,NA,NA,"md","z52e2",65,8
"uybfe",1,42,2,"xettd",68,2,"fs",NA,NA,NA
"ivct5",0,17,0,"laejc",41,3,"fd",NA,NA,NA
"g2umi",0,42,2,NA,NA,NA,"md","jgm50",74,5
"er1q5",1,35,0,"k5hwb",60,3,"fs",NA,NA,NA
"exu1l",1,36,1,NA,NA,NA,"ms","blu2i",57,5
"jiiou",1,30,1,NA,NA,NA,"ms","y8mxf",65,4
"x522z",1,48,1,NA,NA,NA,"ms","v5x3d",82,5
"m63nm",0,29,1,NA,NA,NA,"md","iu8yu",63,7
"if79q",0,32,2,NA,NA,NA,"md","gescz",51,4
"zrrez",0,18,0,NA,NA,NA,"md","ulr8y",37,3
"sufht",0,37,3,"iyud6",65,3,"fd",NA,NA,NA
"blzj0",0,23,0,NA,NA,NA,"md","u2lrn",44,2
"zrc7l",0,25,0,"mau3w",46,3,"fd",NA,NA,NA
"w2hpr",1,39,2,"yghtg",70,2,"fs",NA,NA,NA
"gcivh",0,46,3,NA,NA,NA,"md","b54ff",68,5
"l1bbv",0,26,0,NA,NA,NA,"md","p28b4",67,4
"koc4x",0,37,2,NA,NA,NA,"md","i3s7n",55,4
"qbh2p",1,20,0,"gauu6",42,2,"fs",NA,NA,NA
"hv5vy",0,20,0,"mruwu",56,4,"fd",NA,NA,NA
"a06fe",1,35,2,NA,NA,NA,"ms","g22jt",67,4
"lyt1t",1,28,0,"lqjbw",55,6,"fs",NA,NA,NA
"vdest",1,39,3,NA,NA,NA,"ms","khfui",72,6
"hcmb4",0,38,1,NA,NA,NA,"md","sbt9w",75,7
"arxml",1,32,1,NA,NA,NA,"ms","mnjif",68,4
"jusb3",1,50,0,"y5svp",69,3,"fs",NA,NA,NA
"ty66s",0,34,2,"kld17",58,3,"fd",NA,NA,NA
"nl5g2",0,25,0,NA,NA,NA,"md","i4yk2",50,3
"ivjgf",0,53,3,NA,NA,NA,"md","sbt9w",75,7
"efc2r",0,32,2,NA,NA,NA,"md","layzg",58,3
"lga4o",0,30,2,NA,NA,NA,"md","t6hx7",51,3
"j5oq0",0,35,1,NA,NA,NA,"md","spy9y",67,3
"w0cvh",0,45,3,NA,NA,NA,"md","zk0kc",68,6
"i3tmb",1,31,0,NA,NA,NA,"ms","rot7v",80,8
"ewy1e",0,19,0,"a79fw",39,2,"fd",NA,NA,NA
"hrer0",0,29,3,"i4e4o",49,3,"fd",NA,NA,NA
"lczml",0,26,0,"m5dru",51,1,"fd",NA,NA,NA
"t1e61",1,30,0,NA,NA,NA,"ms","murwa",64,4
"qwehq",1,27,0,NA,NA,NA,"ms","r40p7",63,7
"ndzb9",1,43,1,NA,NA,NA,"ms","n53vg",64,7
