"id","male","age","ed","idf","agef","edf","code","idm","agem","edm"
"jn1ir",0,36,0,"ev6ni",71,0,"fd",NA,NA,NA
"drhrp",0,31,0,NA,NA,NA,"md","hniud",65,0
"set6y",0,47,0,NA,NA,NA,"md","isp5k",78,0
"fwm5h",0,17,9,NA,NA,NA,"md","f36s7",40,0
"fpf4t",0,26,9,NA,NA,NA,"md","l1wk4",67,0
"evrrl",1,18,9,"r88ux",43,9,"fs",NA,NA,NA
"hr7vx",0,20,13,NA,NA,NA,"md","hsbzy",39,0
"gu9ud",1,36,5,NA,NA,NA,"ms","ewtnl",75,0
"ey6wj",1,36,0,NA,NA,NA,"ms","hbbz3",57,0
"a7ixq",1,37,9,NA,NA,NA,"ms","pf36b",68,0
"d8if8",0,43,0,"g4jvl",70,5,"fd",NA,NA,NA
"wjq2w",1,34,0,NA,NA,NA,"ms","qo2k5",53,0
"hbo87",0,42,6,NA,NA,NA,"md","e5j0g",70,0
"j1seo",0,39,0,NA,NA,NA,"md","uooum",74,0
"kg44t",1,38,9,NA,NA,NA,"ms","wsmgs",66,0
"cswed",1,33,9,"uzug6",62,3,"fs",NA,NA,NA
"qpes8",0,18,11,NA,NA,NA,"md","pb5kv",43,0
"tlv3h",1,17,6,"eh2nl",46,6,"fs",NA,NA,NA
"pwndw",0,40,0,"b45ws",59,5,"fd",NA,NA,NA
"eff3v",0,23,6,"gj276",55,6,"fd",NA,NA,NA
"zqkxp",1,30,6,"ka6b5",73,0,"fs",NA,NA,NA
"fojad",0,18,9,"aj9kc",42,0,"fd",NA,NA,NA
"zf70w",0,32,0,"dh644",61,0,"fd",NA,NA,NA
"oyxao",1,25,4,NA,NA,NA,"ms","jb0ns",55,0
"efu3r",1,34,0,"ba3vh",59,6,"fs",NA,NA,NA
"v27s5",1,25,9,"cjruj",55,9,"fs",NA,NA,NA
"goqqi",1,27,16,NA,NA,NA,"ms","il9la",51,0
"sn4tj",1,21,9,NA,NA,NA,"ms","j3mol",44,6
"hx9z7",0,38,0,"ju28f",60,0,"fd",NA,NA,NA
"r2vfh",1,27,8,NA,NA,NA,"ms","fxk3d",46,0
"iaj7v",0,66,0,NA,NA,NA,"md","blntz",88,0
"ys09h",0,40,0,NA,NA,NA,"md","cpwgz",59,0
"pmrpx",0,31,0,NA,NA,NA,"md","e1ss0",61,0
"ndfau",0,18,14,NA,NA,NA,"md","vre33",43,0
"wrbr5",0,22,6,NA,NA,NA,"md","retho",44,3
"f8gby",1,39,2,NA,NA,NA,"ms","su58r",67,0
"bbx9l",1,40,6,"j2fcz",66,0,"fs",NA,NA,NA
"jsan6",1,42,6,NA,NA,NA,"ms","ljd2v",62,0
"r88ux",1,43,9,NA,NA,NA,"ms","x1pnr",79,0
"f0cws",0,25,3,NA,NA,NA,"md","hpcil",52,0
"bvwpb",0,36,0,NA,NA,NA,"md","mk5hj",63,0
"q9jy3",1,23,4,"wxmhg",54,0,"fs",NA,NA,NA
"iv6hz",0,21,12,"k29tj",45,6,"fd",NA,NA,NA
"gdhgd",0,34,9,NA,NA,NA,"md","ljd2v",62,0
"j8013",0,28,6,NA,NA,NA,"md","p9wkf",52,0
"tuabz",1,31,7,"xap9e",59,0,"fs",NA,NA,NA
"n0ldq",0,31,12,NA,NA,NA,"md","yurld",73,0
"by9bq",0,35,9,NA,NA,NA,"md","pnf5r",66,0
"b7vyp",1,36,0,NA,NA,NA,"ms","e3gek",63,0
"qtgpd",0,20,9,NA,NA,NA,"md","d8if8",43,0
"tpzqw",0,21,9,"e45l2",55,9,"fd",NA,NA,NA
"ryb7x",1,47,6,NA,NA,NA,"ms","cnbvf",74,0
"poaet",0,19,6,"eh2nl",46,6,"fd",NA,NA,NA
"zjk5w",1,25,9,"b45ws",59,5,"fs",NA,NA,NA
"dgto9",1,28,9,NA,NA,NA,"ms","rsjod",52,6
"itzk4",0,36,0,NA,NA,NA,"md","hniud",65,0
"mqe89",1,44,9,NA,NA,NA,"ms","tyj60",77,0
"evrrl",1,18,9,NA,NA,NA,"ms","v3m6o",44,0
"ia6ib",0,51,6,"soet5",83,0,"fd",NA,NA,NA
"f8v13",0,32,0,NA,NA,NA,"md","z0xxh",56,0
"yllix",0,23,12,NA,NA,NA,"md","hbo87",42,6
"sms4j",1,18,9,NA,NA,NA,"ms","vl4up",38,0
"sxvva",0,40,0,NA,NA,NA,"md","ez6rw",66,0
"msy6s",1,31,3,NA,NA,NA,"ms","mrlhx",72,0
"b8uuy",0,66,0,NA,NA,NA,"md","ju4w8",91,0
"qfu4u",0,27,12,NA,NA,NA,"md","e1ss0",61,0
"vzsh0",1,42,12,"svm7v",76,9,"fs",NA,NA,NA
"zy9a3",1,47,9,NA,NA,NA,"ms","mrlhx",72,0
"m55rp",0,37,0,NA,NA,NA,"md","d7q5r",70,0
"tv25x",1,52,9,NA,NA,NA,"ms","przl7",72,0
"djmri",0,42,4,NA,NA,NA,"md","tyj60",77,0
"calad",0,21,12,"lgcn4",53,0,"fd",NA,NA,NA
"fbebi",1,31,6,NA,NA,NA,"ms","h60ab",67,0
"iy46t",1,31,9,NA,NA,NA,"ms","zdkja",68,0
"ed20a",1,22,6,NA,NA,NA,"ms","s0ava",45,0
"sx8wu",0,34,6,NA,NA,NA,"md","yagwa",63,0
"bn1xz",1,17,12,"qzgpy",44,6,"fs",NA,NA,NA
"tlv3h",1,17,6,NA,NA,NA,"ms","ydtp2",42,0
"gur6e",0,37,6,NA,NA,NA,"md","yagwa",63,0
"cljq2",0,30,6,NA,NA,NA,"md","zdkja",68,0
"ykov5",0,24,8,"mflm3",52,0,"fd",NA,NA,NA
"zpbzk",0,25,16,"vss1w",52,12,"fd",NA,NA,NA
"j2i1x",1,19,9,"nhu98",45,2,"fs",NA,NA,NA
"tqf3o",0,18,9,NA,NA,NA,"md","x8grl",39,0
"jxqmt",1,21,9,"buqvq",51,0,"fs",NA,NA,NA
"oa0tg",0,27,6,NA,NA,NA,"md","dchvt",70,0
"j11gs",1,27,6,"z7k1t",54,6,"fs",NA,NA,NA
"dldg3",0,51,12,NA,NA,NA,"md","dchvt",70,0
"joaxk",1,31,9,NA,NA,NA,"ms","blmp6",80,0
"xo1dk",0,42,0,NA,NA,NA,"md","uooum",74,0
"zqkxp",1,30,6,NA,NA,NA,"ms","jxhqi",65,0
"dgto9",1,28,9,"xzied",55,15,"fs",NA,NA,NA
"vz3xp",1,46,9,NA,NA,NA,"ms","wsmgs",66,0
"ymf7a",1,25,12,NA,NA,NA,"ms","kb84o",45,0
"hx9z7",0,38,0,NA,NA,NA,"md","jb0ns",55,0
"nvjr5",0,30,9,NA,NA,NA,"md","yagwa",63,0
"uz0pe",1,46,3,NA,NA,NA,"ms","blmp6",80,0
"d93e7",0,45,0,NA,NA,NA,"md","n81c9",63,0
"urdqv",1,51,0,NA,NA,NA,"ms","yn5mn",72,0
"vjjf1",0,41,6,NA,NA,NA,"md","rnixx",61,0
"qtgpd",0,20,9,"uz0pe",46,3,"fd",NA,NA,NA
"g2ksw",1,20,13,NA,NA,NA,"ms","fl02b",48,2
"lis3s",0,39,3,NA,NA,NA,"md","c1q2w",64,2
"ll8c6",0,43,6,NA,NA,NA,"md","npvvy",74,0
"xx1q5",1,42,0,NA,NA,NA,"ms","ewtnl",75,0
"dhaif",0,37,6,NA,NA,NA,"md","pnf5r",66,0
"c5eul",0,33,12,"ka6b5",73,0,"fd",NA,NA,NA
"v2jv0",1,32,6,NA,NA,NA,"ms","af5sv",59,0
"p6piq",1,32,15,"xzied",55,15,"fs",NA,NA,NA
"gy3i5",0,40,0,NA,NA,NA,"md","vcdmc",71,0
"c2o12",0,50,0,NA,NA,NA,"md","rp5vu",83,0
"dqicz",1,25,16,NA,NA,NA,"ms","er0th",44,0
"efbyj",1,39,0,"nbecg",62,0,"fs",NA,NA,NA
"y13pk",0,21,6,"gj276",55,6,"fd",NA,NA,NA
"mpugm",1,54,0,NA,NA,NA,"ms","uooum",74,0
"x8hk5",1,17,6,"cidb3",35,0,"fs",NA,NA,NA
"jdyrv",1,32,6,NA,NA,NA,"ms","qbvjo",61,0
"bojob",1,29,0,NA,NA,NA,"ms","mk5hj",63,0
"t1bgd",0,23,3,"ju28f",60,0,"fd",NA,NA,NA
"wbx7r",1,17,8,"dkb9e",38,6,"fs",NA,NA,NA
"mvu3l",0,41,0,"g4jvl",70,5,"fd",NA,NA,NA
"n93r4",1,21,12,"kfyoa",52,0,"fs",NA,NA,NA
"lkxk3",1,34,3,"soet5",83,0,"fs",NA,NA,NA
"s2xfn",1,51,0,NA,NA,NA,"ms","e25ge",75,0
"gu9f3",1,30,0,"ev6ni",71,0,"fs",NA,NA,NA
"t7mas",0,27,9,NA,NA,NA,"md","warr6",49,0
"t2szr",0,34,0,NA,NA,NA,"md","hbbz3",57,0
"gqx1t",0,25,6,NA,NA,NA,"md","lsco1",45,0
"qd1ia",0,31,0,NA,NA,NA,"md","jb0ns",55,0
"dfpny",0,35,12,"yvzpn",65,0,"fd",NA,NA,NA
"egg1u",1,47,9,NA,NA,NA,"ms","g7gzw",75,0
"yfspc",1,23,16,"k29tj",45,6,"fs",NA,NA,NA
"uwspw",1,22,6,"qgdo1",49,0,"fs",NA,NA,NA
"z8o0r",0,26,6,NA,NA,NA,"md","ycvzk",49,0
"zud3b",1,41,5,NA,NA,NA,"ms","w5u0x",68,0
"cm1cw",0,55,0,NA,NA,NA,"md","dphr1",76,0
"n4et3",1,25,6,"u5pd6",43,6,"fs",NA,NA,NA
"dhqow",0,26,9,NA,NA,NA,"md","e3gek",63,0
"ihjks",1,37,0,NA,NA,NA,"ms","hniud",65,0
"fleb9",1,38,9,NA,NA,NA,"ms","e3gek",63,0
"pchr6",1,34,4,NA,NA,NA,"ms","gnst1",58,0
"k386z",0,37,9,NA,NA,NA,"md","rz0al",71,0
"sowbd",0,18,9,NA,NA,NA,"md","o4w76",37,0
"gnzwj",1,39,0,NA,NA,NA,"ms","przl7",72,0
"nmy6p",1,29,6,"xiglu",54,6,"fs",NA,NA,NA
"wydzc",1,32,6,"r6ug4",54,6,"fs",NA,NA,NA
"yyceg",0,31,0,"botsj",58,6,"fd",NA,NA,NA
"stbpe",1,30,6,NA,NA,NA,"ms","eleij",64,0
"fpayt",1,22,9,NA,NA,NA,"ms","md3cf",45,0
"yojoh",0,24,9,NA,NA,NA,"md","or8ok",46,0
"bjsse",1,40,6,NA,NA,NA,"ms","isp5k",78,0
"i321w",1,24,1,NA,NA,NA,"ms","f0yq4",43,0
"hfst1",0,17,10,"aarvk",41,3,"fd",NA,NA,NA
"ms7og",0,43,9,NA,NA,NA,"md","mrlhx",72,0
"ecfwl",1,22,12,"uz0pe",46,3,"fs",NA,NA,NA
"rm0au",0,44,0,"hk4ni",71,0,"fd",NA,NA,NA
"bm0uu",0,30,12,"fpg0r",67,12,"fd",NA,NA,NA
"jp53i",1,42,6,"vk71d",67,0,"fs",NA,NA,NA
"etdmh",0,24,12,NA,NA,NA,"md","xx094",58,0
"dume2",0,25,6,NA,NA,NA,"md","t7r5b",50,0
"kuioj",0,30,6,NA,NA,NA,"md","jbg0v",56,0
"j3r7v",1,47,0,NA,NA,NA,"ms","su58r",67,0
"d66x3",1,29,9,"brr2s",56,0,"fs",NA,NA,NA
"lphc7",0,18,10,NA,NA,NA,"md","vmybm",39,0
"kcm2q",0,40,15,"bxyuq",62,0,"fd",NA,NA,NA
"n93r4",1,21,12,NA,NA,NA,"ms","zny2x",44,0
"kinxl",1,21,12,NA,NA,NA,"ms","svpq3",52,6
"a8zly",0,22,9,NA,NA,NA,"md","eqshu",48,0
"dhaif",0,37,6,"isbkk",72,15,"fd",NA,NA,NA
"l3qg7",0,26,9,"hir2n",51,9,"fd",NA,NA,NA
"lis3s",0,39,3,"v6v0o",75,0,"fd",NA,NA,NA
"h0r86",0,30,6,NA,NA,NA,"md","qo2k5",53,0
"an9v2",1,50,12,"poefa",69,12,"fs",NA,NA,NA
"qz57o",1,19,11,NA,NA,NA,"ms","s1ud0",38,0
"alf1v",1,28,16,"qoh9m",55,6,"fs",NA,NA,NA
"h7ogn",0,34,12,NA,NA,NA,"md","feltt",51,3
"noolj",1,32,3,NA,NA,NA,"ms","luuj9",56,2
"l0i64",0,20,13,NA,NA,NA,"md","tahdq",44,8
"aiyud",1,33,9,"v6v0o",75,0,"fs",NA,NA,NA
"hobxp",1,18,9,"tvzv7",45,4,"fs",NA,NA,NA
"n2wvp",1,28,9,NA,NA,NA,"ms","cvjyy",57,0
"tqz1b",0,28,0,"hmz30",50,0,"fd",NA,NA,NA
"qzem3",1,35,9,NA,NA,NA,"ms","tdl6v",59,0
"q4iu2",0,32,9,NA,NA,NA,"md","xnz82",58,0
"tlab1",1,28,0,NA,NA,NA,"ms","npvvy",74,0
"fpc79",1,22,16,"fk962",55,6,"fs",NA,NA,NA
"igu74",0,29,0,NA,NA,NA,"md","ec5k1",54,0
"tsudt",0,24,6,NA,NA,NA,"md","zny2x",44,0
"uihc7",0,27,16,NA,NA,NA,"md","pvjb2",57,0
"zm4y9",0,36,0,NA,NA,NA,"md","y3jc9",66,0
"i321w",1,24,1,"h331g",49,0,"fs",NA,NA,NA
"jq4y4",0,30,16,NA,NA,NA,"md","pje53",55,0
"t5wjm",0,18,9,"uj2xa",42,0,"fd",NA,NA,NA
"ajn23",0,46,9,NA,NA,NA,"md","vcdmc",71,0
"g2ksw",1,20,13,"n2c5b",46,5,"fs",NA,NA,NA
"m2aut",0,43,0,"swh3q",70,0,"fd",NA,NA,NA
"oudsf",1,22,6,NA,NA,NA,"ms","f0yq4",43,0
"dzg1q",0,18,11,NA,NA,NA,"md","t7ok6",42,0
"jq9au",1,32,0,NA,NA,NA,"ms","tdl6v",59,0
"yhag3",0,53,0,NA,NA,NA,"md","ewtnl",75,0
"gj276",1,55,6,NA,NA,NA,"ms","ma8uh",82,0
"xyg5s",1,46,9,NA,NA,NA,"ms","iaj7v",66,0
"dnrav",0,41,12,NA,NA,NA,"md","iaj7v",66,0
"ike4c",0,37,0,"j2fcz",66,0,"fd",NA,NA,NA
"yjyv2",0,25,4,NA,NA,NA,"md","dmi0m",51,0
"w1epx",0,43,0,NA,NA,NA,"md","pf36b",68,0
"meenh",1,29,9,NA,NA,NA,"ms","warr6",49,0
"rm0au",0,44,0,NA,NA,NA,"md","mk5hj",63,0
"yd276",0,43,9,NA,NA,NA,"md","su58r",67,0
"ucz1f",0,43,0,"poefa",69,12,"fd",NA,NA,NA
"jdyrv",1,32,6,"nbecg",62,0,"fs",NA,NA,NA
"u6v0x",0,46,6,NA,NA,NA,"md","npvvy",74,0
"gupqo",0,29,6,"j2fcz",66,0,"fd",NA,NA,NA
"accix",1,27,9,"fpg0r",67,12,"fs",NA,NA,NA
"kdbi3",0,30,6,NA,NA,NA,"md","ngxb1",58,0
"ecfu4",1,46,0,NA,NA,NA,"ms","olzd0",67,0
"p6piq",1,32,15,NA,NA,NA,"ms","rsjod",52,6
"d0cjq",1,37,0,"vk71d",67,0,"fs",NA,NA,NA
"czc50",0,31,3,NA,NA,NA,"md","fx58w",62,0
"ke509",1,55,16,NA,NA,NA,"ms","ju4w8",91,0
"qeota",0,37,6,NA,NA,NA,"md","eleij",64,0
"uduik",0,34,16,NA,NA,NA,"md","jc5d9",70,0
"qlqmd",0,20,13,"b14rq",47,12,"fd",NA,NA,NA
"vbpdf",1,41,0,NA,NA,NA,"ms","qavey",86,0
"x8qzf",0,45,0,NA,NA,NA,"md","w5u0x",68,0
"abmji",1,36,6,NA,NA,NA,"ms","x0jgd",59,0
"fojad",0,18,9,NA,NA,NA,"md","lis3s",39,3
"kzgcb",1,24,9,NA,NA,NA,"ms","ycvzk",49,0
"ed884",0,18,12,NA,NA,NA,"md","zvuzt",42,0
"wf0lf",1,44,0,NA,NA,NA,"ms","hniud",65,0
"snpmf",0,36,0,NA,NA,NA,"md","e1ss0",61,0
"ml50o",1,36,9,"hee22",66,0,"fs",NA,NA,NA
"snpmf",0,36,0,"ba3vh",59,6,"fd",NA,NA,NA
"a2suh",0,51,0,NA,NA,NA,"md","bls1j",71,0
"hobxp",1,18,9,NA,NA,NA,"ms","hsbzy",39,0
"dkzzw",0,42,0,NA,NA,NA,"md","ma8uh",82,0
"qyv1k",0,25,9,"x3v9i",52,9,"fd",NA,NA,NA
"pli1y",1,35,12,NA,NA,NA,"ms","rnixx",61,0
"wy2x2",1,27,6,NA,NA,NA,"ms","jvweu",55,0
"fmv4h",0,23,12,"x3v9i",52,9,"fd",NA,NA,NA
"o064w",1,44,5,NA,NA,NA,"ms","bls1j",71,0
"ni752",0,18,9,"qiaru",46,4,"fd",NA,NA,NA
"v03mt",1,20,4,NA,NA,NA,"ms","jb0ns",55,0
"ud2gv",1,35,0,NA,NA,NA,"ms","dabuy",66,0
"azgfp",1,34,9,NA,NA,NA,"ms","o2rm6",51,0
"vnf70",0,41,6,NA,NA,NA,"md","cnbvf",74,0
"brqqp",1,20,9,NA,NA,NA,"ms","jvprb",46,0
"gc3e2",0,36,9,"fpg0r",67,12,"fd",NA,NA,NA
"zpbzk",0,25,16,NA,NA,NA,"md","fxk3d",46,0
"ro5ya",0,53,0,NA,NA,NA,"md","t7ar0",80,0
"x1egh",0,39,6,NA,NA,NA,"md","qgg2k",62,0
"wy2x2",1,27,6,"r6ug4",54,6,"fs",NA,NA,NA
"q3xpq",0,23,16,NA,NA,NA,"md","t7r5b",50,0
"et09w",1,27,16,NA,NA,NA,"ms","hpcil",52,0
"poaet",0,19,6,NA,NA,NA,"md","ydtp2",42,0
"rbfjr",0,25,6,"dh644",61,0,"fd",NA,NA,NA
"v82gw",0,31,9,NA,NA,NA,"md","e3gek",63,0
"u2f31",1,22,12,NA,NA,NA,"ms","rw686",44,0
"wuj09",0,25,9,"oa21f",61,9,"fd",NA,NA,NA
"ofai0",0,30,9,"mihe1",57,0,"fd",NA,NA,NA
"i9v2a",0,18,12,NA,NA,NA,"md","qew2w",38,0
"ud0vy",1,20,16,"jyumi",45,6,"fs",NA,NA,NA
"hir2n",1,51,9,NA,NA,NA,"ms","x1pnr",79,0
"d66x3",1,29,9,NA,NA,NA,"ms","g6r1a",49,0
"n2xfl",0,27,9,"brr2s",56,0,"fd",NA,NA,NA
"vzsh0",1,42,12,NA,NA,NA,"ms","dd0mp",67,0
"zaiwq",1,39,5,NA,NA,NA,"ms","marb1",72,0
"wglx6",0,26,8,"z8fzd",49,0,"fd",NA,NA,NA
"ql0gd",1,34,12,"xap9e",59,0,"fs",NA,NA,NA
"aiyud",1,33,9,NA,NA,NA,"ms","c1q2w",64,2
"km1cy",1,33,4,"yvzpn",65,0,"fs",NA,NA,NA
"pzmvq",1,34,9,NA,NA,NA,"ms","qgg2k",62,0
"ly0wc",1,25,6,"olivu",56,0,"fs",NA,NA,NA
"p8a61",0,21,6,NA,NA,NA,"md","ydtp2",42,0
"f8s6e",0,18,9,"n1qzu",49,9,"fd",NA,NA,NA
"si8hn",0,38,0,NA,NA,NA,"md","jxhqi",65,0
"yjmd6",0,24,9,"s2xfn",51,0,"fd",NA,NA,NA
"s1fw3",0,23,0,NA,NA,NA,"md","kn74n",43,0
"fld5u",0,61,0,NA,NA,NA,"md","dslhv",86,0
"qtq5b",0,41,0,NA,NA,NA,"md","tugwy",62,0
"f0wxg",1,23,9,NA,NA,NA,"ms","rudxo",50,0
"t7mas",0,27,9,"d8ng1",55,5,"fd",NA,NA,NA
"a5zvm",1,27,9,NA,NA,NA,"ms","yagwa",63,0
"gnu27",1,31,6,"v6v0o",75,0,"fs",NA,NA,NA
"xyepl",0,18,6,NA,NA,NA,"md","hqs65",45,0
"urhno",0,20,13,NA,NA,NA,"md","dmi0m",51,0
"deta4",1,50,6,NA,NA,NA,"ms","vykrb",77,0
"ma6im",0,31,0,"g4jvl",70,5,"fd",NA,NA,NA
"ed884",0,18,12,"avh6a",50,6,"fd",NA,NA,NA
"zkrc2",1,25,6,"w6d0n",54,6,"fs",NA,NA,NA
"cca4h",1,32,1,NA,NA,NA,"ms","qo2k5",53,0
"sowbd",0,18,9,"edj85",37,0,"fd",NA,NA,NA
"fjdrr",1,43,9,NA,NA,NA,"ms","c1q2w",64,2
"jn1ir",0,36,0,NA,NA,NA,"md","wsmgs",66,0
"cwpbn",0,23,12,NA,NA,NA,"md","vre33",43,0
"k1ryj",0,38,0,NA,NA,NA,"md","x0jgd",59,0
"g29n5",1,25,6,"qgdo1",49,0,"fs",NA,NA,NA
"e185n",1,39,0,NA,NA,NA,"ms","lbyab",66,0
"x0200",0,30,0,NA,NA,NA,"md","ji6gp",55,0
"bk0xu",1,34,9,"xzied",55,15,"fs",NA,NA,NA
"cidb3",1,35,0,NA,NA,NA,"ms","ma8uh",82,0
"oybv6",0,38,3,"rnu4q",67,0,"fd",NA,NA,NA
"lcip5",0,31,9,NA,NA,NA,"md","dmi0m",51,0
"ht7ff",0,41,0,"v6v0o",75,0,"fd",NA,NA,NA
"ip646",0,32,2,NA,NA,NA,"md","przl7",72,0
"i8cly",1,36,9,NA,NA,NA,"ms","zdkja",68,0
"ts77e",1,44,16,NA,NA,NA,"ms","y3jc9",66,0
"u2f31",1,22,12,"jwoey",42,9,"fs",NA,NA,NA
"tqz1b",0,28,0,NA,NA,NA,"md","o2rm6",51,0
"b14rq",1,47,12,NA,NA,NA,"ms","x1pnr",79,0
"kjdj5",0,43,0,NA,NA,NA,"md","sv29k",75,0
"jxqmt",1,21,9,NA,NA,NA,"ms","or8ok",46,0
"qsydp",0,30,6,NA,NA,NA,"md","feltt",51,3
"ro13q",1,32,6,"vk71d",67,0,"fs",NA,NA,NA
"jldrr",1,34,12,NA,NA,NA,"ms","g6qzh",59,0
"txdzz",1,17,11,NA,NA,NA,"ms","vpsdw",37,3
"s1fw3",0,23,0,"fk962",55,6,"fd",NA,NA,NA
"vy7je",0,20,8,"mflm3",52,0,"fd",NA,NA,NA
"bg22a",1,51,12,NA,NA,NA,"ms","dd0mp",67,0
"wydzc",1,32,6,NA,NA,NA,"ms","jvweu",55,0
"cxqum",1,35,9,"vju3z",78,0,"fs",NA,NA,NA
"ij35t",1,31,0,"uzug6",62,3,"fs",NA,NA,NA
"w1gim",1,41,6,NA,NA,NA,"ms","uhbch",61,0
"he5da",0,37,0,NA,NA,NA,"md","ez6rw",66,0
"h0r86",0,30,6,"z5vjj",65,9,"fd",NA,NA,NA
"efu3r",1,34,0,NA,NA,NA,"ms","e1ss0",61,0
"nkv23",1,55,0,NA,NA,NA,"ms","gvexz",79,0
"q3xpq",0,23,16,"lk2l8",49,0,"fd",NA,NA,NA
"gk29m",1,26,6,NA,NA,NA,"ms","y66ti",46,6
"mwy8c",0,23,6,"xoe6x",48,6,"fd",NA,NA,NA
"izzo7",0,21,7,"jr8y8",46,0,"fd",NA,NA,NA
"hn8vj",0,36,0,NA,NA,NA,"md","yurld",73,0
"ykov5",0,24,8,NA,NA,NA,"md","fviv4",56,0
"qzem3",1,35,9,"rnu4q",67,0,"fs",NA,NA,NA
"gyx1r",0,32,16,NA,NA,NA,"md","xmopb",56,4
"h8xr3",1,18,6,NA,NA,NA,"ms","k7nle",41,6
"bjew9",0,30,6,NA,NA,NA,"md","t7r5b",50,0
"z49ik",1,25,6,NA,NA,NA,"ms","z0xxh",56,0
"nur2u",0,32,0,NA,NA,NA,"md","crn3q",51,0
"n96mn",0,28,0,"v0hrc",52,0,"fd",NA,NA,NA
"ulul0",1,39,9,NA,NA,NA,"ms","mrlhx",72,0
"k1oc7",0,22,16,"m9uvu",56,0,"fd",NA,NA,NA
"jldrr",1,34,12,"hrn6i",65,0,"fs",NA,NA,NA
"f296h",0,25,12,NA,NA,NA,"md","xaibu",57,6
"i8t6h",1,37,16,NA,NA,NA,"ms","dabuy",66,0
"sbf43",1,37,0,NA,NA,NA,"ms","hbbz3",57,0
"x0jgd",0,59,0,NA,NA,NA,"md","e09h5",83,0
"wjzdv",1,36,9,NA,NA,NA,"ms","n5jn3",59,0
"uesel",1,21,6,"fkwhg",38,6,"fs",NA,NA,NA
"sxj6u",0,41,6,NA,NA,NA,"md","pnf5r",66,0
"cswed",1,33,9,NA,NA,NA,"ms","ohduy",61,3
"hinp8",0,45,0,NA,NA,NA,"md","iz5py",79,0
"tg1xw",1,39,9,NA,NA,NA,"ms","zgpi8",67,0
"ueb7e",1,30,6,NA,NA,NA,"ms","i4tn1",60,0
"ychm1",1,32,0,NA,NA,NA,"ms","ejodp",68,0
"dn2v0",1,34,1,NA,NA,NA,"ms","uooum",74,0
"bgxto",0,42,0,NA,NA,NA,"md","bls1j",71,0
"zcw9w",0,27,12,NA,NA,NA,"md","rudxo",50,0
"fmv4h",0,23,12,NA,NA,NA,"md","l0svu",46,0
"yvaea",0,34,0,NA,NA,NA,"md","e3gek",63,0
"x2za3",0,32,0,"kbzgk",66,0,"fd",NA,NA,NA
"sww5x",1,40,5,NA,NA,NA,"ms","marb1",72,0
"cych3",0,27,6,"w7u89",41,0,"fd",NA,NA,NA
"w4t3d",1,39,2,NA,NA,NA,"ms","ez6rw",66,0
"op354",0,31,0,NA,NA,NA,"md","xsde5",53,0
"n4et3",1,25,6,NA,NA,NA,"ms","jvprb",46,0
"swob3",1,20,9,NA,NA,NA,"ms","rw686",44,0
"ox6lt",0,34,0,NA,NA,NA,"md","fx58w",62,0
"x61ki",0,22,16,NA,NA,NA,"md","q5bdn",45,0
"hx8a8",1,30,9,NA,NA,NA,"ms","b8uuy",66,0
"p8a61",0,21,6,"eh2nl",46,6,"fd",NA,NA,NA
"n7k93",1,20,9,NA,NA,NA,"ms","ycvzk",49,0
"bpxa2",1,38,0,NA,NA,NA,"ms","yuyda",69,0
"uduik",0,34,16,"ibf39",71,0,"fd",NA,NA,NA
"jsqw4",1,18,12,NA,NA,NA,"ms","v84qe",44,0
"ro13q",1,32,6,NA,NA,NA,"ms","n81c9",63,0
"e5fby",1,38,6,NA,NA,NA,"ms","rnixx",61,0
"wbx7r",1,17,8,NA,NA,NA,"ms","syy4t",36,0
"fpe2o",1,22,6,"cddqt",43,0,"fs",NA,NA,NA
"q0quk",0,35,0,NA,NA,NA,"md","bls1j",71,0
"bst7n",1,31,4,NA,NA,NA,"ms","phcgm",60,0
"z33fq",0,44,0,NA,NA,NA,"md","ma8uh",82,0
"aj9kc",1,42,0,NA,NA,NA,"ms","v8m8j",64,0
"fpayt",1,22,9,"jr8y8",46,0,"fs",NA,NA,NA
"l13sm",1,22,12,NA,NA,NA,"ms","y66ti",46,6
"vkqoy",1,36,0,"soet5",83,0,"fs",NA,NA,NA
"l10kq",0,29,6,NA,NA,NA,"md","qbvjo",61,0
"jzbwb",1,46,4,NA,NA,NA,"ms","rz0al",71,0
"jv1xm",1,44,0,NA,NA,NA,"ms","lbyab",66,0
"r8or1",0,29,2,NA,NA,NA,"md","luuj9",56,2
"swob3",1,20,9,"jwoey",42,9,"fs",NA,NA,NA
"em0w0",1,25,9,NA,NA,NA,"ms","fb2zx",44,9
"kdbi3",0,30,6,"dh644",61,0,"fd",NA,NA,NA
"f8s6e",0,18,9,NA,NA,NA,"md","d8ebp",44,5
"nbkml",1,42,8,NA,NA,NA,"ms","cpwgz",59,0
"u7am9",1,33,9,NA,NA,NA,"ms","hniud",65,0
"nmy6p",1,29,6,NA,NA,NA,"ms","ggi09",53,0
"yz56e",0,25,6,NA,NA,NA,"md","dkzzw",42,0
"sbt44",0,23,16,"z0w7o",49,9,"fd",NA,NA,NA
"xqo24",0,40,0,"ba3vh",59,6,"fd",NA,NA,NA
"jq9au",1,32,0,"rnu4q",67,0,"fs",NA,NA,NA
"qieg2",0,26,6,NA,NA,NA,"md","p9wkf",52,0
"vp640",0,23,6,"w7u89",41,0,"fd",NA,NA,NA
"qsydp",0,30,6,"yif2y",53,0,"fd",NA,NA,NA
"f06vs",1,37,16,NA,NA,NA,"ms","vcdmc",71,0
"hsbzy",0,39,0,NA,NA,NA,"md","e3gek",63,0
"y6plf",1,22,14,"nmqlx",54,0,"fs",NA,NA,NA
"sbt44",0,23,16,NA,NA,NA,"md","j3mol",44,6
"n5jn3",0,59,0,NA,NA,NA,"md","x1pnr",79,0
"fllo5",1,43,0,NA,NA,NA,"ms","xxcb2",65,0
"mjfk8",1,20,6,"h331g",49,0,"fs",NA,NA,NA
"hn29h",1,51,9,NA,NA,NA,"ms","mea4s",79,0
"t1bgd",0,23,3,NA,NA,NA,"md","jb0ns",55,0
"b5911",0,31,0,"r6ug4",54,6,"fd",NA,NA,NA
"fzbdz",0,18,12,NA,NA,NA,"md","a0ksr",40,0
"rwqxq",0,30,15,NA,NA,NA,"md","rsjod",52,6
"czc50",0,31,3,"f262g",69,0,"fd",NA,NA,NA
"ud0vy",1,20,16,NA,NA,NA,"ms","v84qe",44,0
"kekld",1,27,6,NA,NA,NA,"ms","hbbz3",57,0
"yojoh",0,24,9,"buqvq",51,0,"fd",NA,NA,NA
"qqjix",1,35,3,NA,NA,NA,"ms","dd0mp",67,0
"fpe2o",1,22,6,NA,NA,NA,"ms","kb84o",45,0
"e9fmr",0,19,6,NA,NA,NA,"md","o4w76",37,0
"wg024",0,37,0,NA,NA,NA,"md","b8uuy",66,0
"xiyno",1,32,6,NA,NA,NA,"ms","cm1cw",55,0
"ncq54",0,33,0,"bxyuq",62,0,"fd",NA,NA,NA
"tdsp1",0,21,12,NA,NA,NA,"md","fxk3d",46,0
"sug9g",1,43,6,NA,NA,NA,"ms","vwxsy",61,0
"j1eo5",1,37,3,"rnu4q",67,0,"fs",NA,NA,NA
"l0i64",0,20,13,"wkiuu",45,9,"fd",NA,NA,NA
"ubia3",1,39,6,"swh3q",70,0,"fs",NA,NA,NA
"t3d1e",1,41,9,NA,NA,NA,"ms","g7gzw",75,0
"mrzev",0,40,0,NA,NA,NA,"md","b8uuy",66,0
"szyof",1,31,3,NA,NA,NA,"ms","cpwgz",59,0
"el3b8",0,17,12,"pu7w0",41,0,"fd",NA,NA,NA
"n2wvp",1,28,9,"b45ws",59,5,"fs",NA,NA,NA
"zf70w",0,32,0,NA,NA,NA,"md","ngxb1",58,0
"jriap",1,27,4,"ev6ni",71,0,"fs",NA,NA,NA
"pu7w0",1,41,0,NA,NA,NA,"ms","dabuy",66,0
"ru00z",0,52,0,NA,NA,NA,"md","e09h5",83,0
"l23dv",0,25,16,"h7y0g",46,9,"fd",NA,NA,NA
"hu4l0",0,35,12,NA,NA,NA,"md","zgpi8",67,0
"odpnp",1,29,6,"z7k1t",54,6,"fs",NA,NA,NA
"rw3uk",0,21,6,"z7k1t",54,6,"fd",NA,NA,NA
"bjew9",0,30,6,"lk2l8",49,0,"fd",NA,NA,NA
"pmrpx",0,31,0,"ba3vh",59,6,"fd",NA,NA,NA
"tiiok",0,25,6,"mrl9x",50,6,"fd",NA,NA,NA
"nibvb",1,39,9,NA,NA,NA,"ms","dchvt",70,0
"wrbr5",0,22,6,"fcii8",42,5,"fd",NA,NA,NA
"dfpny",0,35,12,NA,NA,NA,"md","tugwy",62,0
"avn16",1,35,9,NA,NA,NA,"ms","phcgm",60,0
"v0y1o",0,30,9,"hee22",66,0,"fd",NA,NA,NA
"vr6ic",0,17,9,"sai14",35,6,"fd",NA,NA,NA
"h8xr3",1,18,6,"rfbib",41,6,"fs",NA,NA,NA
"zcwx9",1,54,5,NA,NA,NA,"ms","sv29k",75,0
"zlwr5",1,21,16,NA,NA,NA,"ms","ez092",52,0
"ebnzb",1,42,6,NA,NA,NA,"ms","eleij",64,0
"pw8xf",0,23,0,NA,NA,NA,"md","d8ebp",44,5
"zk693",0,34,0,"botsj",58,6,"fd",NA,NA,NA
"xoe6x",1,48,6,NA,NA,NA,"ms","ma8uh",82,0
"w2sfo",0,27,9,NA,NA,NA,"md","marb1",72,0
"pbqmi",0,33,6,NA,NA,NA,"md","n5jn3",59,0
"qfu4u",0,27,12,"ba3vh",59,6,"fd",NA,NA,NA
"fjdrr",1,43,9,"v6v0o",75,0,"fs",NA,NA,NA
"fzx3w",1,21,0,NA,NA,NA,"ms","ejodp",68,0
"q5bdn",0,45,0,NA,NA,NA,"md","swfpz",80,0
"mcwf5",0,39,0,NA,NA,NA,"md","olzd0",67,0
"s1rf8",0,43,9,NA,NA,NA,"md","iaj7v",66,0
"tdsp1",0,21,12,"vss1w",52,12,"fd",NA,NA,NA
"vlac4",1,18,6,"cs454",38,6,"fs",NA,NA,NA
"x26i4",1,39,16,NA,NA,NA,"ms","y3jc9",66,0
"mwy8c",0,23,6,NA,NA,NA,"md","r6cpl",41,0
"kboc6",0,25,9,NA,NA,NA,"md","ez6rw",66,0
"w7tgb",0,31,6,"dm5v0",60,0,"fd",NA,NA,NA
"bg22a",1,51,12,"svm7v",76,9,"fs",NA,NA,NA
"z9ad8",1,44,12,NA,NA,NA,"ms","mea4s",79,0
"ls6na",0,32,0,NA,NA,NA,"md","hbbz3",57,0
"ij35t",1,31,0,NA,NA,NA,"ms","ohduy",61,3
"ucdyd",0,39,0,"kbzgk",66,0,"fd",NA,NA,NA
"hnjo7",0,36,0,NA,NA,NA,"md","vwxsy",61,0
"v03mt",1,20,4,"ju28f",60,0,"fs",NA,NA,NA
"g1uex",0,30,12,NA,NA,NA,"md","znk20",70,0
"w7cjd",0,22,9,"wtlmm",49,6,"fd",NA,NA,NA
"uesel",1,21,6,NA,NA,NA,"ms","gdjni",44,0
"erxcw",1,23,12,NA,NA,NA,"ms","febh0",46,0
"v28v0",0,25,13,NA,NA,NA,"md","rmudr",44,3
"p9wkf",0,52,0,NA,NA,NA,"md","npvvy",74,0
"rkbbl",1,31,9,NA,NA,NA,"ms","ewtnl",75,0
"ab3na",0,51,0,NA,NA,NA,"md","uooum",74,0
"y6plf",1,22,14,NA,NA,NA,"ms","lsco1",45,0
"nvv5w",0,32,8,"hk4ni",71,0,"fd",NA,NA,NA
"f1aft",0,26,8,"uzug6",62,3,"fd",NA,NA,NA
"pmyz3",1,18,10,"ajdwf",38,4,"fs",NA,NA,NA
"gjc2m",1,25,6,"hmz30",50,0,"fs",NA,NA,NA
"cfoo7",0,19,11,NA,NA,NA,"md","vpsdw",37,3
"gb1gf",0,18,9,"n9jz3",41,5,"fd",NA,NA,NA
"mvu3l",0,41,0,NA,NA,NA,"md","yuyda",69,0
"pcgtg",0,39,6,NA,NA,NA,"md","ljd2v",62,0
"p5b67",0,23,6,"kfyoa",52,0,"fd",NA,NA,NA
"enmu3",0,18,10,NA,NA,NA,"md","zm4y9",36,0
"q65wc",1,41,0,NA,NA,NA,"ms","blmp6",80,0
"hmfob",1,44,12,NA,NA,NA,"ms","pf36b",68,0
"sy9cg",0,19,12,NA,NA,NA,"md","untip",39,0
"pzg82",1,23,6,"qawdz",53,0,"fs",NA,NA,NA
"zvyj1",0,22,14,"hk4ni",71,0,"fd",NA,NA,NA
"p3jq3",1,35,6,NA,NA,NA,"ms","d7q5r",70,0
"pvixe",0,43,9,"g4jvl",70,5,"fd",NA,NA,NA
"p5b67",0,23,6,NA,NA,NA,"md","zny2x",44,0
"x2za3",0,32,0,NA,NA,NA,"md","d17jl",57,0
"erxcw",1,23,12,"lgcn4",53,0,"fs",NA,NA,NA
"nr78x",0,25,12,"d8izv",47,9,"fd",NA,NA,NA
"af8kk",0,18,6,NA,NA,NA,"md","set6y",47,0
"rw3uk",0,21,6,NA,NA,NA,"md","m695c",48,0
"uta52",0,31,9,"bxyuq",62,0,"fd",NA,NA,NA
"ue5px",1,25,9,"brr2s",56,0,"fs",NA,NA,NA
"jsqw4",1,18,12,"jyumi",45,6,"fs",NA,NA,NA
"lphc7",0,18,10,"dgudo",40,0,"fd",NA,NA,NA
"fcn3p",0,21,6,NA,NA,NA,"md","retho",44,3
"jzbwb",1,46,4,"poefa",69,12,"fs",NA,NA,NA
"jp53i",1,42,6,NA,NA,NA,"ms","n81c9",63,0
"fb57i",1,30,6,NA,NA,NA,"ms","xx094",58,0
"m7ch0",1,50,1,NA,NA,NA,"ms","ewtnl",75,0
"gka95",0,29,6,"ba3vh",59,6,"fd",NA,NA,NA
"dsf6a",1,19,12,NA,NA,NA,"ms","tco84",40,0
"cmt63",0,25,0,NA,NA,NA,"md","eqshu",48,0
"sjno3",1,24,6,"e5wt3",55,6,"fs",NA,NA,NA
"a4p70",1,47,9,NA,NA,NA,"ms","t7ar0",80,0
"gwn92",0,36,0,NA,NA,NA,"md","ngxb1",58,0
"zk693",0,34,0,NA,NA,NA,"md","xnz82",58,0
"syy4t",0,36,0,NA,NA,NA,"md","v8m8j",64,0
"n96mn",0,28,0,NA,NA,NA,"md","vti8r",53,0
"u9nfc",1,24,12,NA,NA,NA,"ms","y66ti",46,6
"x8grl",0,39,0,NA,NA,NA,"md","phcgm",60,0
"m4jrc",1,34,6,NA,NA,NA,"ms","d17jl",57,0
"dz8r8",0,34,6,NA,NA,NA,"md","cm1cw",55,0
"oybv6",0,38,3,NA,NA,NA,"md","tdl6v",59,0
"h80mt",1,34,3,"b45ws",59,5,"fs",NA,NA,NA
"k183n",0,29,9,NA,NA,NA,"md","e3gek",63,0
"jm9a9",1,24,10,"xiglu",54,6,"fs",NA,NA,NA
"hx612",1,27,6,NA,NA,NA,"ms","mk5hj",63,0
"vto3q",0,35,9,"vju3z",78,0,"fd",NA,NA,NA
"f1aft",0,26,8,NA,NA,NA,"md","ohduy",61,3
"ofai0",0,30,9,NA,NA,NA,"md","idjmh",51,3
"jnmd6",0,25,7,NA,NA,NA,"md","f3436",55,0
"hoxc2",0,37,0,"xy1c6",65,0,"fd",NA,NA,NA
"p21b6",1,28,12,NA,NA,NA,"ms","feltt",51,3
"tmmv5",0,20,12,NA,NA,NA,"md","l0svu",46,0
"swx7r",1,45,8,NA,NA,NA,"ms","ewtnl",75,0
"sfyky",0,54,4,NA,NA,NA,"md","iz5py",79,0
"xzv1h",0,46,5,NA,NA,NA,"md","iz5py",79,0
"vre33",0,43,0,NA,NA,NA,"md","jc5d9",70,0
"wb5sr",1,22,6,NA,NA,NA,"ms","zvuzt",42,0
"qyv1k",0,25,9,NA,NA,NA,"md","l0svu",46,0
"f0wxg",1,23,9,"cjruj",55,9,"fs",NA,NA,NA
"a82uz",0,18,11,NA,NA,NA,"md","c0ro2",45,0
"ndmmn",1,28,9,NA,NA,NA,"ms","mrlhx",72,0
"zlwr5",1,21,16,"w6d0n",54,6,"fs",NA,NA,NA
"g977a",0,32,9,NA,NA,NA,"md","yagwa",63,0
"hg4yv",1,22,6,NA,NA,NA,"ms","w1ly9",58,0
"eoiq5",0,45,0,NA,NA,NA,"md","marb1",72,0
"t5wjm",0,18,9,NA,NA,NA,"md","f36s7",40,0
"v0y1o",0,30,9,NA,NA,NA,"md","xmopb",56,4
"ike4c",0,37,0,NA,NA,NA,"md","af5sv",59,0
"uldmw",0,40,9,NA,NA,NA,"md","fx58w",62,0
"zeoyi",0,44,0,NA,NA,NA,"md","znk20",70,0
"deh1i",1,43,9,NA,NA,NA,"ms","olzd0",67,0
"wuj09",0,25,9,NA,NA,NA,"md","dcg2d",52,0
"ge8fs",0,42,0,NA,NA,NA,"md","dabuy",66,0
"bm0uu",0,30,12,NA,NA,NA,"md","fld5u",61,0
"jmjgh",1,39,0,NA,NA,NA,"ms","d7q5r",70,0
"h4ci9",0,45,0,NA,NA,NA,"md","sv29k",75,0
"l10kq",0,29,6,"nbecg",62,0,"fd",NA,NA,NA
"pnbt5",1,37,9,NA,NA,NA,"ms","mrlhx",72,0
"xjhl0",0,28,6,"wxmhg",54,0,"fd",NA,NA,NA
"o9mbb",0,17,9,"rot6l",45,0,"fd",NA,NA,NA
"qihjt",0,28,9,"uzug6",62,3,"fd",NA,NA,NA
"y07ua",1,27,6,NA,NA,NA,"ms","ggi09",53,0
"ndfau",0,18,14,"uzo8w",47,2,"fd",NA,NA,NA
"a3la2",1,19,6,NA,NA,NA,"ms","x8grl",39,0
"kbz2f",0,30,3,NA,NA,NA,"md","gnst1",58,0
"rrtyx",1,21,9,"h7y0g",46,9,"fs",NA,NA,NA
"cxlpv",1,33,6,NA,NA,NA,"ms","zdkja",68,0
"hvn4s",1,21,3,NA,NA,NA,"ms","nlc2e",45,0
"gqx1t",0,25,6,"nmqlx",54,0,"fd",NA,NA,NA
"v28v0",0,25,13,"zy9a3",47,9,"fd",NA,NA,NA
"si8hn",0,38,0,"ka6b5",73,0,"fd",NA,NA,NA
"njqns",1,50,16,NA,NA,NA,"ms","marb1",72,0
"jypar",0,35,0,NA,NA,NA,"md","xx094",58,0
"j5yaq",1,45,9,NA,NA,NA,"ms","d7q5r",70,0
"mlu9r",1,45,9,NA,NA,NA,"ms","zgpi8",67,0
"ykpw4",0,36,9,NA,NA,NA,"md","ljd2v",62,0
"qn3ku",0,33,0,NA,NA,NA,"md","bls1j",71,0
"xiyno",1,32,6,"x9rqq",63,6,"fs",NA,NA,NA
"brqqp",1,20,9,"u5pd6",43,6,"fs",NA,NA,NA
"r3z4g",1,23,12,NA,NA,NA,"ms","eoiq5",45,0
"hoexq",0,22,0,NA,NA,NA,"md","xo1dk",42,0
"wfr0p",0,17,11,NA,NA,NA,"md","yiw3t",34,0
"l23dv",0,25,16,NA,NA,NA,"md","esqmi",44,0
"fiuxj",0,38,6,NA,NA,NA,"md","c1q2w",64,2
"hvn4s",1,21,3,"s2xfn",51,0,"fs",NA,NA,NA
"p21b6",1,28,12,"yif2y",53,0,"fs",NA,NA,NA
"g6389",1,31,9,NA,NA,NA,"ms","e5j0g",70,0
"r8wt5",1,18,8,NA,NA,NA,"ms","irm8i",40,9
"xcths",0,26,15,NA,NA,NA,"md","rsjod",52,6
"odpnp",1,29,6,NA,NA,NA,"ms","m695c",48,0
"m9hyu",1,45,9,NA,NA,NA,"ms","pnf5r",66,0
"i0frw",1,17,12,"hhkl7",42,12,"fs",NA,NA,NA
"xoxct",0,40,0,NA,NA,NA,"md","vwxsy",61,0
"uou8t",1,38,0,NA,NA,NA,"ms","ji6gp",55,0
"egn8b",0,35,7,NA,NA,NA,"md","tyj60",77,0
"bnwa0",1,18,12,NA,NA,NA,"ms","v4fb3",38,5
"c5eul",0,33,12,NA,NA,NA,"md","jxhqi",65,0
"w0y1e",0,46,16,NA,NA,NA,"md","rp5vu",83,0
"x99k1",1,21,6,NA,NA,NA,"ms","dkzzw",42,0
"xc76u",0,17,6,"rfbib",41,6,"fd",NA,NA,NA
"m2aut",0,43,0,NA,NA,NA,"md","p4rng",60,0
"o3jec",1,23,12,NA,NA,NA,"ms","bgxto",42,0
"jipts",0,34,0,NA,NA,NA,"md","ez6rw",66,0
"zsnty",1,46,0,NA,NA,NA,"ms","ez6rw",66,0
"mkde0",0,17,6,NA,NA,NA,"md","ksyel",34,0
"sqkq5",0,29,12,"w39w2",60,9,"fd",NA,NA,NA
"f2xpk",1,47,9,NA,NA,NA,"ms","lbyab",66,0
"j077a",0,32,9,NA,NA,NA,"md","u5lcy",58,0
"g29n5",1,25,6,NA,NA,NA,"ms","pg902",51,0
"ekh3y",0,35,6,"ka6b5",73,0,"fd",NA,NA,NA
"fiuxj",0,38,6,"v6v0o",75,0,"fd",NA,NA,NA
"wbwif",1,22,6,"olivu",56,0,"fs",NA,NA,NA
"dz8r8",0,34,6,"x9rqq",63,6,"fd",NA,NA,NA
"dzg1q",0,18,11,"z7qiz",41,0,"fd",NA,NA,NA
"pyb8u",1,28,5,NA,NA,NA,"ms","x0jgd",59,0
"lcip5",0,31,9,"m9uvu",56,0,"fd",NA,NA,NA
"roc73",0,40,0,NA,NA,NA,"md","pf36b",68,0
"rsjod",0,52,6,NA,NA,NA,"md","gvexz",79,0
"ubia3",1,39,6,NA,NA,NA,"ms","p4rng",60,0
"j11gs",1,27,6,NA,NA,NA,"ms","m695c",48,0
"y36a5",0,17,9,NA,NA,NA,"md","s1ud0",38,0
"v967i",1,21,6,NA,NA,NA,"ms","dkzzw",42,0
"j8l98",1,28,4,"mihe1",57,0,"fs",NA,NA,NA
"yvcs1",1,33,6,NA,NA,NA,"ms","pnf5r",66,0
"ymf7a",1,25,12,"cddqt",43,0,"fs",NA,NA,NA
"q04dx",1,39,12,NA,NA,NA,"ms","tyj60",77,0
"zkrc2",1,25,6,NA,NA,NA,"ms","ez092",52,0
"p5a67",0,32,6,NA,NA,NA,"md","qgg2k",62,0
"i2a2c",0,37,0,"x9rqq",63,6,"fd",NA,NA,NA
"lwxj5",0,48,0,"ibf39",71,0,"fd",NA,NA,NA
"yukvq",1,38,0,NA,NA,NA,"ms","iz5py",79,0
"nh10j",1,27,12,"buqvq",51,0,"fs",NA,NA,NA
"ot1x6",1,26,6,"fk962",55,6,"fs",NA,NA,NA
"dzchy",1,20,6,NA,NA,NA,"ms","set6y",47,0
"id24p",1,39,0,NA,NA,NA,"ms","hniud",65,0
"flvph",1,39,9,NA,NA,NA,"ms","u5lcy",58,0
"j8l98",1,28,4,NA,NA,NA,"ms","idjmh",51,3
"kg44t",1,38,9,"ev6ni",71,0,"fs",NA,NA,NA
"o9mbb",0,17,9,NA,NA,NA,"md","iqb45",42,0
"hx612",1,27,6,"hk4ni",71,0,"fs",NA,NA,NA
"qnbbq",1,24,9,"v0hrc",52,0,"fs",NA,NA,NA
"qlqmd",0,20,13,NA,NA,NA,"md","y5ycg",45,12
"jlq0t",1,21,6,NA,NA,NA,"ms","ejodp",68,0
"z6rgz",1,30,9,"b45ws",59,5,"fs",NA,NA,NA
"pwndw",0,40,0,NA,NA,NA,"md","cvjyy",57,0
"axdeo",0,40,12,NA,NA,NA,"md","jc5d9",70,0
"gnu27",1,31,6,NA,NA,NA,"ms","c1q2w",64,2
"mlwlr",0,24,6,"aqry0",76,0,"fd",NA,NA,NA
"wjq2w",1,34,0,"z5vjj",65,9,"fs",NA,NA,NA
"ape8n",1,29,6,NA,NA,NA,"ms","hpcil",52,0
"fe3de",0,22,15,NA,NA,NA,"md","rsjod",52,6
"ox6lt",0,34,0,"f262g",69,0,"fd",NA,NA,NA
"d8if8",0,43,0,NA,NA,NA,"md","yuyda",69,0
"yjmd6",0,24,9,NA,NA,NA,"md","nlc2e",45,0
"zjk5w",1,25,9,NA,NA,NA,"ms","cvjyy",57,0
"f04oq",0,56,0,NA,NA,NA,"md","tyj60",77,0
"ucz1f",0,43,0,NA,NA,NA,"md","rz0al",71,0
"tsudt",0,24,6,"kfyoa",52,0,"fd",NA,NA,NA
"by9bq",0,35,9,"isbkk",72,15,"fd",NA,NA,NA
"ym2j9",0,31,6,NA,NA,NA,"md","vwxsy",61,0
"q4rpb",1,44,9,NA,NA,NA,"ms","dchvt",70,0
"o9x3w",1,32,0,NA,NA,NA,"ms","v8m8j",64,0
"izzo7",0,21,7,NA,NA,NA,"md","md3cf",45,0
"rlxlp",0,34,0,NA,NA,NA,"md","uhbch",61,0
"oyxao",1,25,4,"ju28f",60,0,"fs",NA,NA,NA
"efdup",0,38,0,NA,NA,NA,"md","qgg2k",62,0
"inmo2",0,35,5,NA,NA,NA,"md","u5lcy",58,0
"xqo24",0,40,0,NA,NA,NA,"md","e1ss0",61,0
"fqos0",1,36,6,NA,NA,NA,"ms","d17jl",57,0
"yyceg",0,31,0,NA,NA,NA,"md","xnz82",58,0
"yjyv2",0,25,4,"m9uvu",56,0,"fd",NA,NA,NA
"irm8i",0,40,9,NA,NA,NA,"md","sv29k",75,0
"ghdgd",1,35,6,"dm5v0",60,0,"fs",NA,NA,NA
"bk0xu",1,34,9,NA,NA,NA,"ms","rsjod",52,6
"kzl50",1,26,9,"s24zr",50,9,"fs",NA,NA,NA
"z61t5",1,38,12,NA,NA,NA,"ms","dd0mp",67,0
"fk962",1,55,6,NA,NA,NA,"ms","swfpz",80,0
"tryw8",1,30,0,NA,NA,NA,"ms","qgg2k",62,0
"ko7qo",0,39,9,NA,NA,NA,"md","iaj7v",66,0
"fcn3p",0,21,6,"fcii8",42,5,"fd",NA,NA,NA
"txdzz",1,17,11,"tg1xw",39,9,"fs",NA,NA,NA
"oz1kl",0,22,15,NA,NA,NA,"md","fl02b",48,2
"zvyj1",0,22,14,NA,NA,NA,"md","mk5hj",63,0
"kn74n",0,43,0,NA,NA,NA,"md","lfqwc",71,0
"yh4m4",0,38,12,NA,NA,NA,"md","vwxsy",61,0
"zfm7e",1,36,9,NA,NA,NA,"ms","w5u0x",68,0
"calad",0,21,12,NA,NA,NA,"md","febh0",46,0
"lv46m",0,33,0,NA,NA,NA,"md","blmp6",80,0
"bv3sh",0,37,5,NA,NA,NA,"md","l1wk4",67,0
"tfax1",1,61,6,NA,NA,NA,"ms","rp5vu",83,0
"xcths",0,26,15,"xzied",55,15,"fd",NA,NA,NA
"tvzv7",1,45,4,NA,NA,NA,"ms","jc5d9",70,0
"ycgz2",1,27,6,"w6d0n",54,6,"fs",NA,NA,NA
"q4iu2",0,32,9,"botsj",58,6,"fd",NA,NA,NA
"dyya2",1,40,9,NA,NA,NA,"ms","l1wk4",67,0
"a113y",1,38,0,"yvzpn",65,0,"fs",NA,NA,NA
"tbp4r",0,34,12,NA,NA,NA,"md","y3jc9",66,0
"vto3q",0,35,9,NA,NA,NA,"md","e5j0g",70,0
"wwngg",1,34,6,NA,NA,NA,"ms","v8m8j",64,0
"jtksg",1,60,6,NA,NA,NA,"ms","swfpz",80,0
"g6389",1,31,9,"vju3z",78,0,"fs",NA,NA,NA
"dd70m",0,20,12,NA,NA,NA,"md","hbo87",42,6
"j2i1x",1,19,9,NA,NA,NA,"ms","m4bfw",43,0
"bn1xz",1,17,12,NA,NA,NA,"ms","g9aac",37,0
"nur2u",0,32,0,"olivu",56,0,"fd",NA,NA,NA
"q9jy3",1,23,4,NA,NA,NA,"ms","cjxd3",52,5
"w7cjd",0,22,9,NA,NA,NA,"md","fb2zx",44,9
"uzo8w",1,47,2,NA,NA,NA,"ms","przl7",72,0
"gb1gf",0,18,9,NA,NA,NA,"md","zwinv",37,0
"hv97b",0,23,6,NA,NA,NA,"md","npvvy",74,0
"dsf6a",1,19,12,"b0r78",40,6,"fs",NA,NA,NA
"x3fsa",1,33,0,NA,NA,NA,"ms","xsde5",53,0
"xjgro",0,17,12,NA,NA,NA,"md","h5lg9",37,0
"rekni",0,41,0,NA,NA,NA,"md","lbyab",66,0
"qew2w",0,38,0,NA,NA,NA,"md","e25ge",75,0
"prfrm",0,50,0,NA,NA,NA,"md","iz5py",79,0
"cxqum",1,35,9,NA,NA,NA,"ms","e5j0g",70,0
"gjc2m",1,25,6,NA,NA,NA,"ms","o2rm6",51,0
"bpxa2",1,38,0,"g4jvl",70,5,"fs",NA,NA,NA
"qihjt",0,28,9,NA,NA,NA,"md","ohduy",61,3
"mgdsz",1,25,6,NA,NA,NA,"ms","xo1dk",42,0
"qzgpy",1,44,6,NA,NA,NA,"ms","rnixx",61,0
"lzemt",1,25,12,NA,NA,NA,"ms","pb5kv",43,0
"a2rk4",0,40,9,NA,NA,NA,"md","e5j0g",70,0
"gdjni",0,44,0,NA,NA,NA,"md","yn5mn",72,0
"w03p1",0,35,12,NA,NA,NA,"md","olzd0",67,0
"a113y",1,38,0,NA,NA,NA,"ms","tugwy",62,0
"u2j81",0,24,9,NA,NA,NA,"md","hniud",65,0
"tpzqw",0,21,9,NA,NA,NA,"md","vl4up",38,0
"e9fmr",0,19,6,"edj85",37,0,"fd",NA,NA,NA
"cddqt",1,43,0,NA,NA,NA,"ms","waqhp",80,0
"uc6cw",1,36,9,NA,NA,NA,"ms","przl7",72,0
"vz93l",0,19,9,NA,NA,NA,"md","qnpir",42,0
"xbect",0,41,0,NA,NA,NA,"md","npvvy",74,0
"xhkjg",0,27,0,"nbecg",62,0,"fd",NA,NA,NA
"em0w0",1,25,9,"wtlmm",49,6,"fs",NA,NA,NA
"bmqvl",0,19,10,"fcii8",42,5,"fd",NA,NA,NA
"s9w04",0,35,0,NA,NA,NA,"md","g7gzw",75,0
"ns9mr",1,34,12,NA,NA,NA,"ms","yurld",73,0
"e3tq7",0,19,6,"w7u89",41,0,"fd",NA,NA,NA
"uj2xa",1,42,0,NA,NA,NA,"ms","vykrb",77,0
"vqv52",1,27,16,"mrl9x",50,6,"fs",NA,NA,NA
"otq15",1,39,0,NA,NA,NA,"ms","mkyvm",75,0
"m9hyu",1,45,9,"isbkk",72,15,"fs",NA,NA,NA
"lwxj5",0,48,0,NA,NA,NA,"md","jc5d9",70,0
"spflh",1,33,3,NA,NA,NA,"ms","g7gzw",75,0
"tqdjd",0,32,0,NA,NA,NA,"md","sv29k",75,0
"ht7ff",0,41,0,NA,NA,NA,"md","c1q2w",64,2
"efbyj",1,39,0,NA,NA,NA,"ms","qbvjo",61,0
"vp4k0",0,34,6,NA,NA,NA,"md","mrlhx",72,0
"hxa2y",0,28,6,NA,NA,NA,"md","znk20",70,0
"ekh3y",0,35,6,NA,NA,NA,"md","jxhqi",65,0
"rn4vk",0,50,0,NA,NA,NA,"md","yuyda",69,0
"stbcu",1,26,6,NA,NA,NA,"ms","hniud",65,0
"e5ws1",0,28,9,"aqry0",76,0,"fd",NA,NA,NA
"ih2bz",1,55,3,NA,NA,NA,"ms","g7gzw",75,0
"srrh5",0,38,0,"hk4ni",71,0,"fd",NA,NA,NA
"gwn92",0,36,0,"dh644",61,0,"fd",NA,NA,NA
"neaqh",1,23,9,"h7y0g",46,9,"fs",NA,NA,NA
"r7u8w",0,28,9,NA,NA,NA,"md","w1ly9",58,0
"gupqo",0,29,6,NA,NA,NA,"md","af5sv",59,0
"qnbbq",1,24,9,NA,NA,NA,"ms","vti8r",53,0
"hfst1",0,17,10,NA,NA,NA,"md","f0s4v",39,1
"hbo87",0,42,6,"vju3z",78,0,"fd",NA,NA,NA
"pw8xf",0,23,0,"n1qzu",49,9,"fd",NA,NA,NA
"v6mad",1,21,7,NA,NA,NA,"ms","ixiqe",40,0
"bnwa0",1,18,12,"brax9",43,5,"fs",NA,NA,NA
"uwspw",1,22,6,NA,NA,NA,"ms","pg902",51,0
"cds90",0,17,9,NA,NA,NA,"md","r2yn6",39,2
"xhkjg",0,27,0,NA,NA,NA,"md","qbvjo",61,0
"uldmw",0,40,9,"f262g",69,0,"fd",NA,NA,NA
"fmqzs",1,33,0,NA,NA,NA,"ms","w5u0x",68,0
"w1ly9",0,58,0,NA,NA,NA,"md","mea4s",79,0
"k1oc7",0,22,16,NA,NA,NA,"md","dmi0m",51,0
"wb5sr",1,22,6,"avh6a",50,6,"fs",NA,NA,NA
"mi8pa",0,26,6,NA,NA,NA,"md","vwxsy",61,0
"piw0c",1,23,9,NA,NA,NA,"ms","rmudr",44,3
"dkgd5",1,36,0,NA,NA,NA,"ms","su58r",67,0
"ycgz2",1,27,6,NA,NA,NA,"ms","ez092",52,0
"gc3e2",0,36,9,NA,NA,NA,"md","fld5u",61,0
"vk9cv",1,23,9,"u5pd6",43,6,"fs",NA,NA,NA
"afzna",1,17,9,NA,NA,NA,"ms","dkech",37,4
"azgfp",1,34,9,"hmz30",50,0,"fs",NA,NA,NA
"y18rc",0,23,7,NA,NA,NA,"md","rm0au",44,0
"owxwx",1,56,0,NA,NA,NA,"ms","mea4s",79,0
"nr78x",0,25,12,NA,NA,NA,"md","eoiq5",45,0
"baqt3",1,21,13,"v6v0o",75,0,"fs",NA,NA,NA
"zstt0",0,44,9,NA,NA,NA,"md","yurld",73,0
"v2jv0",1,32,6,"j2fcz",66,0,"fs",NA,NA,NA
"bfksg",1,36,6,NA,NA,NA,"ms","g6qzh",59,0
"vl6a1",0,23,16,NA,NA,NA,"md","a0ksr",40,0
"t3luq",0,34,6,NA,NA,NA,"md","ewtnl",75,0
"jm9a9",1,24,10,NA,NA,NA,"ms","ggi09",53,0
"z6rgz",1,30,9,NA,NA,NA,"ms","cvjyy",57,0
"f887t",1,22,9,NA,NA,NA,"ms","pb5kv",43,0
"ek74g",0,22,14,NA,NA,NA,"md","zcchx",40,0
"exp42",0,25,9,"dm5v0",60,0,"fd",NA,NA,NA
"a53g3",1,49,8,NA,NA,NA,"ms","tyj60",77,0
"xx094",0,58,0,NA,NA,NA,"md","rp5vu",83,0
"pvixe",0,43,9,NA,NA,NA,"md","yuyda",69,0
"neaqh",1,23,9,NA,NA,NA,"ms","esqmi",44,0
"vk9cv",1,23,9,NA,NA,NA,"ms","jvprb",46,0
"vjbf2",1,44,6,"jc7qj",76,0,"fs",NA,NA,NA
"scxwr",1,39,6,NA,NA,NA,"ms","v8m8j",64,0
"fwm5h",0,17,9,"uj2xa",42,0,"fd",NA,NA,NA
"rrtyx",1,21,9,NA,NA,NA,"ms","esqmi",44,0
"nh10j",1,27,12,NA,NA,NA,"ms","or8ok",46,0
"f0yq4",0,43,0,NA,NA,NA,"md","d3hhv",70,0
"ek74g",0,22,14,"xhk2v",51,0,"fd",NA,NA,NA
"oz4xx",1,17,12,NA,NA,NA,"ms","y66ti",46,6
"vcp0m",0,41,12,NA,NA,NA,"md","mea4s",79,0
"cfsog",0,35,0,NA,NA,NA,"md","jbg0v",56,0
"iaai4",1,33,5,"aqry0",76,0,"fs",NA,NA,NA
"ecfwl",1,22,12,NA,NA,NA,"ms","d8if8",43,0
"kzl50",1,26,9,NA,NA,NA,"ms","eujqb",48,0
"w28ke",0,21,9,NA,NA,NA,"md","qnpir",42,0
"xpvyf",0,26,6,NA,NA,NA,"md","xx094",58,0
"qnpir",0,42,0,NA,NA,NA,"md","xxcb2",65,0
"jriap",1,27,4,NA,NA,NA,"ms","wsmgs",66,0
"bojob",1,29,0,"hk4ni",71,0,"fs",NA,NA,NA
"wl3w1",0,31,9,NA,NA,NA,"md","dcg2d",52,0
"ni752",0,18,9,NA,NA,NA,"md","dtixk",40,0
"bvwpb",0,36,0,"hk4ni",71,0,"fd",NA,NA,NA
"kn3ob",0,25,12,NA,NA,NA,"md","il9la",51,0
"rn71g",0,32,0,NA,NA,NA,"md","jbg0v",56,0
"ducdo",0,33,0,NA,NA,NA,"md","d7q5r",70,0
"ipw5h",0,32,9,"mihe1",57,0,"fd",NA,NA,NA
"ctwqk",0,28,9,"xap9e",59,0,"fd",NA,NA,NA
"vz3xp",1,46,9,"ev6ni",71,0,"fs",NA,NA,NA
"si6o9",0,35,0,NA,NA,NA,"md","cpwgz",59,0
"guss3",1,19,6,NA,NA,NA,"ms","vomyc",36,0
"pmyz3",1,18,10,NA,NA,NA,"ms","hsq6e",38,2
"xjhl0",0,28,6,NA,NA,NA,"md","cjxd3",52,5
"q7lfa",0,21,9,NA,NA,NA,"md","hinp8",45,0
"s39ym",0,20,6,NA,NA,NA,"md","q5bdn",45,0
"l1x9e",1,22,9,NA,NA,NA,"ms","d8ebp",44,5
"yzfox",1,37,3,NA,NA,NA,"ms","dchvt",70,0
"ot1x6",1,26,6,NA,NA,NA,"ms","kn74n",43,0
"duwzw",1,35,3,NA,NA,NA,"ms","v2hhj",57,0
"wbwif",1,22,6,NA,NA,NA,"ms","crn3q",51,0
"pvugh",1,29,6,NA,NA,NA,"ms","d17jl",57,0
"pzg82",1,23,6,NA,NA,NA,"ms","f3436",55,0
"cwpbn",0,23,12,"uzo8w",47,2,"fd",NA,NA,NA
"r3z4g",1,23,12,"d8izv",47,9,"fs",NA,NA,NA
"mkde0",0,17,6,"on5lu",43,6,"fd",NA,NA,NA
"o1j74",1,21,6,NA,NA,NA,"ms","ro5ya",53,0
"n10xx",1,30,0,NA,NA,NA,"ms","crn3q",51,0
"beejp",1,29,12,"x9rqq",63,6,"fs",NA,NA,NA
"kfyoa",1,52,0,NA,NA,NA,"ms","w5u0x",68,0
"bfksg",1,36,6,"hrn6i",65,0,"fs",NA,NA,NA
"ijhll",1,32,9,NA,NA,NA,"ms","ez6rw",66,0
"aregf",1,17,10,NA,NA,NA,"ms","hbo87",42,6
"j9lg8",0,33,16,NA,NA,NA,"md","eleij",64,0
"jbc8j",0,36,0,NA,NA,NA,"md","blmp6",80,0
"qqjix",1,35,3,"svm7v",76,9,"fs",NA,NA,NA
"m4jrc",1,34,6,"kbzgk",66,0,"fs",NA,NA,NA
"x4jiw",1,33,4,"vk71d",67,0,"fs",NA,NA,NA
"gjhf9",1,40,2,NA,NA,NA,"ms","yagwa",63,0
"ipw5h",0,32,9,NA,NA,NA,"md","idjmh",51,3
"azirh",1,32,6,NA,NA,NA,"ms","ec5k1",54,0
"yvcs1",1,33,6,"isbkk",72,15,"fs",NA,NA,NA
"vy7je",0,20,8,NA,NA,NA,"md","fviv4",56,0
"b1rce",0,33,0,NA,NA,NA,"md","ec5k1",54,0
"zcw9w",0,27,12,"cjruj",55,9,"fd",NA,NA,NA
"jkn4w",0,38,0,NA,NA,NA,"md","g7gzw",75,0
"gw8pm",1,41,0,NA,NA,NA,"ms","gnst1",58,0
"op354",0,31,0,"pit7k",66,0,"fd",NA,NA,NA
"wl3w1",0,31,9,"oa21f",61,9,"fd",NA,NA,NA
"u6asr",1,39,6,NA,NA,NA,"ms","h60ab",67,0
"dume2",0,25,6,"lk2l8",49,0,"fd",NA,NA,NA
"seqbq",1,18,10,NA,NA,NA,"ms","oybv6",38,3
"kinxl",1,21,12,"e5wt3",55,6,"fs",NA,NA,NA
"qd1ia",0,31,0,"ju28f",60,0,"fd",NA,NA,NA
"vlac4",1,18,6,NA,NA,NA,"ms","flbke",39,0
"vdl1s",0,44,0,NA,NA,NA,"md","vcdmc",71,0
"i2a2c",0,37,0,NA,NA,NA,"md","cm1cw",55,0
"ksyel",0,34,0,NA,NA,NA,"md","mkyvm",75,0
"dsptb",1,35,0,NA,NA,NA,"ms","b8uuy",66,0
"sn4tj",1,21,9,"z0w7o",49,9,"fs",NA,NA,NA
"lmv0d",0,39,0,"soet5",83,0,"fd",NA,NA,NA
"kxa9b",0,21,9,NA,NA,NA,"md","bgxto",42,0
"o4dzk",0,53,3,NA,NA,NA,"md","g7gzw",75,0
"y07ua",1,27,6,"xiglu",54,6,"fs",NA,NA,NA
"ue5px",1,25,9,NA,NA,NA,"ms","g6r1a",49,0
"jnmd6",0,25,7,"qawdz",53,0,"fd",NA,NA,NA
"oawhl",1,45,0,NA,NA,NA,"ms","bls1j",71,0
"hbdva",1,29,4,NA,NA,NA,"ms","v2hhj",57,0
"sjno3",1,24,6,NA,NA,NA,"ms","svpq3",52,6
"v27s5",1,25,9,NA,NA,NA,"ms","rudxo",50,0
"pbw1q",1,39,99,NA,NA,NA,"ms","bls1j",71,0
"x4jiw",1,33,4,NA,NA,NA,"ms","n81c9",63,0
"vyb3z",1,37,0,NA,NA,NA,"ms","cpwgz",59,0
"cca4h",1,32,1,"z5vjj",65,9,"fs",NA,NA,NA
"hr7vx",0,20,13,"tvzv7",45,4,"fd",NA,NA,NA
"p0abc",1,40,6,NA,NA,NA,"ms","ewtnl",75,0
"mvjnb",0,44,0,NA,NA,NA,"md","l1wk4",67,0
"b1ziz",0,22,12,NA,NA,NA,"md","ro5ya",53,0
"qt3vy",0,33,0,NA,NA,NA,"md","vwxsy",61,0
"el3b8",0,17,12,NA,NA,NA,"md","kibpf",43,0
"ed20a",1,22,6,"gj276",55,6,"fs",NA,NA,NA
"guss3",1,19,6,"i0393",39,6,"fs",NA,NA,NA
"fpc79",1,22,16,NA,NA,NA,"ms","kn74n",43,0
"ygs8p",0,37,0,NA,NA,NA,"md","bls1j",71,0
"iq3wd",0,28,6,NA,NA,NA,"md","pg902",51,0
"v1a83",0,30,0,NA,NA,NA,"md","ez6rw",66,0
"sy9cg",0,19,12,"t58r3",48,8,"fd",NA,NA,NA
"y13pk",0,21,6,NA,NA,NA,"md","s0ava",45,0
"srrh5",0,38,0,NA,NA,NA,"md","mk5hj",63,0
"x6ocj",1,31,0,NA,NA,NA,"ms","y3jc9",66,0
"xc76u",0,17,6,NA,NA,NA,"md","k7nle",41,6
"ur85r",0,20,9,NA,NA,NA,"md","eqshu",48,0
"tbgsk",1,39,9,NA,NA,NA,"ms","zdkja",68,0
"oudsf",1,22,6,"h331g",49,0,"fs",NA,NA,NA
"iq3wd",0,28,6,"qgdo1",49,0,"fd",NA,NA,NA
"mjfk8",1,20,6,NA,NA,NA,"ms","f0yq4",43,0
"z61t5",1,38,12,"svm7v",76,9,"fs",NA,NA,NA
"i9q4p",0,30,6,NA,NA,NA,"md","n5jn3",59,0
"eff3v",0,23,6,NA,NA,NA,"md","s0ava",45,0
"x3fsa",1,33,0,"pit7k",66,0,"fs",NA,NA,NA
"ml50o",1,36,9,NA,NA,NA,"ms","xmopb",56,4
"a58uy",0,41,0,NA,NA,NA,"md","przl7",72,0
"baqt3",1,21,13,NA,NA,NA,"ms","c1q2w",64,2
"axdeo",0,40,12,"ibf39",71,0,"fd",NA,NA,NA
"bbx9l",1,40,6,NA,NA,NA,"ms","af5sv",59,0
"km1cy",1,33,4,NA,NA,NA,"ms","tugwy",62,0
"oz1kl",0,22,15,"n2c5b",46,5,"fd",NA,NA,NA
"l1x9e",1,22,9,"n1qzu",49,9,"fs",NA,NA,NA
"vre33",0,43,0,"ibf39",71,0,"fd",NA,NA,NA
"d0cjq",1,37,0,NA,NA,NA,"ms","n81c9",63,0
"r2vfh",1,27,8,"vss1w",52,12,"fs",NA,NA,NA
"bmqvl",0,19,10,NA,NA,NA,"md","retho",44,3
"n2xfl",0,27,9,NA,NA,NA,"md","g6r1a",49,0
"icmut",1,17,9,NA,NA,NA,"ms","m4bfw",43,0
"fe3de",0,22,15,"xzied",55,15,"fd",NA,NA,NA
"rn4vk",0,50,0,"g4jvl",70,5,"fd",NA,NA,NA
"vr6ic",0,17,9,NA,NA,NA,"md","a1bu9",40,0
"t50ar",0,33,6,NA,NA,NA,"md","x0jgd",59,0
"lmv0d",0,39,0,NA,NA,NA,"md","lbyab",66,0
"tvzv7",1,45,4,"ibf39",71,0,"fs",NA,NA,NA
"q859p",1,53,0,NA,NA,NA,"ms","e09h5",83,0
"nvv5w",0,32,8,NA,NA,NA,"md","mk5hj",63,0
"ucdyd",0,39,0,NA,NA,NA,"md","d17jl",57,0
"cfoo7",0,19,11,"tg1xw",39,9,"fd",NA,NA,NA
"fqos0",1,36,6,"kbzgk",66,0,"fs",NA,NA,NA
"piw0c",1,23,9,"zy9a3",47,9,"fs",NA,NA,NA
"zaehv",1,38,0,NA,NA,NA,"ms","sv29k",75,0
"dpmdi",0,24,6,"nmqlx",54,0,"fd",NA,NA,NA
"fpjp6",0,32,6,NA,NA,NA,"md","dabuy",66,0
"chm7h",1,29,6,NA,NA,NA,"ms","hbbz3",57,0
"r3yko",0,31,6,NA,NA,NA,"md","bls1j",71,0
"jqcgg",0,23,16,NA,NA,NA,"md","er0th",44,0
"gka95",0,29,6,NA,NA,NA,"md","e1ss0",61,0
"meenh",1,29,9,"d8ng1",55,5,"fs",NA,NA,NA
"kyvnw",1,19,12,NA,NA,NA,"ms","c0ro2",45,0
"maomi",0,34,0,NA,NA,NA,"md","i4tn1",60,0
"qtq5b",0,41,0,"yvzpn",65,0,"fd",NA,NA,NA
"oew7g",1,41,0,"xy1c6",65,0,"fs",NA,NA,NA
"dpmdi",0,24,6,NA,NA,NA,"md","lsco1",45,0
"gu9f3",1,30,0,NA,NA,NA,"ms","wsmgs",66,0
"dkb9e",1,38,6,NA,NA,NA,"ms","jc5d9",70,0
"ig7qi",0,32,6,NA,NA,NA,"md","uhbch",61,0
"h7ogn",0,34,12,"yif2y",53,0,"fd",NA,NA,NA
"kyvnw",1,19,12,"xa0hl",55,4,"fs",NA,NA,NA
"gyx1r",0,32,16,"hee22",66,0,"fd",NA,NA,NA
"sejk1",0,39,12,"a88sw",68,12,"fd",NA,NA,NA
"a82uz",0,18,11,"xa0hl",55,4,"fd",NA,NA,NA
"z7qiz",1,41,0,"soet5",83,0,"fs",NA,NA,NA
"mib7b",0,37,0,NA,NA,NA,"md","gnst1",58,0
"accix",1,27,9,NA,NA,NA,"ms","fld5u",61,0
"n10xx",1,30,0,"olivu",56,0,"fs",NA,NA,NA
"sqkq5",0,29,12,NA,NA,NA,"md","xaibu",57,6
"ahx0j",1,33,6,NA,NA,NA,"ms","rnixx",61,0
"h80mt",1,34,3,NA,NA,NA,"ms","cvjyy",57,0
"excju",1,43,9,NA,NA,NA,"ms","blmp6",80,0
"sv0s5",1,43,16,NA,NA,NA,"ms","dabuy",66,0
"am1fj",0,58,0,NA,NA,NA,"md","iz5py",79,0
"beejp",1,29,12,NA,NA,NA,"ms","cm1cw",55,0
"nrq1c",1,49,0,NA,NA,NA,"ms","npvvy",74,0
"icmut",1,17,9,"nhu98",45,2,"fs",NA,NA,NA
"j1eo5",1,37,3,NA,NA,NA,"ms","tdl6v",59,0
"rwqxq",0,30,15,"xzied",55,15,"fd",NA,NA,NA
"sms4j",1,18,9,"e45l2",55,9,"fs",NA,NA,NA
"nqler",1,49,6,NA,NA,NA,"ms","yn5mn",72,0
"dkb9e",1,38,6,"ibf39",71,0,"fs",NA,NA,NA
"qyews",1,31,12,NA,NA,NA,"ms","x0jgd",59,0
"s1ud0",0,38,0,NA,NA,NA,"md","blmp6",80,0
"f296h",0,25,12,"w39w2",60,9,"fd",NA,NA,NA
"a2rk4",0,40,9,"vju3z",78,0,"fd",NA,NA,NA
"mie5c",0,40,0,NA,NA,NA,"md","lfqwc",71,0
"b5911",0,31,0,NA,NA,NA,"md","jvweu",55,0
"iu16n",0,26,0,NA,NA,NA,"md","x0jgd",59,0
"sxj6u",0,41,6,"isbkk",72,15,"fd",NA,NA,NA
"saduj",0,46,0,NA,NA,NA,"md","pf36b",68,0
"spsqg",1,40,1,NA,NA,NA,"ms","x1pnr",79,0
"qpdnl",0,27,6,NA,NA,NA,"md","ec5k1",54,0
"vs2vc",1,45,0,"xy1c6",65,0,"fs",NA,NA,NA
"pje53",0,55,0,NA,NA,NA,"md","rp5vu",83,0
"usgeo",1,23,6,"z8fzd",49,0,"fs",NA,NA,NA
"z7c7a",1,46,5,NA,NA,NA,"ms","zdkja",68,0
"ly0wc",1,25,6,NA,NA,NA,"ms","crn3q",51,0
"pvugh",1,29,6,"kbzgk",66,0,"fs",NA,NA,NA
"urhno",0,20,13,"m9uvu",56,0,"fd",NA,NA,NA
"d93e7",0,45,0,"vk71d",67,0,"fd",NA,NA,NA
"cfgfg",1,34,0,NA,NA,NA,"ms","ejodp",68,0
"kcxgd",0,38,6,NA,NA,NA,"md","npvvy",74,0
"mcab0",0,29,0,"z8fzd",49,0,"fd",NA,NA,NA
"ma6im",0,31,0,NA,NA,NA,"md","yuyda",69,0
"r3lny",1,32,6,NA,NA,NA,"ms","ji6gp",55,0
"tzzhc",0,27,0,NA,NA,NA,"md","luuj9",56,2
"rzzc6",0,33,0,NA,NA,NA,"md","blmp6",80,0
"p1de7",1,42,6,"a88sw",68,12,"fs",NA,NA,NA
"wd8ni",1,22,6,NA,NA,NA,"ms","qgg2k",62,0
"zu3c9",0,28,0,NA,NA,NA,"md","ruq2x",51,0
"rbfjr",0,25,6,NA,NA,NA,"md","ngxb1",58,0
