"id","male","age","rs","mid","agem","rsm","fid","agef","rsf"
"jedul",1,20.81861739,0,"zei3x",42,6,"y01hx",48,6
"er9gd",0,74,3,"gcy29",NA,1,"qynlq",NA,1
"dmb3s",1,NA,0,NA,NA,NA,"kagxz",55,5
"szm04",1,20.49281314,0,"kby4w",50,1,"nlb3j",40,1
"g0kzw",1,NA,1,"p6hgw",NA,3,"visxp",NA,3
"nb5cz",1,17,0,NA,NA,NA,"lkjte",44,2
"l30oo",1,23,1,"svf0l",62,9,"xcypz",NA,8
"ulzku",0,48,5,NA,NA,NA,"yj07v",NA,1
"miiin",0,59.62765229,1,"bl8bd",NA,3,"ws1i5",NA,3
"z67cd",1,33.16084873,0,"w6ku2",NA,2,"ot0y5",NA,2
"n4g1c",0,21.10882957,1,"lg5wj",58,6,"b01r1",62,6
"ml4sf",0,21.87268994,0,"mcq2v",56,7,"sk6ab",56,4
"a2jyc",0,26.15468857,1,"twp17",54,5,"jaf2h",70,4
"c4563",0,NA,3,"qjee1",NA,2,"qlxz2",NA,2
"qg3qd",1,22.88569473,0,"gy9ug",47,5,"fb1da",53,5
"y3qmw",1,39.95071869,0,"lfv5d",67,9,"uoxxy",NA,11
"m7vrc",1,NA,1,"ueyf7",NA,2,"ql83s",NA,2
"cqd0w",0,49.07049966,4,"xvc6k",76,3,"kq41v",64,3
"jzeem",1,NA,2,NA,NA,NA,"w15zx",NA,2
"lkjte",1,43.57289528,2,"ugl72",65,1,NA,NA,NA
"j9ril",0,23.76180698,1,"s2fmg",50,2,NA,NA,NA
"mr09v",1,19,0,"m5j93",47,2,"fdlbb",46,2
"o1cwk",1,16.19712526,0,"jq6qf",37,4,"bw55a",NA,3
"q6urs",1,45.08966461,6,"fx4t9",NA,4,"lth2t",NA,4
"inreo",1,49.68925394,7,NA,NA,NA,"ibag8",NA,3
"loynm",0,41.229295,4,"qo7v2",69,5,"ydgtw",NA,5
"nolq7",0,36.79945243,1,"z5kux",NA,1,NA,NA,NA
"swwvp",0,52,3,"ohk5a",74,3,"pe4mt",NA,3
"maoc3",0,19.04722793,1,"goksu",45,2,NA,NA,NA
"nvfcv",1,35,1,"r2lf5",NA,2,"mp7qj",NA,2
"feko3",0,38.28884326,0,"jel8y",70,6,"w1mcu",78,6
"huzt3",0,60.49281314,1,"ktun4",NA,3,"lljxx",NA,3
"f3aox",0,16.31485284,0,"atrhk",40,4,"cw6c0",29,4
"lv8hm",0,38.05065024,4,"oolpr",59,4,"e5mhw",NA,4
"x50rk",0,43.05817933,3,"oolpr",59,4,"e5mhw",NA,4
"gbq7g",0,19.71526352,0,"rlk6c",38,7,"inreo",50,7
"c3trh",0,21.29226557,0,"w1k2k",43,4,"e2h3n",52,4
"w5b0a",0,38.41204654,0,"q3abf",67,3,"j69dw",67,3
"fneut",0,45.93292266,1,"flphd",59,3,"albtf",NA,3
"tv3a0",0,NA,1,"yr113",NA,4,"o1r1m",NA,4
"sox1f",1,22.09445585,0,"urfna",29,4,"fs22r",30,4
"zdfue",1,43.33470226,0,"lwbfz",70,4,"t03da",62,4
"o9q3s",1,34.36276523,0,"fsnj2",51,5,"x4i4p",66,5
"v4m4m",1,34.49691992,1,"w6ku2",NA,2,"ot0y5",NA,2
"r71qb",1,NA,0,"ed3rb",28,4,"ur7go",26,3
"d4fwk",1,83.58110883,5,"pr1wb",NA,1,"rpv0p",NA,1
"wydy8",1,NA,0,"unkxy",NA,3,"z4pux",NA,4
"e0vkk",1,22.46954141,0,"jj7rw",50,10,"nxtt2",NA,10
"y7gff",0,18.82272416,1,"q0r3x",42,3,"k0am6",48,3
"ihrei",0,27.24709103,2,"mawzw",52,4,NA,NA,NA
"pl6os",0,28.63791923,2,"lg5wj",58,6,"b01r1",62,6
"z4e18",1,NA,1,"tv6pa",NA,3,"pw3wc",NA,3
"cwnfc",1,NA,3,"p3sz4",NA,2,"njysk",NA,2
"gjkgv",1,20.41341547,0,"cgunn",49,5,"lhapd",52,5
"ubgl1",1,33.76865161,0,"w02f6",NA,3,"xc0a2",52,3
"v4dq4",1,17.90554415,0,"dvkqz",39,2,"hy0r7",61,2
"f0pn5",1,NA,2,"ne708",NA,2,"fulmu",NA,2
"h71lc",0,NA,2,"hjzvw",NA,4,"alscy",NA,4
"sbpb7",0,19.22518823,0,"jvu5n",35,3,"dhi79",42,2
"jq6qf",0,36.60232717,4,"lfv5d",67,9,"uoxxy",NA,11
"wu3fi",0,NA,1,"yu2wj",NA,3,"qbvw0",NA,3
"x1azu",0,23.07734428,0,"sgq48",NA,2,"u4g7c",50,3
"ov3vd",1,27.4770705,1,"t6y9s",NA,3,"lz3kh",57,5
"tdfuk",1,55.84668036,4,"oolpr",59,4,"e5mhw",NA,4
"urfqh",0,16.62970568,0,"ca6h7",33,2,NA,NA,NA
"ughb5",0,66.85010267,4,"nvdya",NA,1,"nqwpu",NA,1
"ugl72",0,64.68172485,1,"dla2t",NA,3,"dd5xc",NA,3
"ymb9a",1,23.02532512,1,"ujiv0",51,6,"voill",51,6
"dxyw7",0,38.38740589,1,"qx4yu",78,4,"p07sz",NA,4
"ytk6p",0,40,8,"lfv5d",67,9,"uoxxy",NA,11
"xdliz",1,19.61670089,0,"n331j",46,6,"hgh53",50,6
"zedpd",0,35.02258727,1,"jc7s5",NA,2,"z5mvg",67,2
"njxtg",0,32.67077344,3,"ifil4",54,4,"kvsw6",NA,2
"gi1kr",1,26.32443532,0,"j8610",NA,5,"v1zp5",49,5
"amhqi",1,18.56262834,0,"atrhk",40,4,"cw6c0",29,4
"jmm1z",0,41.43737166,3,"ughb5",67,4,"iwgcl",69,4
"t3bho",0,18.36824093,1,"kvrbc",62,1,"i6q3t",52,1
"gj6ao",0,18.11362081,0,"m2j45",52,4,"oaxqd",50,4
"z31t8",1,21.67556468,0,"dnkzd",48,6,"m5p9u",42,6
"tyn5w",1,15.67693361,0,"sp31n",36,5,NA,NA,NA
"ykzf3",0,18.83915127,0,"x0ey8",37,2,"l8i1t",44,2
"nqwpu",1,NA,1,"mn1ak",NA,5,"l7cef",NA,5
"ffm7m",1,21.74401095,0,"gy9ug",47,5,"fb1da",53,5
"m5p9u",1,42,6,"jhg9x",NA,2,"fp7em",70,2
"zpmvq",0,52.39151266,2,"pcyy9",NA,1,"t9kba",NA,1
"w1mcu",1,78,6,"fq6ps",NA,3,"kzh4n",NA,3
"n4hmn",0,NA,4,"fat56",NA,2,NA,NA,NA
"n5jt7",1,42.12457221,4,"h5h4e",NA,2,"rsmzh",70,2
"ri2nl",1,NA,0,"yg89t",22,1,NA,NA,NA
"kc67h",1,NA,4,"ilpjq",NA,2,"hr3v8",NA,2
"qhb3b",0,28,2,"svf0l",62,9,"xcypz",NA,8
"wzixe",0,NA,0,"ed3rb",28,4,"ur7go",26,3
"x8m3k",1,25.95208761,3,"scjva",51,3,"un86t",53,3
"e7gkf",0,62.02600958,1,"popci",75,8,"vibg0",NA,8
"qo7v2",0,69,5,"wpmbp",91,3,"cwnfc",NA,3
"e3gt7",1,45.28678987,4,"d3y0k",NA,3,"e1o0p",NA,3
"kyz6p",0,47.77823409,1,"ct2f3",NA,4,"g9dwx",NA,4
"zmtnd",0,73,0,"fe0rr",NA,3,"s1cku",NA,3
"pmgr4",0,NA,3,"fat56",NA,2,NA,NA,NA
"v1zp5",1,48.90622861,5,"uqqaz",61,4,"kc67h",NA,4
"pxs9i",0,40.58042437,2,"popci",75,8,"vibg0",NA,8
"zmcg6",0,45.01574264,2,"uqqaz",61,4,"kc67h",NA,4
"ylgbz",1,27.1430527,0,"e7gkf",62,1,NA,NA,NA
"feq15",0,17.18275154,0,"w1k2k",43,4,"e2h3n",52,4
"g46ec",1,NA,0,"jg2vv",NA,4,"zj4lr",NA,3
"fvsrx",1,30.0752909,1,"ypbzx",60,1,NA,NA,NA
"kpvc1",0,19.03627652,0,"h71lc",NA,2,"e3gt7",45,4
"wqgcc",1,21.10061602,0,"elva4",45,3,"bu2op",53,3
"lvnlj",1,20.59958932,0,"m2j45",52,4,"oaxqd",50,4
"jciid",1,31,0,"huzt3",60,1,"lz3kh",57,5
"gx1no",0,35.41957563,5,"flphd",59,3,"albtf",NA,3
"iye53",1,41.02395619,2,"gifzr",57,3,"ekg75",NA,3
"jkhgr",1,18.41204654,0,"scjva",51,3,"un86t",53,3
"xueef",1,NA,3,"qx4yu",78,4,"p07sz",NA,4
"pcyy9",0,NA,1,NA,NA,NA,"zw9rj",NA,3
"hfu56",0,15.63039014,0,"iuhgj",38,8,"em5pk",42,2
"ngerz",1,21.15263518,0,"cutu6",23,1,NA,NA,NA
"lm9gw",1,36.01368925,3,"fsnj2",51,5,"x4i4p",66,5
"ua0m9",0,NA,1,"b0zrd",NA,2,"iabs8",NA,2
"j87dx",1,NA,3,"lf4bv",NA,3,"uww65",NA,3
"zf5ot",1,38.72142368,0,"xvc6k",76,3,"kq41v",64,3
"o2c1y",0,19.39219713,0,"x50rk",43,3,"msth3",NA,2
"atrhk",0,38.72689938,4,"popci",75,8,"vibg0",NA,8
"thbyl",0,17.31143053,0,"gx1no",35,5,NA,NA,NA
"cesyq",1,32.80766598,0,NA,NA,NA,"kagxz",55,5
"oqa5x",1,22.32717317,0,"qhb3b",28,2,NA,NA,NA
"sef8a",1,37.88364134,2,"jd0g1",NA,5,NA,NA,NA
"pef4h",0,NA,0,"so4tc",NA,1,NA,NA,NA
"zpieh",1,25.00752909,0,"twp17",54,5,"jaf2h",70,4
"iws3a",0,42,0,"unkxy",NA,3,"z4pux",NA,4
"j28gd",0,30.55441478,2,NA,NA,NA,"kagxz",55,5
"k0vjj",0,NA,1,"duhef",NA,2,"uo15k",NA,2
"tl23p",0,67,3,NA,NA,NA,"ur9lu",NA,1
"dhi79",1,42.05612594,2,"svf0l",62,9,NA,NA,NA
"rrlv4",1,17.60985626,0,"dnkzd",48,6,"m5p9u",42,6
"olqm4",0,59,1,"jpwsm",NA,4,"zh3sw",NA,4
"a5u72",1,16.54483231,0,"m6zsx",36,3,"rdo4e",40,3
"odw43",1,NA,2,"p3vfn",NA,3,"tlxyn",NA,3
"wmpm9",0,17.8973306,0,"z29oi",41,2,"or3wh",NA,2
"hrved",1,47.55373032,3,"q3abf",67,3,"j69dw",67,3
"jpwsm",0,NA,4,"yr113",NA,4,"o1r1m",NA,4
"lz3kh",1,57,5,"jpwsm",NA,4,"zh3sw",NA,4
"fs83h",0,17.60438056,0,"qhb3b",28,2,NA,NA,NA
"ggop1",1,24.24366872,0,"scjva",51,3,"un86t",53,3
"pay57",1,15.61396304,0,"dnkzd",48,6,"m5p9u",42,6
"t9kba",1,NA,1,"p3vfn",NA,3,"tlxyn",NA,3
"zttn7",1,55.77002053,1,"yjnvw",79,5,"d4fwk",84,5
"qx4yu",0,78,4,"fe0rr",NA,3,"s1cku",NA,3
"zhred",0,34.38466804,3,"h95an",NA,4,NA,NA,NA
"vm0fc",1,NA,0,"m2j45",52,4,"oaxqd",50,4
"slxxf",0,22.91033539,0,"jvu5n",35,3,"s6tnk",34,4
"ystm9",1,15.95345654,0,"lv8hm",38,4,"n5jt7",42,4
"na0s4",1,27.02532512,0,"j2x6y",53,3,"szttu",NA,4
"hushb",0,19.68240931,0,"oxadt",43,3,"n7w9o",45,3
"i163d",0,41.99589322,2,"bbode",NA,2,"ykntj",NA,2
"ifs9c",1,22.9650924,1,"x50rk",43,3,NA,NA,NA
"nlamw",0,69.42368241,3,"wh6ce",NA,4,"cpsn0",NA,4
"id9na",1,NA,0,"fx4t9",NA,4,"lth2t",NA,4
"ksbkm",0,23.01711157,0,"ujiv0",51,6,"voill",51,6
"mj545",0,NA,0,"gz74t",20,1,"plh62",24,1
"mo17f",1,NA,0,"bdacc",38,1,"x3x4t",35,1
"nwlnd",0,17.01026694,0,"ur9gn",42,1,NA,NA,NA
"xvc6k",0,75.87679671,3,"ilpjq",NA,2,"hr3v8",NA,2
"plh62",1,23.72347707,1,"cqd0w",49,4,"jt96l",NA,2
"ncxtd",1,25.35523614,0,"mfmrd",51,4,"d26vi",64,5
"o25v4",0,38.56810404,2,"og28y",52,2,NA,NA,NA
"jzgei",1,33.23203285,4,"flcy5",58,3,"i8cik",NA,3
"evu6q",1,36.76933607,0,"yjnvw",79,5,"d4fwk",84,5
"x8rc4",1,16.13415469,0,"zei3x",42,6,"y01hx",48,6
"zbhvr",0,17,0,"pxs9i",41,2,"i4pc3",39,2
"te5a1",0,17.01300479,0,"cgunn",49,5,"lhapd",52,5
"w8uec",0,27.38124572,0,"jcu87",50,2,"hajjk",50,2
"mfciu",0,36.26557153,2,"w02f6",NA,3,"xc0a2",52,3
"bcbxd",1,NA,1,"jg2vv",NA,4,NA,NA,NA
"e5mhw",1,NA,4,"ccss0",NA,3,"j87dx",NA,3
"vdd7h",1,34,0,"xvc6k",76,3,"kq41v",64,3
"dwzqx",0,29.45927447,1,"svf0l",62,9,"xcypz",NA,8
"xsib1",1,50.78439425,0,"jel8y",70,6,"w1mcu",78,6
"awdj2",1,18.42847365,0,"d9djy",39,3,NA,NA,NA
"q6z6b",1,43.50171116,0,NA,NA,NA,"hl4bv",72,1
"c138k",0,25.19917864,2,"mawzw",52,4,NA,NA,NA
"jo0iz",0,28.7063655,2,"jj7rw",50,10,"nxtt2",NA,10
"oxlu2",1,18.82819986,0,"cqd0w",49,4,"t43vm",44,2
"bdacc",0,37.55509925,1,"qo7v2",69,5,"ydgtw",NA,5
"xo4ai",0,NA,0,"xcw5u",NA,3,"c3j7k",66,3
"hh5q1",0,17.00752909,0,"xwj09",41,5,"x1u1x",40,5
"f3x3i",1,17,0,"j8610",NA,5,"v1zp5",49,5
"l6521",1,NA,0,"lv8hm",38,4,"n5jt7",42,4
"o503z",0,30.5982204,3,"jj7rw",50,10,"nxtt2",NA,10
"pgcnt",0,40.05201916,1,"ct2f3",NA,4,"g9dwx",NA,4
"kq9x9",0,19.60301164,1,"z29oi",41,2,"or3wh",NA,2
"tj1f7",1,21.24572211,0,"zmcg6",45,2,"tl9pa",49,2
"vfj9g",0,47.03901437,0,"jel8y",70,6,"w1mcu",78,6
"ze5ac",1,52.01368925,2,"kr8ae",NA,2,"i5myz",72,2
"ot0y5",1,NA,2,"fe0rr",NA,3,"s1cku",NA,3
"euwy3",1,37.98494182,3,"swwvp",52,3,"fk913",68,3
"cutu6",0,23,1,"d3y0k",NA,3,"e1o0p",NA,3
"a4q1a",1,36.02464066,2,"q3abf",67,3,"j69dw",67,3
"xjxwc",0,NA,1,"yuw8b",NA,7,"na4vv",NA,7
"hv1bx",1,31.52635181,0,"t6y9s",NA,3,"lz3kh",57,5
"w60tl",1,NA,2,"wh6ce",NA,4,"cpsn0",NA,4
"rsbzx",1,NA,0,"ct2f3",NA,4,"g9dwx",NA,4
"gevkk",0,17.41820671,0,"i1ojd",50,4,"yodsq",NA,3
"akssz",1,21.76865161,0,"wdqbt",58,3,"lkyco",NA,3
"tac7u",1,NA,0,"tc426",NA,6,"kjezt",59,6
"cv58e",0,16.66255989,0,"jvu5n",35,3,NA,NA,NA
"x3x4t",1,35.4715948,1,"flcy5",58,3,"i8cik",NA,3
"axap4",0,NA,3,"wdqbt",58,3,"lkyco",NA,3
"ulri0",1,27,1,"xjxwc",NA,1,NA,NA,NA
"ekrpr",1,NA,0,"svf0l",62,9,"xcypz",NA,8
"yj07v",1,NA,1,"duhef",NA,2,"uo15k",NA,2
"vfkx0",1,27.18959617,0,"lfv5d",67,9,"uoxxy",NA,11
"ibvdn",0,63,3,"ktun4",NA,3,"lljxx",NA,3
"gx3ug",1,23.64134155,1,NA,NA,NA,"lkjte",44,2
"rbpo5",0,27.26078029,1,"hsn5e",52,2,"oy56f",NA,2
"kagxz",1,55.14031485,5,"tl23p",67,3,"leps1",NA,3
"kx4o8",1,27.90691307,2,"vhial",51,2,"x6pew",64,2
"srfw4",1,27,1,"fsnj2",51,5,"x4i4p",66,5
"cijtb",0,19.17316906,0,"sl3ai",44,4,"fo607",50,4
"ykq4h",0,18.01505818,0,"rlk6c",38,7,"inreo",50,7
"ed3rb",0,28.34223135,4,"i1ojd",50,4,"lelo4",NA,3
"s5h3m",0,22.55715264,0,"uoxmj",47,4,NA,NA,NA
"a5ihm",1,41,0,"jhg9x",NA,2,"fp7em",70,2
"m5j93",0,46.99794661,2,"qo7v2",69,5,"ydgtw",NA,5
"elva4",0,45,3,"c4563",NA,3,"un6bm",81,3
"d4bev",0,44,4,"yjnvw",79,5,"d4fwk",84,5
"jacy2",0,25.908282,2,"ulzku",48,5,"xqoe8",51,5
"pljlh",0,16.18617385,0,"t6y9s",NA,3,"lz3kh",57,5
"z5kux",0,NA,1,"wu3fi",NA,1,NA,NA,NA
"qyd63",0,NA,1,"mn1ak",NA,5,"l7cef",NA,5
"k4m8q",0,39.62217659,2,"h4xmj",69,3,NA,NA,NA
"ltfun",0,21.36071184,1,"oxadt",43,3,"n7w9o",45,3
"y01hx",1,48.30937714,6,"popci",75,8,"vibg0",NA,8
"tfnz1",0,45.12525667,8,"vii6w",NA,2,"u4n8c",NA,2
"hyosu",1,50.35455168,0,"kr8ae",NA,2,"i5myz",72,2
"nior0",0,25,0,"yjnvw",79,5,"d4fwk",84,5
"lljxx",1,NA,3,"waaj6",NA,3,"d29cz",NA,3
"t07p0",0,15.88501027,0,"gx1no",35,5,NA,NA,NA
"qu2km",1,32.79671458,0,"h95an",NA,4,"xcn37",NA,2
"djqbr",1,24.32032854,0,"mfmrd",51,4,"d26vi",64,5
"lr9sl",1,27.18959617,0,"lfv5d",67,9,"uoxxy",NA,11
"txlku",0,17.00479124,0,"lv8hm",38,4,"n5jt7",42,4
"y1uos",1,20.27652293,0,"loynm",41,4,"elgh4",40,4
"ur7go",1,25.92197125,3,"cqd0w",49,4,"jt96l",NA,2
"pr1wb",0,NA,1,"s7rvd",NA,2,"hdsa9",NA,2
"zggsl",1,20.10951403,0,"mawzw",52,4,"vxuns",51,1
"d9djy",0,39.02806297,3,"ukuw8",68,3,"axe27",73,3
"goksu",0,44.80766598,2,"blsyx",NA,2,"kiafg",NA,2
"popci",0,75,8,"kjah4",NA,2,"thjw1",NA,2
"mcq2v",0,56,7,"yuw8b",NA,7,"na4vv",NA,7
"cyn36",0,19.64681725,0,"baogq",33,1,"cqqkz",41,1
"n3ser",1,NA,1,"swwvp",52,3,"fk913",68,3
"woxq0",1,32,1,"gifzr",57,3,"ekg75",NA,3
"mawzw",0,51.69062286,4,"hgp3j",NA,2,"d6x25",NA,2
"mf0j8",1,23.62491444,0,"ngl4x",43,4,"s6tnk",34,4
"zofdk",1,NA,0,"lwbfz",70,4,"t03da",62,4
"jt96l",1,NA,2,"yuw8b",NA,7,"na4vv",NA,7
"cqjwm",1,19.24435318,0,"dxzrh",45,2,"wsda7",53,3
"tbe4j",1,NA,0,"n4hmn",NA,4,"lm9gw",36,3
"f0cwy",0,24.22176591,0,"j2x6y",53,3,"szttu",NA,4
"d1eko",0,NA,0,"vhial",51,2,"x6pew",64,2
"d83vo",1,39,2,"lfv5d",67,9,"uoxxy",NA,11
"dnkzd",0,48,6,NA,NA,NA,"g0kzw",NA,1
"fx4i2",1,25.5523614,0,"n331j",46,6,"hgh53",50,6
"qcb79",1,32,4,"chmjm",57,1,NA,NA,NA
"rdtjz",1,26.81998631,0,"fsnj2",51,5,"x4i4p",66,5
"w6ku2",0,NA,2,"nwz8r",NA,4,"r8sxb",NA,4
"nec4u",0,17.07323751,0,"jq6qf",37,4,"bw55a",NA,3
"vqjog",1,18.35455168,0,"gy9ug",47,5,"fb1da",53,5
"k44vq",0,23.26078029,1,"twp17",54,5,"jaf2h",70,4
"tf3ba",0,19.93976728,0,"urfna",29,4,"fs22r",30,4
"bvcfu",0,21.4017796,2,"dab2o",40,1,"ordkd",NA,1
"kkumy",0,57,0,"nwz8r",NA,4,"r8sxb",NA,4
"l1b6o",0,25.01574264,3,"vslib",48,2,"ovpjs",47,2
"smokq",1,26.09993155,0,"ujiv0",51,6,"voill",51,6
"qup51",0,NA,1,"jg2vv",NA,4,"zj4lr",NA,3
"xv7dq",0,25.92744695,1,"gy9ug",47,5,"fb1da",53,5
"typy0",1,20,1,"m3ins",53,4,NA,NA,NA
"dvkqz",0,39,2,"xcw5u",NA,3,"c3j7k",66,3
"ff75y",1,31,1,"er9gd",74,3,"f2fh3",73,3
"x60yn",0,37.36892539,2,"titw9",NA,1,"ixnkp",NA,1
"lrxag",1,25.50308008,0,"nwsvk",45,1,"p7kwq",48,1
"yp7wj",1,32.21629021,0,"tc426",NA,6,"kjezt",59,6
"p80nd",1,24.862423,2,"ulzku",48,5,"xqoe8",51,5
"ur9gn",0,41.84257358,1,"jc7s5",NA,2,"z5mvg",67,2
"zqosk",1,NA,1,NA,NA,NA,"w874n",NA,4
"vdjba",0,37.50308008,1,"nlamw",69,3,"aviz3",NA,3
"wlg8i",1,NA,0,"y7gff",19,1,"of5ve",20,1
"ca6h7",0,33,2,"fwsc0",76,3,"ddcip",78,3
"jrzff",1,18.04791239,0,"dxzrh",45,2,"wsda7",53,3
"xqqyw",1,29.86173854,0,"lg5wj",58,6,"b01r1",62,6
"lfv5d",0,67.35112936,9,"tv3a0",NA,1,"vesja",NA,1
"c6d10",1,77.5797399,4,"fegfn",NA,2,"fa9nn",NA,2
"w02f6",0,NA,3,"ktun4",NA,3,"lljxx",NA,3
"titw9",0,NA,1,"id4l9",NA,2,"tfogm",NA,2
"zei3x",0,42.40930869,6,"vii6w",NA,2,"u4n8c",NA,2
"aexe0",1,29,3,"ju8l9",NA,3,"j3afj",NA,3
"yxneu",1,22.95140315,1,"tfnz1",45,8,"ze5ac",52,2
"fluz4",0,16,0,"sdrlz",42,3,"rhoj3",45,2
"c2h70",1,17.71937029,0,"axap4",NA,3,NA,NA,NA
"gluvu",1,24.89253936,1,"i1ojd",50,4,"yodsq",NA,3
"kpupo",0,NA,2,"hgp3j",NA,2,"d6x25",NA,2
"nlb3j",1,40,1,"er9gd",74,3,"f2fh3",73,3
"ihszi",0,16.89253936,0,"x50rk",43,3,"msth3",NA,2
"dab2o",0,40,1,"dla2t",NA,3,"dd5xc",NA,3
"m3ins",0,53.14442163,4,"bwkmz",NA,2,"qrpng",NA,2
"r0zo0",0,26.17932923,1,"jj7rw",50,10,"nxtt2",NA,10
"oyich",0,22.19028063,0,"ju8l9",NA,3,"j3afj",NA,3
"it9b6",0,NA,2,"vslib",48,2,"ovpjs",47,2
"br7c6",0,41.81793292,0,"nlamw",69,3,"aviz3",NA,3
"qhaip",1,26.97878166,0,"svf0l",62,9,"xcypz",NA,8
"i5myz",1,72,2,"yuw8b",NA,7,"na4vv",NA,7
"lelo4",1,NA,3,"qx4yu",78,4,"p07sz",NA,4
"ciuy0",1,NA,1,"nfy6b",46,1,"w2guy",50,1
"k0am6",1,47.55920602,3,"flphd",59,3,"albtf",NA,3
"ub6c8",1,NA,0,"usg2k",38,3,"vw4j6",45,3
"xa5q0",0,15.8329911,0,"rlk6c",38,7,"inreo",50,7
"el02u",0,16.99931554,0,"ujiv0",51,6,"voill",51,6
"k4pvj",1,18.68856947,0,"x6zyr",40,3,"tczd1",49,3
"ccss0",0,NA,3,"fq6ps",NA,3,"kzh4n",NA,3
"jl8x2",0,33.21013005,0,"lg5wj",58,6,"b01r1",62,6
"o664x",0,20,0,"jj7rw",50,10,"nxtt2",NA,10
"b01r1",1,62.04791239,6,"vteoy",NA,2,"f0pn5",NA,2
"ypk85",0,36.42162902,0,"h4xmj",69,3,"yzo30",NA,2
"apye9",1,NA,1,"s7rvd",NA,2,"hdsa9",NA,2
"reob5",1,21.2073922,1,"i4w9w",34,6,NA,NA,NA
"egkjg",1,26.42847365,2,"tc426",NA,6,"kjezt",59,6
"cw6c0",1,29,4,"h95an",NA,4,NA,NA,NA
"skm6j",1,16.78028747,0,"k4m8q",40,2,NA,NA,NA
"a3zuh",1,NA,0,"p3vfn",NA,3,"tlxyn",NA,3
"kooye",0,19.35934292,0,"ujiv0",51,6,"voill",51,6
"xkg81",0,48,0,"r2lf5",NA,2,"mp7qj",NA,2
"nvdya",0,NA,1,"yu2wj",NA,3,"qbvw0",NA,3
"njnr3",1,38.51608487,2,"vzh2b",NA,1,NA,NA,NA
"lg5wj",0,58.36550308,6,"yuw8b",NA,7,"na4vv",NA,7
"ibb41",0,38.13552361,1,"k35lj",NA,1,NA,NA,NA
"hjui4",1,75.20602327,0,"nwz8r",NA,4,"r8sxb",NA,4
"j69dw",1,67,3,NA,NA,NA,"w874n",NA,4
"gmr90",0,20.10403833,0,"sl3ai",44,4,"fo607",50,4
"og7jb",0,NA,0,"mawzw",52,4,NA,NA,NA
"n331j",0,46.17659138,6,"dit6f",NA,4,"ot6j1",NA,4
"zb97o",1,21.58247775,0,"n331j",46,6,"hgh53",50,6
"n2co8",0,22.40109514,0,"oalze",56,4,"vn4yn",NA,4
"rphvh",1,42.86105407,3,"popci",75,8,"vibg0",NA,8
"u4g7c",1,50.19301848,3,"knxfa",NA,1,"quiui",NA,2
"xeyxa",1,35.45516769,1,"lg5wj",58,6,"b01r1",62,6
"ja675",1,36,2,"og28y",52,2,NA,NA,NA
"z2jx9",0,NA,0,"l43pw",32,2,"a4q1a",36,2
"jq77c",0,NA,2,"mfmrd",51,4,"d26vi",64,5
"wdsd6",1,25,0,"m2j45",52,4,"oaxqd",50,4
"zw9rj",1,NA,3,"lf4bv",NA,3,"uww65",NA,3
"ktun4",0,NA,3,"pfpja",NA,2,"lu0vm",NA,2
"usg2k",0,37.77686516,3,"lfv5d",67,9,"uoxxy",NA,11
"ti961",1,57.48939083,0,"yj19e",NA,1,NA,NA,NA
"jel8y",0,70,6,"tv6pa",NA,3,"pw3wc",NA,3
"lhapd",1,52.36413415,5,"popci",75,8,"vibg0",NA,8
"g7afl",1,36.42162902,0,"h4xmj",69,3,"yzo30",NA,2
"rlk6c",0,38.39288159,7,"tl23p",67,3,"leps1",NA,3
"xcuzp",0,51.97809719,4,NA,NA,NA,"ibag8",NA,3
"jvw70",0,35.96440794,1,NA,NA,NA,"d26vi",64,5
"bbode",0,NA,2,"nfgjg",NA,2,"cgtjn",NA,2
"dit6f",0,NA,4,"mn1ak",NA,5,"l7cef",NA,5
"i0e5o",1,15.70978782,0,"x6zyr",40,3,"tczd1",49,3
"md3l6",0,23.71252567,2,"dnkzd",48,6,"m5p9u",42,6
"bw55a",1,NA,3,"jd0g1",NA,5,"uoxxy",NA,11
"urfna",0,29,4,"fsq4u",50,1,"ycw0c",70,1
"i6his",0,17.34428474,0,"i4w9w",34,6,"ff75y",31,1
"p07sz",1,NA,4,"lf4bv",NA,3,"uww65",NA,3
"z4pux",1,NA,4,"p6hgw",NA,3,"visxp",NA,3
"xc0a2",1,52,3,"nwz8r",NA,4,"r8sxb",NA,4
"lgj2f",0,16.44626968,0,"tfnz1",45,8,"q6urs",45,6
"tl9pa",1,49.05407255,2,"jel8y",70,6,"w1mcu",78,6
"nzzg0",1,19.85489391,0,"j8610",NA,5,"v1zp5",49,5
"oxadt",0,42.5982204,3,"qx4yu",78,4,"p07sz",NA,4
"dd5xc",1,NA,3,"pfpja",NA,2,"lu0vm",NA,2
"dth9g",0,31.42778919,1,"flcy5",58,3,"i8cik",NA,3
"hmsv8",0,NA,0,"lwbfz",70,4,"t03da",62,4
"u2ak3",0,18.84736482,0,"cgunn",49,5,"lhapd",52,5
"xw3c1",1,15.79739904,0,"urfna",29,4,"fs22r",30,4
"vi5kn",1,45.48665298,1,"er9gd",74,3,"f2fh3",73,3
"f5s1i",1,19,0,"pxs9i",41,2,"i4pc3",39,2
"em5pk",1,41.5633128,2,"olqm4",59,1,NA,NA,NA
"cwvsi",0,23,0,"hjzvw",NA,4,"alscy",NA,4
"z0q29",1,32.21629021,1,"tc426",NA,6,"kjezt",59,6
"hrj8s",1,32.35318275,0,"twp17",54,5,NA,NA,NA
"w8svz",1,41.10609172,0,"jel8y",70,6,"w1mcu",78,6
"c8r56",0,18.83915127,0,"x0ey8",37,2,"l8i1t",44,2
"qtuwq",0,NA,3,NA,NA,NA,"w874n",NA,4
"pmry0",0,21.27857632,0,"ytk6p",40,8,"nt4y2",49,8
"so4tc",0,NA,1,"mcq2v",56,7,"es3wc",NA,2
"wdqbt",0,58,3,"njz2j",NA,1,"s17ug",NA,1
"svf0l",0,61.99863107,9,"qtuwq",NA,3,"vazz3",NA,3
"r48rg",1,56.93086927,0,"qtuwq",NA,3,"vazz3",NA,3
"k3mc6",1,17,0,"kyz6p",48,1,"b2m7n",NA,1
"lapuk",0,16,0,"wdqbt",58,3,"lkyco",NA,3
"dl6sl",1,39.8384668,0,"ibvdn",63,3,"xueef",NA,3
"quiui",1,NA,2,"blsyx",NA,2,"kiafg",NA,2
"jg2vv",0,NA,4,"nfgjg",NA,2,"cgtjn",NA,2
"dla2t",0,NA,3,"waaj6",NA,3,"d29cz",NA,3
"rduna",1,17.48939083,0,"ulzku",48,5,"xqoe8",51,5
"zh3sw",1,NA,4,NA,NA,NA,"w874n",NA,4
"ms5ej",0,23.44695414,1,"cgunn",49,5,"lhapd",52,5
"ifil4",0,54.01232033,4,"m7mxh",NA,1,NA,NA,NA
"k35lj",0,NA,1,"qjee1",NA,2,"qlxz2",NA,2
"fn71z",1,16.64613279,0,"y66jg",52,2,"lelo4",NA,3
"zd9pz",0,17.74401095,0,"iuhgj",38,8,NA,NA,NA
"smkf5",1,18.40657084,0,"loynm",41,4,"elgh4",40,4
"b0qzu",1,43.30732375,0,"jd0g1",NA,5,"odw43",NA,2
"jaf2h",1,70.15195072,4,"yuw8b",NA,7,"na4vv",NA,7
"b0t7i",1,NA,0,"n4hmn",NA,4,"z0q29",32,1
"un6bm",1,81,3,"ineku",NA,2,"d2jz3",NA,2
"l2dfr",0,18.95140315,0,"twp17",54,5,"jaf2h",70,4
"wddeq",0,22.70499658,0,"elva4",45,3,"bu2op",53,3
"ypbzx",0,59.79466119,1,"oes6w",NA,2,"w60tl",NA,2
"r2j50",1,32,0,"unkxy",NA,3,"z4pux",NA,4
"j90t0",1,16.25188227,0,"vrj2b",NA,2,"hrved",47,3
"y66jg",0,51.65776865,2,"uqqaz",61,4,"kc67h",NA,4
"i4w9w",0,34,6,"oolpr",59,4,"e5mhw",NA,4
"u8hde",1,25.02121834,0,"uoxmj",47,4,NA,NA,NA
"ixnkp",1,NA,1,"qyd63",NA,1,NA,NA,NA
"hsn5e",0,52.36413415,2,"ohk5a",74,3,"pe4mt",NA,3
"h6ar8",1,37.45653662,0,"mfmrd",51,4,"d26vi",64,5
"ws1i5",1,NA,3,"mn1ak",NA,5,"l7cef",NA,5
"uwpxc",1,18,0,"tfnz1",45,8,"q6urs",45,6
"voill",1,51.34291581,6,NA,NA,NA,"zqosk",NA,1
"jd0g1",0,NA,5,"oes6w",NA,2,"w60tl",NA,2
"s2fmg",0,50.45585216,2,"dla2t",NA,3,"dd5xc",NA,3
"je5ej",1,NA,0,"iuhgj",38,8,"wwlnd",46,4
"dbvlr",0,31.74537988,2,"zpmvq",52,2,"obupm",54,2
"q0nmq",0,NA,0,"njxtg",33,3,"cmfbs",36,1
"baogq",0,33,1,"jd0g1",NA,5,"uoxxy",NA,11
"wtlvg",0,18.12731006,0,"ytk6p",40,8,"nt4y2",49,8
"ujiv0",0,51.12388775,6,NA,NA,NA,"w15zx",NA,2
"zoa0y",0,28.24640657,3,"fsnj2",51,5,"x4i4p",66,5
"zjeih",0,16.80219028,0,"atrhk",40,4,"cw6c0",29,4
"u6adr",1,NA,0,"tilat",NA,2,"eqhur",NA,2
"yj19e",0,NA,1,"wh6ce",NA,4,"cpsn0",NA,4
"s1jyx",0,20.00273785,0,"o25v4",39,2,"vi5kn",45,1
"ttvcq",1,15.68240931,0,"xwj09",41,5,"x1u1x",40,5
"je0jz",1,NA,0,"c138k",25,2,"szttu",NA,4
"bo83b",1,NA,1,"c4563",NA,3,"un6bm",81,3
"eghd2",0,NA,0,"it9b6",NA,2,"j52y9",NA,2
"ifcnr",0,NA,0,"jq6qf",37,4,"u4g7c",50,3
"cyj7x",1,16.29568789,0,"axap4",NA,3,NA,NA,NA
"imrze",1,24.13963039,0,"fneut",46,1,"zttn7",56,1
"vhial",0,51.35660507,2,"bbode",NA,2,"ykntj",NA,2
"w1k2k",0,43,4,"d3y0k",NA,3,"e1o0p",NA,3
"v7x02",1,34.36276523,1,"lfv5d",67,9,"uoxxy",NA,11
"na4vv",1,NA,7,"p3sz4",NA,2,"njysk",NA,2
"ir498",1,40.43805613,0,"raaoz",NA,4,"c6d10",78,4
"m3gvu",0,NA,0,"yic8c",28,3,"jzgei",33,4
"j2x6y",0,52.62696783,3,"fwsc0",76,3,"ddcip",78,3
"w3lsl",0,NA,0,"d9djy",39,3,NA,NA,NA
"zjin3",1,NA,0,"rbpo5",27,1,"vlvvi",21,1
"itfk4",0,20.69815195,0,"q0r3x",42,3,"k0am6",48,3
"ouehg",0,NA,1,"yu2wj",NA,3,"qbvw0",NA,3
"l8i1t",1,44.38056126,2,"raaoz",NA,4,"c6d10",78,4
"fbzsc",1,NA,0,"tc426",NA,6,"kjezt",59,6
"rw94l",0,16,0,"ujiv0",51,6,"voill",51,6
"bl8bd",0,NA,3,"ifg3h",NA,2,"avzbq",NA,2
"osmth",1,18,0,"ytk6p",40,8,"nt4y2",49,8
"m7mxh",0,NA,1,"tv6pa",NA,3,"pw3wc",NA,3
"coxtx",1,52.92539357,0,"k0vjj",NA,1,"n1vob",NA,1
"c85nh",0,NA,1,NA,NA,NA,"z4pux",NA,4
"l43pw",0,31.91238877,2,"hjzvw",NA,4,"alscy",NA,4
"ca89x",0,27.36755647,1,"ulzku",48,5,"xqoe8",51,5
"uoxmj",0,47.4661191,4,"hjzvw",NA,4,"alscy",NA,4
"tg2rl",0,17.82067077,0,"x60yn",37,2,"njnr3",39,2
"piwek",1,21,0,"gy9ug",47,5,"fb1da",53,5
"qzh8m",0,19.66324435,0,"dnkzd",48,6,"m5p9u",42,6
"rihz2",1,NA,0,"ed3rb",28,4,"ur7go",26,3
"wwlnd",1,45.69472964,4,"popci",75,8,"vibg0",NA,8
"hl4bv",1,72,1,"mn1ak",NA,5,"l7cef",NA,5
"exmvi",1,18.52156057,0,"i163d",42,2,"vrg42",47,2
"smqhb",0,23.39767283,2,"w1k2k",43,4,"e2h3n",52,4
"s6tnk",1,34,4,"uqqaz",61,4,"kc67h",NA,4
"ulsbo",0,20.90896646,2,"xcuzp",52,4,NA,NA,NA
"qq7w5",1,29.36071184,0,"ukuw8",68,3,"axe27",73,3
"kcykd",0,18.55441478,0,"miiin",60,1,"wemc1",41,1
"kr8ae",0,NA,2,"ouehg",NA,1,"z4e18",NA,1
"z2yr9",1,70,1,"wh6ce",NA,4,"cpsn0",NA,4
"q4ow3",0,25.5578371,2,"jcu87",50,2,"hajjk",50,2
"v4nqf",0,35.8384668,3,"svf0l",62,9,"xcypz",NA,8
"ii6d4",0,33.59890486,3,"mcq2v",56,7,"es3wc",NA,2
"ukuw8",0,68.29842574,3,"bl8bd",NA,3,"ws1i5",NA,3
"x6zyr",0,40.05201916,3,NA,NA,NA,"ibag8",NA,3
"jj7rw",0,50,10,"fx4t9",NA,4,"lth2t",NA,4
"vazz3",1,NA,3,"yr113",NA,4,"o1r1m",NA,4
"m8umr",0,29.72758385,0,"j2x6y",53,3,"szttu",NA,4
"tgcx1",1,21.13347023,0,"goksu",45,2,NA,NA,NA
"ubbhf",1,22.41478439,0,"ytk6p",40,8,"nt4y2",49,8
"j8610",0,NA,5,"qo7v2",69,5,"ydgtw",NA,5
"yic8c",0,28.01916496,3,"xcuzp",52,4,NA,NA,NA
"u4n8c",1,NA,2,"p6hgw",NA,3,"visxp",NA,3
"qpa0s",0,NA,0,"ifil4",54,4,"kvsw6",NA,2
"u40x2",1,35.59479808,3,"ughb5",67,4,"iwgcl",69,4
"alirk",1,57.44284736,0,"fwsc0",76,3,"ddcip",78,3
"rsmzh",1,69.75770021,2,"wpmbp",91,3,"cwnfc",NA,3
"sqel5",1,18,0,"oalze",56,4,"vn4yn",NA,4
"h95an",0,NA,4,"id4l9",NA,2,"tfogm",NA,2
"yla8p",1,34.00684463,3,"svf0l",62,9,"xcypz",NA,8
"zm2rj",1,34.55715264,0,"nlamw",69,3,"aviz3",NA,3
"obupm",1,54.4421629,2,"bvqfk",NA,2,"bbzr6",NA,2
"fs22r",1,30,4,NA,NA,NA,"lz3kh",57,5
"nidva",0,24.34223135,1,"tfnz1",45,8,"ze5ac",52,2
"ismyd",1,19.28268309,0,"w1k2k",43,4,"e2h3n",52,4
"w6kk1",1,28.79397673,2,"h95an",NA,4,"xcn37",NA,2
"fa9nn",1,NA,2,"waaj6",NA,3,"d29cz",NA,3
"lwqa0",0,34.9705681,1,"l67mm",NA,2,NA,NA,NA
"npdr2",1,17,0,"n331j",46,6,"hgh53",50,6
"vlvvi",1,21.0349076,1,"y66jg",52,2,"lelo4",NA,3
"td7je",1,18.64202601,0,"zei3x",42,6,"y01hx",48,6
"nwpcd",0,17.88637919,0,"urfna",29,4,"fs22r",30,4
"oyk9l",1,NA,0,"n4hmn",NA,4,"lm9gw",36,3
"kjezt",1,59.33196441,6,"vteoy",NA,2,"f0pn5",NA,2
"zfxwp",1,23.21697467,0,"n331j",46,6,"hgh53",50,6
"l4iw1",1,27.03627652,1,"m3ins",53,4,NA,NA,NA
"cblmq",0,23.67145791,1,"ju8l9",NA,3,"j3afj",NA,3
"mp7qj",1,NA,2,"yr113",NA,4,"o1r1m",NA,4
"bd4al",1,41.04859685,0,"ibvdn",63,3,"xueef",NA,3
"rq0dz",0,17.47022587,0,"j8610",NA,5,"v1zp5",49,5
"m56c9",0,24.44079398,1,"jj7rw",50,10,"nxtt2",NA,10
"yu7ol",0,37.7412731,2,"ughb5",67,4,"iwgcl",69,4
"z0wnj",1,17.84531143,0,"oxadt",43,3,"n7w9o",45,3
"yjnvw",0,78.57905544,5,"kjah4",NA,2,"thjw1",NA,2
"qynlq",1,NA,1,"ueyf7",NA,2,"ql83s",NA,2
"f5kxl",0,17,0,"mnvta",36,3,"e3gt7",45,4
"e7bfj",1,20,0,"nkbgn",56,2,"nvfcv",35,1
"ydgtw",1,NA,5,"b3pey",NA,1,"m7vrc",NA,1
"ur9lu",1,NA,1,"ay3lv",NA,1,"hugs8",NA,1
"ejh5d",1,22.10540726,0,"j8610",NA,5,"v1zp5",49,5
"es3wc",1,NA,2,"bwkmz",NA,2,"qrpng",NA,2
"zlgcj",0,16.3613963,0,"dvkqz",39,2,"hy0r7",61,2
"sqwg9",1,26.39835729,2,"elva4",45,3,"bu2op",53,3
"nt4y2",1,48.82956879,8,"cb1mo",61,1,"quiui",NA,2
"tc426",0,NA,6,"ccss0",NA,3,"j87dx",NA,3
"lwbfz",0,70,4,"ifg3h",NA,2,"avzbq",NA,2
"vzwen",1,NA,0,"n4hmn",NA,4,"lm9gw",36,3
"z29oi",0,41.29226557,2,"dit6f",NA,4,"ot6j1",NA,4
"pqgd2",1,32.33675565,0,"lfv5d",67,9,"uoxxy",NA,11
"i4rr4",0,18.11362081,0,"vrj2b",NA,2,"hrved",48,3
"lvzyn",1,35,0,"jel8y",70,6,"w1mcu",78,6
"fb1da",1,53.14168378,5,"ct2f3",NA,4,"g9dwx",NA,4
"qus4e",0,18.6146475,1,"xcuzp",52,4,NA,NA,NA
"ed4rq",1,18.99520876,0,"zmcg6",45,2,"tl9pa",49,2
"j49nb",0,NA,0,"gx1no",35,5,"v7x02",34,1
"ayyi3",0,NA,0,"kzvb6",46,4,"v5cqs",53,1
"of5ve",1,19.61670089,1,"ngl4x",43,4,"s6tnk",34,4
"cmfbs",1,35.58932238,1,"tc426",NA,6,"kjezt",59,6
"e0dvf",0,58.29431896,0,"dit6f",NA,4,"ot6j1",NA,4
"ynxm5",1,18,0,"v1vs0",44,3,"ja675",36,2
"oalze",0,56.47091034,4,"bl8bd",NA,3,"ws1i5",NA,3
"tcnb6",1,NA,1,"bvqfk",NA,2,"bbzr6",NA,2
"nmwxo",0,35,0,"dit6f",NA,4,"ot6j1",NA,4
"iqerg",1,18,0,"sdrlz",42,3,"rhoj3",45,2
"m839r",1,27.77823409,2,"jd0g1",NA,5,"odw43",NA,2
"n4e3d",1,19.32375086,0,"mcq2v",56,7,"sk6ab",56,4
"n0v0t",0,20,0,"yp6s4",54,1,NA,NA,NA
"ck9rq",1,20.70910335,0,"sgq48",NA,2,"u4g7c",50,3
"eb1q7",0,NA,0,"iuhgj",38,8,"wwlnd",46,4
"cgunn",0,48.73648186,5,"ua0m9",NA,1,"zce6s",NA,1
"m6ve4",0,19,0,"v1vs0",44,3,"ja675",36,2
"hmc1o",1,36.94729637,3,"nckjk",NA,1,"tcnb6",NA,1
"jvu5n",0,35,3,"yjnvw",79,5,"d4fwk",84,5
"uoxxy",1,NA,11,"b0zrd",NA,2,"iabs8",NA,2
"bwbts",1,32.26283368,1,"c85nh",NA,1,NA,NA,NA
"sl3ai",0,44.02464066,4,"x1eyu",NA,1,"z2yr9",70,1
"kzvb6",0,46,4,"raaoz",NA,4,"c6d10",78,4
"kbey7",0,74,0,"jpwsm",NA,4,"zh3sw",NA,4
"nyszz",1,40.90622861,0,"lwbfz",70,4,"t03da",62,4
"msth3",1,NA,2,"tl23p",67,3,"leps1",NA,3
"ju8l9",0,NA,3,"qtuwq",NA,3,"vazz3",NA,3
"iemmz",1,19.39219713,0,"ytk6p",40,8,"nt4y2",49,8
"l5b8j",1,42,1,"ccss0",NA,3,"j87dx",NA,3
"h4xmj",0,69.0403833,3,"jpwsm",NA,4,"zh3sw",NA,4
"rhowe",1,18.03422313,0,"jmm1z",41,3,"f3ph2",42,3
"un86t",1,52.60506502,3,"lle6h",NA,2,"fsu9l",NA,2
"vs8mf",1,40.01916496,0,"gifzr",57,3,"ekg75",NA,3
"fdlbb",1,46.03148528,2,"xcw5u",NA,3,"c3j7k",66,3
"r9nfa",0,16.49281314,0,"x6zyr",40,3,"tczd1",49,3
"vhs0r",0,36.60232717,2,"ukuw8",68,3,"axe27",74,3
"qhl0y",0,16.76933607,0,"h71lc",NA,2,"e3gt7",45,4
"og28y",0,52,2,"m32h9",NA,2,"zw9rj",NA,3
"xcn37",1,NA,2,"popci",75,8,"vibg0",NA,8
"jcu87",0,50.38193018,2,"lle6h",NA,2,"fsu9l",NA,2
"sdrlz",0,42.30253251,3,"kpupo",NA,2,NA,NA,NA
"lik62",1,26.60643395,0,NA,NA,NA,"kagxz",55,5
"eb843",0,30.82272416,1,"oalze",56,4,"vn4yn",NA,4
"br3lb",0,16.64339493,0,"uoxmj",47,4,NA,NA,NA
"f3lj5",0,NA,0,"mcq2v",56,7,"sk6ab",56,4
"zcvzn",1,23.98631075,0,"svf0l",62,9,"xcypz",NA,8
"jhfsa",0,NA,0,NA,NA,NA,"l5b8j",42,1
"gpoei",1,30.91854894,2,"m3ins",53,4,NA,NA,NA
"jirje",1,34.95140315,0,"qup51",NA,1,NA,NA,NA
"x0ey8",0,37.40999316,2,"ibvdn",63,3,"xueef",NA,3
"k2w93",0,NA,0,"it9b6",NA,2,"j52y9",NA,2
"qgagc",1,22.17111567,0,"xcuzp",52,4,NA,NA,NA
"gz74t",0,19.55646817,1,"dxyw7",38,1,"wsda7",53,3
"e8dph",1,17.65366188,0,"kzvb6",46,4,NA,NA,NA
"yg89t",0,22.0752909,1,"ngl4x",43,4,"s6tnk",34,4
"fp7em",1,70,2,"ineku",NA,2,"d2jz3",NA,2
"d26vi",1,64.07939767,5,"yuw8b",NA,7,"na4vv",NA,7
"mz6ha",1,19.08008214,0,"jj7rw",50,10,"nxtt2",NA,10
"p00ed",0,36,0,"qo7v2",69,5,"ydgtw",NA,5
"m6zsx",0,36.10951403,3,"h5h4e",NA,2,"rsmzh",70,2
"aedbw",0,23,0,"nkbgn",56,2,NA,NA,NA
"t7x21",1,22,0,"oalze",56,4,"vn4yn",NA,4
"xcypz",1,NA,8,"tilat",NA,2,"eqhur",NA,2
"fr1rw",1,39.6440794,1,"ughb5",67,4,"iwgcl",69,4
"vibg0",1,NA,8,NA,NA,NA,"apye9",NA,1
"euvfs",0,17.02121834,0,"koxp1",39,1,"dhi79",42,2
"iwgcl",1,69.09240246,4,"m32h9",NA,2,"zw9rj",NA,3
"sora1",1,NA,0,"rlk6c",38,7,"inreo",50,7
"rv7rx",0,25.14168378,0,"mcq2v",56,7,"sk6ab",56,4
"mfmrd",0,51,4,"jg2vv",NA,4,"zj4lr",NA,3
"vn4yn",1,NA,4,"wpmbp",91,3,"cwnfc",NA,3
"fomjp",1,22,0,"i1ojd",50,4,"yodsq",NA,3
"p8zlq",1,33.65913758,1,"swwvp",52,3,"fk913",68,3
"x88kl",1,18.97878166,0,"hsn5e",52,2,"oy56f",NA,2
"qs6z5",1,24.49555099,0,"w02f6",NA,3,"xc0a2",52,3
"kby4w",0,50.00958248,1,"ohk5a",74,3,"pe4mt",NA,3
"w6ifg",1,34.75975359,2,"c4563",NA,3,"un6bm",81,3
"knxfa",0,NA,1,"fq6ps",NA,3,"kzh4n",NA,3
"v9r1f",1,17.45106092,0,"mfciu",36,2,"hg0nq",38,2
"v5ojh",1,27,1,"mcq2v",56,7,NA,NA,NA
"cg0vn",0,36.96372348,2,"raaoz",NA,4,"c6d10",78,4
"ycw0c",1,70,1,"fegfn",NA,2,"fa9nn",NA,2
"kltfg",1,26,0,"kpupo",NA,2,"yf9o1",55,1
"obs61",1,16,0,NA,NA,NA,"kagxz",55,5
"aeptd",1,22.71047228,0,"lg5wj",58,6,"b01r1",62,6
"x4r64",1,16.77481177,0,"q0r3x",42,3,"k0am6",48,3
"jnbsa",0,20.3504449,0,"zpmvq",52,2,"obupm",54,2
"ngl4x",0,43.01984942,4,"fx4t9",NA,4,"lth2t",NA,4
"e3rbh",0,32.8843258,0,"l67mm",NA,2,"bo83b",NA,1
"zqho8",1,15.81930185,0,"ulzku",48,5,"xqoe8",51,5
"bbzr6",1,NA,2,"ne708",NA,2,"fulmu",NA,2
